ISO-10303-21;
HEADER;
/* Generated by software containing ST-Developer
 * from STEP Tools, Inc. (www.steptools.com) 
 */
/* OPTION: strings as raw bytes, not using required /X/ escapes */

FILE_DESCRIPTION(
/* description */ ('Unknown'),
/* implementation_level */ '2;1');

FILE_NAME(
/* name */ 'Base 3DP',
/* time_stamp */ '2026-04-15T17:47:56+01:00',
/* author */ ('Joe Mann'),
/* organization */ ('Unknown'),
/* preprocessor_version */ 'ST-DEVELOPER v20',
/* originating_system */ 'Solid Edge',
/* authorisation */ 'Unknown');

FILE_SCHEMA (('AUTOMOTIVE_DESIGN {1 0 10303 214 3 1 1}'));
ENDSEC;

DATA;
#10=PROPERTY_DEFINITION_REPRESENTATION(#14,#12);
#11=PROPERTY_DEFINITION_REPRESENTATION(#15,#13);
#12=REPRESENTATION('',(#16),#8039);
#13=REPRESENTATION('',(#17),#8039);
#14=PROPERTY_DEFINITION('pmi validation property','',#8044);
#15=PROPERTY_DEFINITION('pmi validation property','',#8044);
#16=VALUE_REPRESENTATION_ITEM('number of annotations',COUNT_MEASURE(0.));
#17=VALUE_REPRESENTATION_ITEM('number of views',COUNT_MEASURE(0.));
#18=SHAPE_REPRESENTATION_RELATIONSHIP('','',#4555,#19);
#19=ADVANCED_BREP_SHAPE_REPRESENTATION('',(#4553),#8039);
#20=B_SPLINE_SURFACE_WITH_KNOTS('',1,3,((#7729,#7730,#7731,#7732,#7733,
#7734),(#7735,#7736,#7737,#7738,#7739,#7740)),.RULED_SURF.,.F.,.F.,.F.,
(2,2),(4,2,4),(0.,1.),(0.0833562182231171,0.500000131087502,0.916644043951887),
 .UNSPECIFIED.);
#21=B_SPLINE_SURFACE_WITH_KNOTS('',1,3,((#7747,#7748,#7749,#7750,#7751,
#7752),(#7753,#7754,#7755,#7756,#7757,#7758)),.RULED_SURF.,.F.,.F.,.F.,
(2,2),(4,2,4),(0.,1.),(0.0833945282078366,0.500023983531013,0.916653438854189),
 .UNSPECIFIED.);
#22=B_SPLINE_SURFACE_WITH_KNOTS('',1,3,((#7976,#7977,#7978,#7979),(#7980,
#7981,#7982,#7983)),.RULED_SURF.,.F.,.F.,.F.,(2,2),(4,4),(0.,0.673192219608198),
(0.0722829795213963,0.927673207712652),.PIECEWISE_BEZIER_KNOTS.);
#23=B_SPLINE_SURFACE_WITH_KNOTS('',1,3,((#7988,#7989,#7990,#7991),(#7992,
#7993,#7994,#7995)),.RULED_SURF.,.F.,.F.,.F.,(2,2),(4,4),(0.,0.657569782016032),
(0.0652721182436457,0.932506339969759),.PIECEWISE_BEZIER_KNOTS.);
#24=B_SPLINE_SURFACE_WITH_KNOTS('',1,3,((#8000,#8001,#8002,#8003),(#8004,
#8005,#8006,#8007)),.RULED_SURF.,.F.,.F.,.F.,(2,2),(4,4),(0.,1.),(0.07269521914498,
0.925984760388086),.PIECEWISE_BEZIER_KNOTS.);
#25=ELLIPSE('',#4769,12.000032604798,12.);
#26=ELLIPSE('',#4771,13.0000300967427,13.);
#27=ELLIPSE('',#4773,11.0000254664746,11.);
#28=ELLIPSE('',#4774,12.0000233442727,12.);
#29=(
BOUNDED_SURFACE()
B_SPLINE_SURFACE(3,2,((#7159,#7160,#7161),(#7162,#7163,#7164),(#7165,#7166,
#7167),(#7168,#7169,#7170),(#7171,#7172,#7173)),.UNSPECIFIED.,.F.,.F.,.F.)
B_SPLINE_SURFACE_WITH_KNOTS((4,1,4),(3,3),(1.5651085083466,2.04193728826219,
2.51876606817779),(0.,1.),.UNSPECIFIED.)
GEOMETRIC_REPRESENTATION_ITEM()
RATIONAL_B_SPLINE_SURFACE(((1.,0.707102454035709,1.),(1.,0.707223372929881,
1.),(1.,0.707465363425514,1.),(1.,0.707653964252328,1.),(1.,0.707724439429071,
1.)))
REPRESENTATION_ITEM('')
SURFACE()
);
#30=(
BOUNDED_SURFACE()
B_SPLINE_SURFACE(3,2,((#7186,#7187,#7188),(#7189,#7190,#7191),(#7192,#7193,
#7194),(#7195,#7196,#7197),(#7198,#7199,#7200)),.UNSPECIFIED.,.F.,.F.,.F.)
B_SPLINE_SURFACE_WITH_KNOTS((4,1,4),(3,3),(4.71238898038469,5.18637385107614,
5.66035872176758),(0.,1.),.UNSPECIFIED.)
GEOMETRIC_REPRESENTATION_ITEM()
RATIONAL_B_SPLINE_SURFACE(((1.,0.707106781186548,1.),(1.,0.707226980118483,
1.),(1.,0.707467200703395,1.),(1.,0.707654384582897,1.),(1.,0.707724439429071,
1.)))
REPRESENTATION_ITEM('')
SURFACE()
);
#31=TOROIDAL_SURFACE('',#4688,13.,0.999999999999999);
#32=TOROIDAL_SURFACE('',#4692,11.,0.999999999999999);
#33=TOROIDAL_SURFACE('',#4698,11.,0.999999999999999);
#34=TOROIDAL_SURFACE('',#4702,13.,0.999999999999999);
#35=TOROIDAL_SURFACE('',#4705,13.,0.999999999999999);
#36=TOROIDAL_SURFACE('',#4709,11.,0.999999999999999);
#37=TOROIDAL_SURFACE('',#4715,11.,0.999999999999999);
#38=TOROIDAL_SURFACE('',#4719,13.,0.999999999999999);
#39=TOROIDAL_SURFACE('',#4752,13.,0.999999999999999);
#40=TOROIDAL_SURFACE('',#4756,11.,0.999999999999999);
#41=TOROIDAL_SURFACE('',#4762,11.,0.999999999999999);
#42=TOROIDAL_SURFACE('',#4766,13.,0.999999999999999);
#43=TOROIDAL_SURFACE('',#4777,11.,0.999999999999999);
#44=TOROIDAL_SURFACE('',#4781,13.,0.999999999999999);
#45=TOROIDAL_SURFACE('',#5107,4.,0.750000000000001);
#46=TOROIDAL_SURFACE('',#5114,4.,0.750000000000001);
#47=CONICAL_SURFACE('',#4623,3.47,0.785398163397448);
#48=CONICAL_SURFACE('',#4978,3.47,0.785398163397448);
#49=CONICAL_SURFACE('',#4979,3.47,0.785398163397448);
#50=CONICAL_SURFACE('',#4980,3.47,0.785398163397448);
#51=CONICAL_SURFACE('',#4981,3.47,0.785398163397448);
#52=CONICAL_SURFACE('',#4982,3.47,0.785398163397448);
#53=CONICAL_SURFACE('',#4983,13.,0.785398163397456);
#54=CONICAL_SURFACE('',#4984,4.,0.785398163397456);
#55=CONICAL_SURFACE('',#4986,13.,0.78539816339745);
#56=CONICAL_SURFACE('',#4987,13.,0.785398163397464);
#57=CONICAL_SURFACE('',#4989,4.,0.785398163397446);
#58=CONICAL_SURFACE('',#4990,13.,0.785398163397459);
#59=CONICAL_SURFACE('',#4993,13.,0.78539816339745);
#60=CONICAL_SURFACE('',#4994,12.,0.785398163397452);
#61=CONICAL_SURFACE('',#4995,4.,0.785398163397439);
#62=CONICAL_SURFACE('',#4996,12.,0.785398163397449);
#63=CONICAL_SURFACE('',#4997,13.,0.785398163397443);
#64=CONICAL_SURFACE('',#5000,13.,0.785398163397447);
#65=CONICAL_SURFACE('',#5001,12.,0.785398163397431);
#66=CONICAL_SURFACE('',#5002,4.,0.785398163397447);
#67=CONICAL_SURFACE('',#5003,12.,0.785398163397452);
#68=CONICAL_SURFACE('',#5004,13.,0.78539816339745);
#69=CONICAL_SURFACE('',#5007,12.,0.785398163397457);
#70=CONICAL_SURFACE('',#5008,12.,0.785398163397445);
#71=CONICAL_SURFACE('',#5009,12.,0.785398163397441);
#72=CONICAL_SURFACE('',#5010,12.,0.785398163397443);
#73=CONICAL_SURFACE('',#5013,13.,0.785398163397437);
#74=CONICAL_SURFACE('',#5014,12.,0.785398163397452);
#75=CONICAL_SURFACE('',#5015,4.,0.785398163397455);
#76=CONICAL_SURFACE('',#5016,12.,0.785398163397449);
#77=CONICAL_SURFACE('',#5017,13.,0.785398163397438);
#78=CONICAL_SURFACE('',#5019,12.,0.785398163397445);
#79=CONICAL_SURFACE('',#5020,12.,0.785398163397452);
#80=CONICAL_SURFACE('',#5022,12.,0.785398163397457);
#81=CONICAL_SURFACE('',#5023,12.,0.785398163397441);
#82=CONICAL_SURFACE('',#5072,3.50000000000001,0.785398163397442);
#83=CONICAL_SURFACE('',#5074,3.5,0.785398163397453);
#84=CONICAL_SURFACE('',#5075,8.50000000000001,0.785398163397454);
#85=CONICAL_SURFACE('',#5087,0.8,0.78539816339744);
#86=CONICAL_SURFACE('',#5090,0.799999999999989,0.785398163397466);
#87=CONICAL_SURFACE('',#5091,0.8,0.78539816339744);
#88=CONICAL_SURFACE('',#5094,0.799999999999989,0.785398163397466);
#89=CONICAL_SURFACE('',#5095,8.49999999999999,0.785398163397445);
#90=CONICAL_SURFACE('',#5096,3.5,0.785398163397446);
#91=CONICAL_SURFACE('',#5098,3.5,0.785398163397446);
#92=B_SPLINE_CURVE_WITH_KNOTS('',3,(#6679,#6680,#6681,#6682,#6683),
 .UNSPECIFIED.,.F.,.F.,(4,1,4),(0.,0.0025529309586498,0.00510586191729961),
 .UNSPECIFIED.);
#93=B_SPLINE_CURVE_WITH_KNOTS('',3,(#6687,#6688,#6689,#6690,#6691),
 .UNSPECIFIED.,.F.,.F.,(4,1,4),(0.,0.0025529309586498,0.0051058619172996),
 .UNSPECIFIED.);
#94=B_SPLINE_CURVE_WITH_KNOTS('',3,(#6817,#6818,#6819,#6820),
 .UNSPECIFIED.,.F.,.F.,(4,4),(0.,0.66917725098217),.UNSPECIFIED.);
#95=B_SPLINE_CURVE_WITH_KNOTS('',3,(#6822,#6823,#6824,#6825),
 .UNSPECIFIED.,.F.,.F.,(4,4),(0.,1.),.UNSPECIFIED.);
#96=B_SPLINE_CURVE_WITH_KNOTS('',3,(#6827,#6828,#6829,#6830),
 .UNSPECIFIED.,.F.,.F.,(4,4),(0.346356583032725,1.),.UNSPECIFIED.);
#97=B_SPLINE_CURVE_WITH_KNOTS('',3,(#6858,#6859,#6860,#6861,#6862,#6863,
#6864),.UNSPECIFIED.,.F.,.F.,(4,1,1,1,4),(0.,0.25,0.5,0.75,1.),
 .UNSPECIFIED.);
#98=B_SPLINE_CURVE_WITH_KNOTS('',3,(#6866,#6867,#6868,#6869,#6870,#6871,
#6872),.UNSPECIFIED.,.F.,.F.,(4,1,1,1,4),(0.,0.25,0.5,0.75,1.),
 .UNSPECIFIED.);
#99=B_SPLINE_CURVE_WITH_KNOTS('',3,(#6993,#6994,#6995,#6996,#6997),
 .UNSPECIFIED.,.F.,.F.,(4,1,4),(0.,0.0025529309586498,0.0051058619172996),
 .UNSPECIFIED.);
#100=B_SPLINE_CURVE_WITH_KNOTS('',3,(#7021,#7022,#7023,#7024,#7025),
 .UNSPECIFIED.,.F.,.F.,(4,1,4),(0.,0.0025529309586498,0.0051058619172996),
 .UNSPECIFIED.);
#101=B_SPLINE_CURVE_WITH_KNOTS('',3,(#7122,#7123,#7124,#7125,#7126),
 .UNSPECIFIED.,.F.,.F.,(4,1,4),(0.,0.00255293095864982,0.00510586191729963),
 .UNSPECIFIED.);
#102=B_SPLINE_CURVE_WITH_KNOTS('',3,(#7150,#7151,#7152,#7153,#7154),
 .UNSPECIFIED.,.F.,.F.,(4,1,4),(0.,0.00255293095864978,0.00510586191729955),
 .UNSPECIFIED.);
#103=B_SPLINE_CURVE_WITH_KNOTS('',3,(#7174,#7175,#7176,#7177,#7178),
 .UNSPECIFIED.,.F.,.F.,(4,1,4),(0.,0.00255293664912367,0.00510587329824733),
 .UNSPECIFIED.);
#104=B_SPLINE_CURVE_WITH_KNOTS('',3,(#7221,#7222,#7223,#7224,#7225),
 .UNSPECIFIED.,.F.,.F.,(4,1,4),(0.,0.00255293095864979,0.00510586191729958),
 .UNSPECIFIED.);
#105=B_SPLINE_CURVE_WITH_KNOTS('',3,(#7251,#7252,#7253,#7254,#7255),
 .UNSPECIFIED.,.F.,.F.,(4,1,4),(0.,0.5,1.),.UNSPECIFIED.);
#106=B_SPLINE_CURVE_WITH_KNOTS('',3,(#7273,#7274,#7275,#7276,#7277),
 .UNSPECIFIED.,.F.,.F.,(4,1,4),(0.,0.5,1.),.UNSPECIFIED.);
#107=B_SPLINE_CURVE_WITH_KNOTS('',3,(#7363,#7364,#7365,#7366),
 .UNSPECIFIED.,.F.,.F.,(4,4),(0.,0.00026606543640476),.UNSPECIFIED.);
#108=B_SPLINE_CURVE_WITH_KNOTS('',3,(#7372,#7373,#7374,#7375),
 .UNSPECIFIED.,.F.,.F.,(4,4),(0.,0.000266065436404743),.UNSPECIFIED.);
#109=B_SPLINE_CURVE_WITH_KNOTS('',3,(#7664,#7665,#7666,#7667),
 .UNSPECIFIED.,.F.,.F.,(4,4),(0.,0.653075633183442),.UNSPECIFIED.);
#110=B_SPLINE_CURVE_WITH_KNOTS('',3,(#7670,#7671,#7672,#7673),
 .UNSPECIFIED.,.F.,.F.,(4,4),(0.,0.999999652939682),.UNSPECIFIED.);
#111=B_SPLINE_CURVE_WITH_KNOTS('',3,(#7675,#7676,#7677,#7678),
 .UNSPECIFIED.,.F.,.F.,(4,4),(0.330876631135937,1.),.UNSPECIFIED.);
#112=B_SPLINE_CURVE_WITH_KNOTS('',3,(#7680,#7681,#7682,#7683),
 .UNSPECIFIED.,.F.,.F.,(4,4),(0.00114731979415307,0.0023167775672577),
 .UNSPECIFIED.);
#113=B_SPLINE_CURVE_WITH_KNOTS('',3,(#7687,#7688,#7689,#7690),
 .UNSPECIFIED.,.F.,.F.,(4,4),(0.00276054332955714,0.00436373510894172),
 .UNSPECIFIED.);
#114=B_SPLINE_CURVE_WITH_KNOTS('',3,(#7723,#7724,#7725,#7726),
 .UNSPECIFIED.,.F.,.F.,(4,4),(0.,0.999999421218172),.UNSPECIFIED.);
#115=B_SPLINE_CURVE_WITH_KNOTS('',3,(#7741,#7742,#7743,#7744),
 .UNSPECIFIED.,.F.,.F.,(4,4),(0.,0.999999751594611),.UNSPECIFIED.);
#116=B_SPLINE_CURVE_WITH_KNOTS('',3,(#7759,#7760,#7761,#7762),
 .UNSPECIFIED.,.F.,.F.,(4,4),(0.,1.),.UNSPECIFIED.);
#117=B_SPLINE_CURVE_WITH_KNOTS('',3,(#7814,#7815,#7816,#7817),
 .UNSPECIFIED.,.F.,.F.,(4,4),(0.,1.),.UNSPECIFIED.);
#118=B_SPLINE_CURVE_WITH_KNOTS('',3,(#7966,#7967,#7968,#7969),
 .UNSPECIFIED.,.F.,.F.,(4,4),(0.,1.),.UNSPECIFIED.);
#119=B_SPLINE_CURVE_WITH_KNOTS('',3,(#7984,#7985,#7986,#7987),
 .UNSPECIFIED.,.F.,.F.,(4,4),(7.90897018459368E-6,0.999897588045295),
 .UNSPECIFIED.);
#120=B_SPLINE_CURVE_WITH_KNOTS('',3,(#7996,#7997,#7998,#7999),
 .UNSPECIFIED.,.F.,.F.,(4,4),(0.000148395126409126,0.9999892249867),
 .UNSPECIFIED.);
#121=CYLINDRICAL_SURFACE('',#4591,3.);
#122=CYLINDRICAL_SURFACE('',#4594,3.);
#123=CYLINDRICAL_SURFACE('',#4600,2.);
#124=CYLINDRICAL_SURFACE('',#4671,1.6);
#125=CYLINDRICAL_SURFACE('',#4673,1.6);
#126=CYLINDRICAL_SURFACE('',#4676,1.6);
#127=CYLINDRICAL_SURFACE('',#4679,1.6);
#128=CYLINDRICAL_SURFACE('',#4682,1.6);
#129=CYLINDRICAL_SURFACE('',#4685,1.6);
#130=CYLINDRICAL_SURFACE('',#4696,0.999999999999999);
#131=CYLINDRICAL_SURFACE('',#4713,0.999999999999999);
#132=CYLINDRICAL_SURFACE('',#4722,12.);
#133=CYLINDRICAL_SURFACE('',#4724,12.);
#134=CYLINDRICAL_SURFACE('',#4726,12.);
#135=CYLINDRICAL_SURFACE('',#4728,12.);
#136=CYLINDRICAL_SURFACE('',#4730,12.);
#137=CYLINDRICAL_SURFACE('',#4732,12.);
#138=CYLINDRICAL_SURFACE('',#4734,12.);
#139=CYLINDRICAL_SURFACE('',#4736,12.);
#140=CYLINDRICAL_SURFACE('',#4738,4.);
#141=CYLINDRICAL_SURFACE('',#4743,4.);
#142=CYLINDRICAL_SURFACE('',#4760,0.999999999999999);
#143=CYLINDRICAL_SURFACE('',#4775,0.999999999999999);
#144=CYLINDRICAL_SURFACE('',#4784,12.);
#145=CYLINDRICAL_SURFACE('',#4786,12.);
#146=CYLINDRICAL_SURFACE('',#4788,12.);
#147=CYLINDRICAL_SURFACE('',#4790,12.);
#148=CYLINDRICAL_SURFACE('',#4791,12.);
#149=CYLINDRICAL_SURFACE('',#4793,12.);
#150=CYLINDRICAL_SURFACE('',#4795,12.);
#151=CYLINDRICAL_SURFACE('',#4797,12.);
#152=CYLINDRICAL_SURFACE('',#4798,4.);
#153=CYLINDRICAL_SURFACE('',#4803,4.);
#154=CYLINDRICAL_SURFACE('',#4812,8.5);
#155=CYLINDRICAL_SURFACE('',#4814,9.1);
#156=CYLINDRICAL_SURFACE('',#4816,0.75);
#157=CYLINDRICAL_SURFACE('',#4819,0.75);
#158=CYLINDRICAL_SURFACE('',#4822,2.);
#159=CYLINDRICAL_SURFACE('',#4825,2.);
#160=CYLINDRICAL_SURFACE('',#4828,0.75);
#161=CYLINDRICAL_SURFACE('',#4832,0.75);
#162=CYLINDRICAL_SURFACE('',#4835,1.99999999999999);
#163=CYLINDRICAL_SURFACE('',#4838,10.);
#164=CYLINDRICAL_SURFACE('',#4840,16.);
#165=CYLINDRICAL_SURFACE('',#4842,16.);
#166=CYLINDRICAL_SURFACE('',#4845,10.);
#167=CYLINDRICAL_SURFACE('',#4846,16.);
#168=CYLINDRICAL_SURFACE('',#4847,16.);
#169=CYLINDRICAL_SURFACE('',#4848,10.);
#170=CYLINDRICAL_SURFACE('',#4857,2.4);
#171=CYLINDRICAL_SURFACE('',#4859,7.199968698923);
#172=CYLINDRICAL_SURFACE('',#4862,7.199968698923);
#173=CYLINDRICAL_SURFACE('',#4865,7.199968698923);
#174=CYLINDRICAL_SURFACE('',#4868,7.199968698923);
#175=CYLINDRICAL_SURFACE('',#4870,1.65);
#176=CYLINDRICAL_SURFACE('',#4872,1.65);
#177=CYLINDRICAL_SURFACE('',#4874,1.65);
#178=CYLINDRICAL_SURFACE('',#4876,1.65);
#179=CYLINDRICAL_SURFACE('',#4878,2.4);
#180=CYLINDRICAL_SURFACE('',#4882,2.4);
#181=CYLINDRICAL_SURFACE('',#4886,2.4);
#182=CYLINDRICAL_SURFACE('',#4890,2.4);
#183=CYLINDRICAL_SURFACE('',#4894,13.);
#184=CYLINDRICAL_SURFACE('',#4897,13.);
#185=CYLINDRICAL_SURFACE('',#4900,13.);
#186=CYLINDRICAL_SURFACE('',#4903,13.);
#187=CYLINDRICAL_SURFACE('',#4906,13.);
#188=CYLINDRICAL_SURFACE('',#4909,13.);
#189=CYLINDRICAL_SURFACE('',#4912,13.);
#190=CYLINDRICAL_SURFACE('',#4915,13.);
#191=CYLINDRICAL_SURFACE('',#4918,13.);
#192=CYLINDRICAL_SURFACE('',#4921,13.);
#193=CYLINDRICAL_SURFACE('',#4924,4.);
#194=CYLINDRICAL_SURFACE('',#4927,4.);
#195=CYLINDRICAL_SURFACE('',#4930,4.);
#196=CYLINDRICAL_SURFACE('',#4933,4.);
#197=CYLINDRICAL_SURFACE('',#4936,4.);
#198=CYLINDRICAL_SURFACE('',#4948,10.);
#199=CYLINDRICAL_SURFACE('',#4974,2.15);
#200=CYLINDRICAL_SURFACE('',#4975,2.15);
#201=CYLINDRICAL_SURFACE('',#4976,2.15);
#202=CYLINDRICAL_SURFACE('',#4977,2.15);
#203=CYLINDRICAL_SURFACE('',#5024,1.6);
#204=CYLINDRICAL_SURFACE('',#5025,1.6);
#205=CYLINDRICAL_SURFACE('',#5026,1.6);
#206=CYLINDRICAL_SURFACE('',#5027,1.6);
#207=CYLINDRICAL_SURFACE('',#5028,0.999999999999997);
#208=CYLINDRICAL_SURFACE('',#5030,0.999999999999997);
#209=CYLINDRICAL_SURFACE('',#5032,0.999999999999997);
#210=CYLINDRICAL_SURFACE('',#5034,0.999999999999997);
#211=CYLINDRICAL_SURFACE('',#5045,1.);
#212=CYLINDRICAL_SURFACE('',#5046,1.);
#213=CYLINDRICAL_SURFACE('',#5047,4.);
#214=CYLINDRICAL_SURFACE('',#5048,4.);
#215=CYLINDRICAL_SURFACE('',#5057,1.);
#216=CYLINDRICAL_SURFACE('',#5058,1.);
#217=CYLINDRICAL_SURFACE('',#5059,4.);
#218=CYLINDRICAL_SURFACE('',#5060,4.);
#219=CYLINDRICAL_SURFACE('',#5062,2.4);
#220=CYLINDRICAL_SURFACE('',#5065,8.);
#221=CYLINDRICAL_SURFACE('',#5067,4.);
#222=CYLINDRICAL_SURFACE('',#5069,4.);
#223=CYLINDRICAL_SURFACE('',#5078,2.4);
#224=CYLINDRICAL_SURFACE('',#5081,7.99999999999999);
#225=CYLINDRICAL_SURFACE('',#5083,4.);
#226=CYLINDRICAL_SURFACE('',#5085,4.);
#227=CYLINDRICAL_SURFACE('',#5099,2.1);
#228=CYLINDRICAL_SURFACE('',#5100,2.1);
#229=CYLINDRICAL_SURFACE('',#5101,2.1);
#230=CYLINDRICAL_SURFACE('',#5102,2.1);
#231=CYLINDRICAL_SURFACE('',#5103,14.5);
#232=CYLINDRICAL_SURFACE('',#5104,11.5);
#233=CYLINDRICAL_SURFACE('',#5105,14.5);
#234=CYLINDRICAL_SURFACE('',#5106,11.5);
#235=CYLINDRICAL_SURFACE('',#5111,2.4);
#236=CYLINDRICAL_SURFACE('',#5118,2.4);
#237=LINE('',#6551,#533);
#238=LINE('',#6556,#534);
#239=LINE('',#6560,#535);
#240=LINE('',#6562,#536);
#241=LINE('',#6564,#537);
#242=LINE('',#6566,#538);
#243=LINE('',#6568,#539);
#244=LINE('',#6572,#540);
#245=LINE('',#6576,#541);
#246=LINE('',#6580,#542);
#247=LINE('',#6584,#543);
#248=LINE('',#6588,#544);
#249=LINE('',#6594,#545);
#250=LINE('',#6597,#546);
#251=LINE('',#6599,#547);
#252=LINE('',#6604,#548);
#253=LINE('',#6606,#549);
#254=LINE('',#6608,#550);
#255=LINE('',#6609,#551);
#256=LINE('',#6611,#552);
#257=LINE('',#6613,#553);
#258=LINE('',#6629,#554);
#259=LINE('',#6634,#555);
#260=LINE('',#6638,#556);
#261=LINE('',#6642,#557);
#262=LINE('',#6672,#558);
#263=LINE('',#6675,#559);
#264=LINE('',#6677,#560);
#265=LINE('',#6685,#561);
#266=LINE('',#6693,#562);
#267=LINE('',#6695,#563);
#268=LINE('',#6697,#564);
#269=LINE('',#6699,#565);
#270=LINE('',#6701,#566);
#271=LINE('',#6704,#567);
#272=LINE('',#6706,#568);
#273=LINE('',#6708,#569);
#274=LINE('',#6710,#570);
#275=LINE('',#6713,#571);
#276=LINE('',#6715,#572);
#277=LINE('',#6717,#573);
#278=LINE('',#6722,#574);
#279=LINE('',#6726,#575);
#280=LINE('',#6728,#576);
#281=LINE('',#6734,#577);
#282=LINE('',#6740,#578);
#283=LINE('',#6742,#579);
#284=LINE('',#6744,#580);
#285=LINE('',#6753,#581);
#286=LINE('',#6758,#582);
#287=LINE('',#6760,#583);
#288=LINE('',#6762,#584);
#289=LINE('',#6771,#585);
#290=LINE('',#6773,#586);
#291=LINE('',#6775,#587);
#292=LINE('',#6781,#588);
#293=LINE('',#6785,#589);
#294=LINE('',#6788,#590);
#295=LINE('',#6790,#591);
#296=LINE('',#6792,#592);
#297=LINE('',#6794,#593);
#298=LINE('',#6797,#594);
#299=LINE('',#6799,#595);
#300=LINE('',#6801,#596);
#301=LINE('',#6811,#597);
#302=LINE('',#6836,#598);
#303=LINE('',#6842,#599);
#304=LINE('',#6850,#600);
#305=LINE('',#6856,#601);
#306=LINE('',#6874,#602);
#307=LINE('',#6882,#603);
#308=LINE('',#6890,#604);
#309=LINE('',#6898,#605);
#310=LINE('',#6904,#606);
#311=LINE('',#6910,#607);
#312=LINE('',#6918,#608);
#313=LINE('',#6924,#609);
#314=LINE('',#6930,#610);
#315=LINE('',#6936,#611);
#316=LINE('',#6940,#612);
#317=LINE('',#7010,#613);
#318=LINE('',#7011,#614);
#319=LINE('',#7013,#615);
#320=LINE('',#7043,#616);
#321=LINE('',#7046,#617);
#322=LINE('',#7047,#618);
#323=LINE('',#7060,#619);
#324=LINE('',#7064,#620);
#325=LINE('',#7066,#621);
#326=LINE('',#7070,#622);
#327=LINE('',#7072,#623);
#328=LINE('',#7076,#624);
#329=LINE('',#7078,#625);
#330=LINE('',#7082,#626);
#331=LINE('',#7090,#627);
#332=LINE('',#7092,#628);
#333=LINE('',#7110,#629);
#334=LINE('',#7112,#630);
#335=LINE('',#7115,#631);
#336=LINE('',#7139,#632);
#337=LINE('',#7140,#633);
#338=LINE('',#7142,#634);
#339=LINE('',#7207,#635);
#340=LINE('',#7210,#636);
#341=LINE('',#7211,#637);
#342=LINE('',#7231,#638);
#343=LINE('',#7235,#639);
#344=LINE('',#7237,#640);
#345=LINE('',#7241,#641);
#346=LINE('',#7243,#642);
#347=LINE('',#7247,#643);
#348=LINE('',#7249,#644);
#349=LINE('',#7257,#645);
#350=LINE('',#7261,#646);
#351=LINE('',#7265,#647);
#352=LINE('',#7267,#648);
#353=LINE('',#7271,#649);
#354=LINE('',#7293,#650);
#355=LINE('',#7295,#651);
#356=LINE('',#7297,#652);
#357=LINE('',#7299,#653);
#358=LINE('',#7309,#654);
#359=LINE('',#7317,#655);
#360=LINE('',#7324,#656);
#361=LINE('',#7330,#657);
#362=LINE('',#7334,#658);
#363=LINE('',#7335,#659);
#364=LINE('',#7341,#660);
#365=LINE('',#7349,#661);
#366=LINE('',#7350,#662);
#367=LINE('',#7356,#663);
#368=LINE('',#7358,#664);
#369=LINE('',#7359,#665);
#370=LINE('',#7361,#666);
#371=LINE('',#7367,#667);
#372=LINE('',#7370,#668);
#373=LINE('',#7377,#669);
#374=LINE('',#7379,#670);
#375=LINE('',#7380,#671);
#376=LINE('',#7384,#672);
#377=LINE('',#7388,#673);
#378=LINE('',#7392,#674);
#379=LINE('',#7405,#675);
#380=LINE('',#7406,#676);
#381=LINE('',#7408,#677);
#382=LINE('',#7410,#678);
#383=LINE('',#7414,#679);
#384=LINE('',#7416,#680);
#385=LINE('',#7418,#681);
#386=LINE('',#7422,#682);
#387=LINE('',#7424,#683);
#388=LINE('',#7426,#684);
#389=LINE('',#7430,#685);
#390=LINE('',#7468,#686);
#391=LINE('',#7473,#687);
#392=LINE('',#7477,#688);
#393=LINE('',#7482,#689);
#394=LINE('',#7486,#690);
#395=LINE('',#7491,#691);
#396=LINE('',#7495,#692);
#397=LINE('',#7500,#693);
#398=LINE('',#7504,#694);
#399=LINE('',#7509,#695);
#400=LINE('',#7513,#696);
#401=LINE('',#7518,#697);
#402=LINE('',#7522,#698);
#403=LINE('',#7527,#699);
#404=LINE('',#7533,#700);
#405=LINE('',#7537,#701);
#406=LINE('',#7542,#702);
#407=LINE('',#7546,#703);
#408=LINE('',#7551,#704);
#409=LINE('',#7570,#705);
#410=LINE('',#7575,#706);
#411=LINE('',#7579,#707);
#412=LINE('',#7583,#708);
#413=LINE('',#7587,#709);
#414=LINE('',#7589,#710);
#415=LINE('',#7591,#711);
#416=LINE('',#7593,#712);
#417=LINE('',#7595,#713);
#418=LINE('',#7597,#714);
#419=LINE('',#7599,#715);
#420=LINE('',#7600,#716);
#421=LINE('',#7602,#717);
#422=LINE('',#7603,#718);
#423=LINE('',#7605,#719);
#424=LINE('',#7609,#720);
#425=LINE('',#7613,#721);
#426=LINE('',#7618,#722);
#427=LINE('',#7619,#723);
#428=LINE('',#7620,#724);
#429=LINE('',#7621,#725);
#430=LINE('',#7627,#726);
#431=LINE('',#7631,#727);
#432=LINE('',#7637,#728);
#433=LINE('',#7647,#729);
#434=LINE('',#7649,#730);
#435=LINE('',#7651,#731);
#436=LINE('',#7661,#732);
#437=LINE('',#7662,#733);
#438=LINE('',#7685,#734);
#439=LINE('',#7686,#735);
#440=LINE('',#7692,#736);
#441=LINE('',#7693,#737);
#442=LINE('',#7695,#738);
#443=LINE('',#7697,#739);
#444=LINE('',#7699,#740);
#445=LINE('',#7701,#741);
#446=LINE('',#7712,#742);
#447=LINE('',#7713,#743);
#448=LINE('',#7715,#744);
#449=LINE('',#7717,#745);
#450=LINE('',#7719,#746);
#451=LINE('',#7721,#747);
#452=LINE('',#7728,#748);
#453=LINE('',#7746,#749);
#454=LINE('',#7764,#750);
#455=LINE('',#7766,#751);
#456=LINE('',#7768,#752);
#457=LINE('',#7770,#753);
#458=LINE('',#7772,#754);
#459=LINE('',#7774,#755);
#460=LINE('',#7776,#756);
#461=LINE('',#7778,#757);
#462=LINE('',#7780,#758);
#463=LINE('',#7782,#759);
#464=LINE('',#7784,#760);
#465=LINE('',#7786,#761);
#466=LINE('',#7788,#762);
#467=LINE('',#7790,#763);
#468=LINE('',#7792,#764);
#469=LINE('',#7794,#765);
#470=LINE('',#7796,#766);
#471=LINE('',#7798,#767);
#472=LINE('',#7800,#768);
#473=LINE('',#7802,#769);
#474=LINE('',#7804,#770);
#475=LINE('',#7806,#771);
#476=LINE('',#7808,#772);
#477=LINE('',#7810,#773);
#478=LINE('',#7812,#774);
#479=LINE('',#7819,#775);
#480=LINE('',#7821,#776);
#481=LINE('',#7823,#777);
#482=LINE('',#7825,#778);
#483=LINE('',#7827,#779);
#484=LINE('',#7829,#780);
#485=LINE('',#7831,#781);
#486=LINE('',#7845,#782);
#487=LINE('',#7846,#783);
#488=LINE('',#7848,#784);
#489=LINE('',#7851,#785);
#490=LINE('',#7852,#786);
#491=LINE('',#7854,#787);
#492=LINE('',#7857,#788);
#493=LINE('',#7858,#789);
#494=LINE('',#7860,#790);
#495=LINE('',#7862,#791);
#496=LINE('',#7864,#792);
#497=LINE('',#7875,#793);
#498=LINE('',#7878,#794);
#499=LINE('',#7879,#795);
#500=LINE('',#7881,#796);
#501=LINE('',#7884,#797);
#502=LINE('',#7885,#798);
#503=LINE('',#7887,#799);
#504=LINE('',#7889,#800);
#505=LINE('',#7891,#801);
#506=LINE('',#7902,#802);
#507=LINE('',#7904,#803);
#508=LINE('',#7906,#804);
#509=LINE('',#7912,#805);
#510=LINE('',#7920,#806);
#511=LINE('',#7921,#807);
#512=LINE('',#7923,#808);
#513=LINE('',#7925,#809);
#514=LINE('',#7927,#810);
#515=LINE('',#7929,#811);
#516=LINE('',#7932,#812);
#517=LINE('',#7934,#813);
#518=LINE('',#7936,#814);
#519=LINE('',#7944,#815);
#520=LINE('',#7950,#816);
#521=LINE('',#7951,#817);
#522=LINE('',#7953,#818);
#523=LINE('',#7955,#819);
#524=LINE('',#7957,#820);
#525=LINE('',#7959,#821);
#526=LINE('',#7961,#822);
#527=LINE('',#7963,#823);
#528=LINE('',#7970,#824);
#529=LINE('',#7972,#825);
#530=LINE('',#7974,#826);
#531=LINE('',#8013,#827);
#532=LINE('',#8016,#828);
#533=VECTOR('',#5127,1000.);
#534=VECTOR('',#5130,1000.);
#535=VECTOR('',#5133,1000.);
#536=VECTOR('',#5134,1000.);
#537=VECTOR('',#5135,1000.);
#538=VECTOR('',#5136,1000.);
#539=VECTOR('',#5137,1000.);
#540=VECTOR('',#5140,1000.);
#541=VECTOR('',#5143,1000.);
#542=VECTOR('',#5146,1000.);
#543=VECTOR('',#5149,1000.);
#544=VECTOR('',#5152,1000.);
#545=VECTOR('',#5159,1000.);
#546=VECTOR('',#5160,1000.);
#547=VECTOR('',#5161,1000.);
#548=VECTOR('',#5166,1000.);
#549=VECTOR('',#5167,1000.);
#550=VECTOR('',#5168,1000.);
#551=VECTOR('',#5169,1000.);
#552=VECTOR('',#5170,1000.);
#553=VECTOR('',#5171,1000.);
#554=VECTOR('',#5188,1000.);
#555=VECTOR('',#5191,1000.);
#556=VECTOR('',#5194,1000.);
#557=VECTOR('',#5197,1000.);
#558=VECTOR('',#5230,1000.);
#559=VECTOR('',#5231,1000.);
#560=VECTOR('',#5232,1000.);
#561=VECTOR('',#5233,1000.);
#562=VECTOR('',#5234,1000.);
#563=VECTOR('',#5235,1000.);
#564=VECTOR('',#5236,1000.);
#565=VECTOR('',#5237,1000.);
#566=VECTOR('',#5240,1000.);
#567=VECTOR('',#5241,1000.);
#568=VECTOR('',#5242,1000.);
#569=VECTOR('',#5243,1000.);
#570=VECTOR('',#5246,1000.);
#571=VECTOR('',#5247,1000.);
#572=VECTOR('',#5248,1000.);
#573=VECTOR('',#5249,1000.);
#574=VECTOR('',#5254,1000.);
#575=VECTOR('',#5257,1000.);
#576=VECTOR('',#5260,1000.);
#577=VECTOR('',#5265,1000.);
#578=VECTOR('',#5270,1000.);
#579=VECTOR('',#5271,1000.);
#580=VECTOR('',#5272,1000.);
#581=VECTOR('',#5281,1000.);
#582=VECTOR('',#5286,1000.);
#583=VECTOR('',#5287,1000.);
#584=VECTOR('',#5288,1000.);
#585=VECTOR('',#5297,1000.);
#586=VECTOR('',#5298,1000.);
#587=VECTOR('',#5299,1000.);
#588=VECTOR('',#5304,1000.);
#589=VECTOR('',#5309,1000.);
#590=VECTOR('',#5310,1000.);
#591=VECTOR('',#5311,1000.);
#592=VECTOR('',#5312,1000.);
#593=VECTOR('',#5315,1000.);
#594=VECTOR('',#5316,1000.);
#595=VECTOR('',#5317,1000.);
#596=VECTOR('',#5318,1000.);
#597=VECTOR('',#5329,1000.);
#598=VECTOR('',#5338,1000.);
#599=VECTOR('',#5343,1000.);
#600=VECTOR('',#5350,1000.);
#601=VECTOR('',#5355,1000.);
#602=VECTOR('',#5356,1000.);
#603=VECTOR('',#5363,1000.);
#604=VECTOR('',#5370,1000.);
#605=VECTOR('',#5377,1000.);
#606=VECTOR('',#5382,1000.);
#607=VECTOR('',#5387,1000.);
#608=VECTOR('',#5394,1000.);
#609=VECTOR('',#5399,1000.);
#610=VECTOR('',#5404,1000.);
#611=VECTOR('',#5409,1000.);
#612=VECTOR('',#5412,1000.);
#613=VECTOR('',#5485,1000.);
#614=VECTOR('',#5486,1000.);
#615=VECTOR('',#5487,1000.);
#616=VECTOR('',#5520,1000.);
#617=VECTOR('',#5521,1000.);
#618=VECTOR('',#5522,1000.);
#619=VECTOR('',#5541,1000.);
#620=VECTOR('',#5544,1000.);
#621=VECTOR('',#5547,1000.);
#622=VECTOR('',#5550,1000.);
#623=VECTOR('',#5553,1000.);
#624=VECTOR('',#5556,1000.);
#625=VECTOR('',#5559,1000.);
#626=VECTOR('',#5562,1000.);
#627=VECTOR('',#5575,1000.);
#628=VECTOR('',#5578,1000.);
#629=VECTOR('',#5603,1000.);
#630=VECTOR('',#5606,1000.);
#631=VECTOR('',#5611,1000.);
#632=VECTOR('',#5632,1000.);
#633=VECTOR('',#5633,1000.);
#634=VECTOR('',#5634,1000.);
#635=VECTOR('',#5663,1000.);
#636=VECTOR('',#5664,1000.);
#637=VECTOR('',#5665,1000.);
#638=VECTOR('',#5684,1000.);
#639=VECTOR('',#5687,1000.);
#640=VECTOR('',#5690,1000.);
#641=VECTOR('',#5693,1000.);
#642=VECTOR('',#5696,1000.);
#643=VECTOR('',#5699,1000.);
#644=VECTOR('',#5702,1000.);
#645=VECTOR('',#5703,1000.);
#646=VECTOR('',#5708,1000.);
#647=VECTOR('',#5713,1000.);
#648=VECTOR('',#5716,1000.);
#649=VECTOR('',#5721,1000.);
#650=VECTOR('',#5744,1000.);
#651=VECTOR('',#5747,1000.);
#652=VECTOR('',#5750,1000.);
#653=VECTOR('',#5753,1000.);
#654=VECTOR('',#5766,1000.);
#655=VECTOR('',#5775,1000.);
#656=VECTOR('',#5786,1000.);
#657=VECTOR('',#5793,1000.);
#658=VECTOR('',#5798,1000.);
#659=VECTOR('',#5799,1000.);
#660=VECTOR('',#5806,1000.);
#661=VECTOR('',#5817,1000.);
#662=VECTOR('',#5818,1000.);
#663=VECTOR('',#5827,1000.);
#664=VECTOR('',#5830,1000.);
#665=VECTOR('',#5831,1000.);
#666=VECTOR('',#5834,1000.);
#667=VECTOR('',#5835,1000.);
#668=VECTOR('',#5840,1000.);
#669=VECTOR('',#5843,1000.);
#670=VECTOR('',#5846,1000.);
#671=VECTOR('',#5847,1000.);
#672=VECTOR('',#5852,1000.);
#673=VECTOR('',#5855,1000.);
#674=VECTOR('',#5858,1000.);
#675=VECTOR('',#5873,1000.);
#676=VECTOR('',#5874,1000.);
#677=VECTOR('',#5877,1000.);
#678=VECTOR('',#5878,1000.);
#679=VECTOR('',#5883,1000.);
#680=VECTOR('',#5886,1000.);
#681=VECTOR('',#5887,1000.);
#682=VECTOR('',#5892,1000.);
#683=VECTOR('',#5895,1000.);
#684=VECTOR('',#5896,1000.);
#685=VECTOR('',#5901,1000.);
#686=VECTOR('',#5952,1000.);
#687=VECTOR('',#5955,1000.);
#688=VECTOR('',#5960,1000.);
#689=VECTOR('',#5963,1000.);
#690=VECTOR('',#5968,1000.);
#691=VECTOR('',#5971,1000.);
#692=VECTOR('',#5976,1000.);
#693=VECTOR('',#5979,1000.);
#694=VECTOR('',#5984,1000.);
#695=VECTOR('',#5987,1000.);
#696=VECTOR('',#5992,1000.);
#697=VECTOR('',#5995,1000.);
#698=VECTOR('',#6000,1000.);
#699=VECTOR('',#6003,1000.);
#700=VECTOR('',#6010,1000.);
#701=VECTOR('',#6015,1000.);
#702=VECTOR('',#6018,1000.);
#703=VECTOR('',#6023,1000.);
#704=VECTOR('',#6026,1000.);
#705=VECTOR('',#6061,1000.);
#706=VECTOR('',#6064,1000.);
#707=VECTOR('',#6067,1000.);
#708=VECTOR('',#6070,1000.);
#709=VECTOR('',#6075,1000.);
#710=VECTOR('',#6076,1000.);
#711=VECTOR('',#6077,1000.);
#712=VECTOR('',#6080,1000.);
#713=VECTOR('',#6081,1000.);
#714=VECTOR('',#6082,1000.);
#715=VECTOR('',#6085,1000.);
#716=VECTOR('',#6086,1000.);
#717=VECTOR('',#6089,1000.);
#718=VECTOR('',#6090,1000.);
#719=VECTOR('',#6093,1000.);
#720=VECTOR('',#6098,1000.);
#721=VECTOR('',#6101,1000.);
#722=VECTOR('',#6106,1000.);
#723=VECTOR('',#6107,1000.);
#724=VECTOR('',#6108,1000.);
#725=VECTOR('',#6109,1000.);
#726=VECTOR('',#6114,1000.);
#727=VECTOR('',#6117,1000.);
#728=VECTOR('',#6124,1000.);
#729=VECTOR('',#6135,1000.);
#730=VECTOR('',#6136,1000.);
#731=VECTOR('',#6137,1000.);
#732=VECTOR('',#6148,1000.);
#733=VECTOR('',#6149,1000.);
#734=VECTOR('',#6152,1000.);
#735=VECTOR('',#6153,1000.);
#736=VECTOR('',#6156,1000.);
#737=VECTOR('',#6157,1000.);
#738=VECTOR('',#6160,1000.);
#739=VECTOR('',#6161,1000.);
#740=VECTOR('',#6162,1000.);
#741=VECTOR('',#6165,1000.);
#742=VECTOR('',#6186,1000.);
#743=VECTOR('',#6187,1000.);
#744=VECTOR('',#6190,1000.);
#745=VECTOR('',#6193,1000.);
#746=VECTOR('',#6196,1000.);
#747=VECTOR('',#6199,1000.);
#748=VECTOR('',#6204,1000.);
#749=VECTOR('',#6207,1000.);
#750=VECTOR('',#6210,1000.);
#751=VECTOR('',#6213,1000.);
#752=VECTOR('',#6216,1000.);
#753=VECTOR('',#6219,1000.);
#754=VECTOR('',#6222,1000.);
#755=VECTOR('',#6225,1000.);
#756=VECTOR('',#6228,1000.);
#757=VECTOR('',#6231,1000.);
#758=VECTOR('',#6234,1000.);
#759=VECTOR('',#6237,1000.);
#760=VECTOR('',#6240,1000.);
#761=VECTOR('',#6243,1000.);
#762=VECTOR('',#6246,1000.);
#763=VECTOR('',#6249,1000.);
#764=VECTOR('',#6252,1000.);
#765=VECTOR('',#6255,1000.);
#766=VECTOR('',#6258,1000.);
#767=VECTOR('',#6261,1000.);
#768=VECTOR('',#6264,1000.);
#769=VECTOR('',#6267,1000.);
#770=VECTOR('',#6270,1000.);
#771=VECTOR('',#6273,1000.);
#772=VECTOR('',#6276,1000.);
#773=VECTOR('',#6279,1000.);
#774=VECTOR('',#6282,1000.);
#775=VECTOR('',#6287,1000.);
#776=VECTOR('',#6290,1000.);
#777=VECTOR('',#6293,1000.);
#778=VECTOR('',#6296,1000.);
#779=VECTOR('',#6299,1000.);
#780=VECTOR('',#6302,1000.);
#781=VECTOR('',#6305,1000.);
#782=VECTOR('',#6332,1000.);
#783=VECTOR('',#6333,1000.);
#784=VECTOR('',#6336,1000.);
#785=VECTOR('',#6337,1000.);
#786=VECTOR('',#6338,1000.);
#787=VECTOR('',#6341,1000.);
#788=VECTOR('',#6342,1000.);
#789=VECTOR('',#6343,1000.);
#790=VECTOR('',#6346,1000.);
#791=VECTOR('',#6347,1000.);
#792=VECTOR('',#6348,1000.);
#793=VECTOR('',#6369,1000.);
#794=VECTOR('',#6370,1000.);
#795=VECTOR('',#6371,1000.);
#796=VECTOR('',#6374,1000.);
#797=VECTOR('',#6375,1000.);
#798=VECTOR('',#6376,1000.);
#799=VECTOR('',#6379,1000.);
#800=VECTOR('',#6380,1000.);
#801=VECTOR('',#6381,1000.);
#802=VECTOR('',#6402,1000.);
#803=VECTOR('',#6403,1000.);
#804=VECTOR('',#6404,1000.);
#805=VECTOR('',#6413,1000.);
#806=VECTOR('',#6426,1000.);
#807=VECTOR('',#6427,1000.);
#808=VECTOR('',#6430,1000.);
#809=VECTOR('',#6433,1000.);
#810=VECTOR('',#6436,1000.);
#811=VECTOR('',#6439,1000.);
#812=VECTOR('',#6444,1000.);
#813=VECTOR('',#6445,1000.);
#814=VECTOR('',#6446,1000.);
#815=VECTOR('',#6457,1000.);
#816=VECTOR('',#6468,1000.);
#817=VECTOR('',#6469,1000.);
#818=VECTOR('',#6472,1000.);
#819=VECTOR('',#6475,1000.);
#820=VECTOR('',#6478,1000.);
#821=VECTOR('',#6481,1000.);
#822=VECTOR('',#6484,1000.);
#823=VECTOR('',#6487,1000.);
#824=VECTOR('',#6492,1000.);
#825=VECTOR('',#6495,1000.);
#826=VECTOR('',#6498,1000.);
#827=VECTOR('',#6511,1000.);
#828=VECTOR('',#6516,1000.);
#829=ORIENTED_EDGE('',*,*,#2085,.F.);
#830=ORIENTED_EDGE('',*,*,#2086,.T.);
#831=ORIENTED_EDGE('',*,*,#2087,.T.);
#832=ORIENTED_EDGE('',*,*,#2088,.T.);
#833=ORIENTED_EDGE('',*,*,#2089,.T.);
#834=ORIENTED_EDGE('',*,*,#2090,.F.);
#835=ORIENTED_EDGE('',*,*,#2091,.F.);
#836=ORIENTED_EDGE('',*,*,#2092,.T.);
#837=ORIENTED_EDGE('',*,*,#2093,.T.);
#838=ORIENTED_EDGE('',*,*,#2094,.F.);
#839=ORIENTED_EDGE('',*,*,#2095,.T.);
#840=ORIENTED_EDGE('',*,*,#2096,.T.);
#841=ORIENTED_EDGE('',*,*,#2097,.T.);
#842=ORIENTED_EDGE('',*,*,#2098,.T.);
#843=ORIENTED_EDGE('',*,*,#2099,.T.);
#844=ORIENTED_EDGE('',*,*,#2100,.T.);
#845=ORIENTED_EDGE('',*,*,#2101,.T.);
#846=ORIENTED_EDGE('',*,*,#2102,.F.);
#847=ORIENTED_EDGE('',*,*,#2103,.T.);
#848=ORIENTED_EDGE('',*,*,#2104,.T.);
#849=ORIENTED_EDGE('',*,*,#2105,.T.);
#850=ORIENTED_EDGE('',*,*,#2106,.F.);
#851=ORIENTED_EDGE('',*,*,#2107,.T.);
#852=ORIENTED_EDGE('',*,*,#2108,.T.);
#853=ORIENTED_EDGE('',*,*,#2109,.T.);
#854=ORIENTED_EDGE('',*,*,#2110,.T.);
#855=ORIENTED_EDGE('',*,*,#2111,.T.);
#856=ORIENTED_EDGE('',*,*,#2090,.T.);
#857=ORIENTED_EDGE('',*,*,#2112,.T.);
#858=ORIENTED_EDGE('',*,*,#2113,.T.);
#859=ORIENTED_EDGE('',*,*,#2114,.T.);
#860=ORIENTED_EDGE('',*,*,#2102,.T.);
#861=ORIENTED_EDGE('',*,*,#2115,.T.);
#862=ORIENTED_EDGE('',*,*,#2116,.T.);
#863=ORIENTED_EDGE('',*,*,#2117,.T.);
#864=ORIENTED_EDGE('',*,*,#2094,.T.);
#865=ORIENTED_EDGE('',*,*,#2118,.T.);
#866=ORIENTED_EDGE('',*,*,#2119,.T.);
#867=ORIENTED_EDGE('',*,*,#2120,.F.);
#868=ORIENTED_EDGE('',*,*,#2121,.F.);
#869=ORIENTED_EDGE('',*,*,#2122,.F.);
#870=ORIENTED_EDGE('',*,*,#2123,.F.);
#871=ORIENTED_EDGE('',*,*,#2124,.F.);
#872=ORIENTED_EDGE('',*,*,#2125,.F.);
#873=ORIENTED_EDGE('',*,*,#2126,.T.);
#874=ORIENTED_EDGE('',*,*,#2127,.T.);
#875=ORIENTED_EDGE('',*,*,#2128,.T.);
#876=ORIENTED_EDGE('',*,*,#2129,.T.);
#877=ORIENTED_EDGE('',*,*,#2130,.T.);
#878=ORIENTED_EDGE('',*,*,#2131,.T.);
#879=ORIENTED_EDGE('',*,*,#2132,.T.);
#880=ORIENTED_EDGE('',*,*,#2133,.T.);
#881=ORIENTED_EDGE('',*,*,#2134,.F.);
#882=ORIENTED_EDGE('',*,*,#2135,.F.);
#883=ORIENTED_EDGE('',*,*,#2136,.F.);
#884=ORIENTED_EDGE('',*,*,#2137,.F.);
#885=ORIENTED_EDGE('',*,*,#2138,.F.);
#886=ORIENTED_EDGE('',*,*,#2139,.F.);
#887=ORIENTED_EDGE('',*,*,#2140,.F.);
#888=ORIENTED_EDGE('',*,*,#2141,.F.);
#889=ORIENTED_EDGE('',*,*,#2142,.T.);
#890=ORIENTED_EDGE('',*,*,#2143,.T.);
#891=ORIENTED_EDGE('',*,*,#2144,.T.);
#892=ORIENTED_EDGE('',*,*,#2145,.T.);
#893=ORIENTED_EDGE('',*,*,#2146,.T.);
#894=ORIENTED_EDGE('',*,*,#2147,.T.);
#895=ORIENTED_EDGE('',*,*,#2148,.T.);
#896=ORIENTED_EDGE('',*,*,#2149,.T.);
#897=ORIENTED_EDGE('',*,*,#2150,.F.);
#898=ORIENTED_EDGE('',*,*,#2151,.T.);
#899=ORIENTED_EDGE('',*,*,#2152,.T.);
#900=ORIENTED_EDGE('',*,*,#2153,.T.);
#901=ORIENTED_EDGE('',*,*,#2154,.T.);
#902=ORIENTED_EDGE('',*,*,#2155,.T.);
#903=ORIENTED_EDGE('',*,*,#2156,.F.);
#904=ORIENTED_EDGE('',*,*,#2157,.F.);
#905=ORIENTED_EDGE('',*,*,#2158,.F.);
#906=ORIENTED_EDGE('',*,*,#2159,.T.);
#907=ORIENTED_EDGE('',*,*,#2160,.F.);
#908=ORIENTED_EDGE('',*,*,#2161,.F.);
#909=ORIENTED_EDGE('',*,*,#2162,.F.);
#910=ORIENTED_EDGE('',*,*,#2163,.F.);
#911=ORIENTED_EDGE('',*,*,#2164,.F.);
#912=ORIENTED_EDGE('',*,*,#2165,.F.);
#913=ORIENTED_EDGE('',*,*,#2166,.F.);
#914=ORIENTED_EDGE('',*,*,#2167,.F.);
#915=ORIENTED_EDGE('',*,*,#2168,.F.);
#916=ORIENTED_EDGE('',*,*,#2169,.T.);
#917=ORIENTED_EDGE('',*,*,#2170,.T.);
#918=ORIENTED_EDGE('',*,*,#2171,.T.);
#919=ORIENTED_EDGE('',*,*,#2172,.T.);
#920=ORIENTED_EDGE('',*,*,#2173,.T.);
#921=ORIENTED_EDGE('',*,*,#2174,.F.);
#922=ORIENTED_EDGE('',*,*,#2175,.T.);
#923=ORIENTED_EDGE('',*,*,#2176,.T.);
#924=ORIENTED_EDGE('',*,*,#2177,.T.);
#925=ORIENTED_EDGE('',*,*,#2178,.T.);
#926=ORIENTED_EDGE('',*,*,#2158,.T.);
#927=ORIENTED_EDGE('',*,*,#2179,.T.);
#928=ORIENTED_EDGE('',*,*,#2180,.T.);
#929=ORIENTED_EDGE('',*,*,#2181,.T.);
#930=ORIENTED_EDGE('',*,*,#2165,.T.);
#931=ORIENTED_EDGE('',*,*,#2182,.T.);
#932=ORIENTED_EDGE('',*,*,#2183,.F.);
#933=ORIENTED_EDGE('',*,*,#2184,.T.);
#934=ORIENTED_EDGE('',*,*,#2185,.F.);
#935=ORIENTED_EDGE('',*,*,#2186,.F.);
#936=ORIENTED_EDGE('',*,*,#2187,.F.);
#937=ORIENTED_EDGE('',*,*,#2092,.F.);
#938=ORIENTED_EDGE('',*,*,#2188,.F.);
#939=ORIENTED_EDGE('',*,*,#2189,.F.);
#940=ORIENTED_EDGE('',*,*,#2190,.F.);
#941=ORIENTED_EDGE('',*,*,#2191,.T.);
#942=ORIENTED_EDGE('',*,*,#2192,.F.);
#943=ORIENTED_EDGE('',*,*,#2193,.T.);
#944=ORIENTED_EDGE('',*,*,#2194,.T.);
#945=ORIENTED_EDGE('',*,*,#2195,.F.);
#946=ORIENTED_EDGE('',*,*,#2196,.T.);
#947=ORIENTED_EDGE('',*,*,#2197,.T.);
#948=ORIENTED_EDGE('',*,*,#2198,.F.);
#949=ORIENTED_EDGE('',*,*,#2199,.T.);
#950=ORIENTED_EDGE('',*,*,#2200,.F.);
#951=ORIENTED_EDGE('',*,*,#2201,.F.);
#952=ORIENTED_EDGE('',*,*,#2202,.T.);
#953=ORIENTED_EDGE('',*,*,#2203,.T.);
#954=ORIENTED_EDGE('',*,*,#2204,.T.);
#955=ORIENTED_EDGE('',*,*,#2205,.F.);
#956=ORIENTED_EDGE('',*,*,#2206,.T.);
#957=ORIENTED_EDGE('',*,*,#2207,.T.);
#958=ORIENTED_EDGE('',*,*,#2208,.T.);
#959=ORIENTED_EDGE('',*,*,#2209,.T.);
#960=ORIENTED_EDGE('',*,*,#2210,.T.);
#961=ORIENTED_EDGE('',*,*,#2211,.T.);
#962=ORIENTED_EDGE('',*,*,#2212,.T.);
#963=ORIENTED_EDGE('',*,*,#2213,.T.);
#964=ORIENTED_EDGE('',*,*,#2214,.T.);
#965=ORIENTED_EDGE('',*,*,#2215,.T.);
#966=ORIENTED_EDGE('',*,*,#2216,.T.);
#967=ORIENTED_EDGE('',*,*,#2217,.T.);
#968=ORIENTED_EDGE('',*,*,#2218,.T.);
#969=ORIENTED_EDGE('',*,*,#2219,.T.);
#970=ORIENTED_EDGE('',*,*,#2220,.T.);
#971=ORIENTED_EDGE('',*,*,#2221,.T.);
#972=ORIENTED_EDGE('',*,*,#2222,.T.);
#973=ORIENTED_EDGE('',*,*,#2223,.T.);
#974=ORIENTED_EDGE('',*,*,#2224,.T.);
#975=ORIENTED_EDGE('',*,*,#2225,.T.);
#976=ORIENTED_EDGE('',*,*,#2226,.T.);
#977=ORIENTED_EDGE('',*,*,#2227,.T.);
#978=ORIENTED_EDGE('',*,*,#2228,.T.);
#979=ORIENTED_EDGE('',*,*,#2229,.T.);
#980=ORIENTED_EDGE('',*,*,#2230,.T.);
#981=ORIENTED_EDGE('',*,*,#2231,.T.);
#982=ORIENTED_EDGE('',*,*,#2232,.T.);
#983=ORIENTED_EDGE('',*,*,#2233,.T.);
#984=ORIENTED_EDGE('',*,*,#2234,.T.);
#985=ORIENTED_EDGE('',*,*,#2235,.T.);
#986=ORIENTED_EDGE('',*,*,#2236,.T.);
#987=ORIENTED_EDGE('',*,*,#2237,.T.);
#988=ORIENTED_EDGE('',*,*,#2238,.T.);
#989=ORIENTED_EDGE('',*,*,#2239,.T.);
#990=ORIENTED_EDGE('',*,*,#2240,.T.);
#991=ORIENTED_EDGE('',*,*,#2241,.T.);
#992=ORIENTED_EDGE('',*,*,#2242,.T.);
#993=ORIENTED_EDGE('',*,*,#2243,.T.);
#994=ORIENTED_EDGE('',*,*,#2244,.T.);
#995=ORIENTED_EDGE('',*,*,#2245,.T.);
#996=ORIENTED_EDGE('',*,*,#2246,.T.);
#997=ORIENTED_EDGE('',*,*,#2247,.T.);
#998=ORIENTED_EDGE('',*,*,#2248,.T.);
#999=ORIENTED_EDGE('',*,*,#2249,.T.);
#1000=ORIENTED_EDGE('',*,*,#2250,.T.);
#1001=ORIENTED_EDGE('',*,*,#2251,.T.);
#1002=ORIENTED_EDGE('',*,*,#2252,.T.);
#1003=ORIENTED_EDGE('',*,*,#2253,.T.);
#1004=ORIENTED_EDGE('',*,*,#2254,.T.);
#1005=ORIENTED_EDGE('',*,*,#2255,.T.);
#1006=ORIENTED_EDGE('',*,*,#2256,.T.);
#1007=ORIENTED_EDGE('',*,*,#2257,.T.);
#1008=ORIENTED_EDGE('',*,*,#2258,.T.);
#1009=ORIENTED_EDGE('',*,*,#2259,.T.);
#1010=ORIENTED_EDGE('',*,*,#2260,.T.);
#1011=ORIENTED_EDGE('',*,*,#2261,.T.);
#1012=ORIENTED_EDGE('',*,*,#2262,.T.);
#1013=ORIENTED_EDGE('',*,*,#2206,.F.);
#1014=ORIENTED_EDGE('',*,*,#2263,.F.);
#1015=ORIENTED_EDGE('',*,*,#2264,.F.);
#1016=ORIENTED_EDGE('',*,*,#2265,.F.);
#1017=ORIENTED_EDGE('',*,*,#2266,.F.);
#1018=ORIENTED_EDGE('',*,*,#2267,.T.);
#1019=ORIENTED_EDGE('',*,*,#2268,.T.);
#1020=ORIENTED_EDGE('',*,*,#2269,.T.);
#1021=ORIENTED_EDGE('',*,*,#2270,.T.);
#1022=ORIENTED_EDGE('',*,*,#2271,.T.);
#1023=ORIENTED_EDGE('',*,*,#2205,.T.);
#1024=ORIENTED_EDGE('',*,*,#2272,.T.);
#1025=ORIENTED_EDGE('',*,*,#2273,.T.);
#1026=ORIENTED_EDGE('',*,*,#2274,.T.);
#1027=ORIENTED_EDGE('',*,*,#2275,.T.);
#1028=ORIENTED_EDGE('',*,*,#2276,.T.);
#1029=ORIENTED_EDGE('',*,*,#2277,.T.);
#1030=ORIENTED_EDGE('',*,*,#2278,.T.);
#1031=ORIENTED_EDGE('',*,*,#2279,.T.);
#1032=ORIENTED_EDGE('',*,*,#2280,.T.);
#1033=ORIENTED_EDGE('',*,*,#2281,.T.);
#1034=ORIENTED_EDGE('',*,*,#2282,.T.);
#1035=ORIENTED_EDGE('',*,*,#2283,.T.);
#1036=ORIENTED_EDGE('',*,*,#2284,.F.);
#1037=ORIENTED_EDGE('',*,*,#2285,.F.);
#1038=ORIENTED_EDGE('',*,*,#2286,.F.);
#1039=ORIENTED_EDGE('',*,*,#2287,.T.);
#1040=ORIENTED_EDGE('',*,*,#2288,.F.);
#1041=ORIENTED_EDGE('',*,*,#2283,.F.);
#1042=ORIENTED_EDGE('',*,*,#2289,.F.);
#1043=ORIENTED_EDGE('',*,*,#2290,.T.);
#1044=ORIENTED_EDGE('',*,*,#2291,.F.);
#1045=ORIENTED_EDGE('',*,*,#2287,.F.);
#1046=ORIENTED_EDGE('',*,*,#2292,.F.);
#1047=ORIENTED_EDGE('',*,*,#2293,.F.);
#1048=ORIENTED_EDGE('',*,*,#2294,.T.);
#1049=ORIENTED_EDGE('',*,*,#2295,.F.);
#1050=ORIENTED_EDGE('',*,*,#2290,.F.);
#1051=ORIENTED_EDGE('',*,*,#2296,.F.);
#1052=ORIENTED_EDGE('',*,*,#2297,.F.);
#1053=ORIENTED_EDGE('',*,*,#2298,.F.);
#1054=ORIENTED_EDGE('',*,*,#2294,.F.);
#1055=ORIENTED_EDGE('',*,*,#2299,.F.);
#1056=ORIENTED_EDGE('',*,*,#2149,.F.);
#1057=ORIENTED_EDGE('',*,*,#2300,.F.);
#1058=ORIENTED_EDGE('',*,*,#2301,.T.);
#1059=ORIENTED_EDGE('',*,*,#2302,.F.);
#1060=ORIENTED_EDGE('',*,*,#2303,.T.);
#1061=ORIENTED_EDGE('',*,*,#2304,.F.);
#1062=ORIENTED_EDGE('',*,*,#2301,.F.);
#1063=ORIENTED_EDGE('',*,*,#2305,.F.);
#1064=ORIENTED_EDGE('',*,*,#2306,.F.);
#1065=ORIENTED_EDGE('',*,*,#2307,.F.);
#1066=ORIENTED_EDGE('',*,*,#2303,.F.);
#1067=ORIENTED_EDGE('',*,*,#2308,.F.);
#1068=ORIENTED_EDGE('',*,*,#2309,.T.);
#1069=ORIENTED_EDGE('',*,*,#2310,.T.);
#1070=ORIENTED_EDGE('',*,*,#2311,.F.);
#1071=ORIENTED_EDGE('',*,*,#2309,.F.);
#1072=ORIENTED_EDGE('',*,*,#2312,.F.);
#1073=ORIENTED_EDGE('',*,*,#2151,.F.);
#1074=ORIENTED_EDGE('',*,*,#2313,.F.);
#1075=ORIENTED_EDGE('',*,*,#2310,.F.);
#1076=ORIENTED_EDGE('',*,*,#2314,.F.);
#1077=ORIENTED_EDGE('',*,*,#2315,.F.);
#1078=ORIENTED_EDGE('',*,*,#2316,.T.);
#1079=ORIENTED_EDGE('',*,*,#2317,.F.);
#1080=ORIENTED_EDGE('',*,*,#2305,.T.);
#1081=ORIENTED_EDGE('',*,*,#2318,.F.);
#1082=ORIENTED_EDGE('',*,*,#2319,.T.);
#1083=ORIENTED_EDGE('',*,*,#2320,.F.);
#1084=ORIENTED_EDGE('',*,*,#2312,.T.);
#1085=ORIENTED_EDGE('',*,*,#2321,.F.);
#1086=ORIENTED_EDGE('',*,*,#2322,.T.);
#1087=ORIENTED_EDGE('',*,*,#2323,.F.);
#1088=ORIENTED_EDGE('',*,*,#2295,.T.);
#1089=ORIENTED_EDGE('',*,*,#2324,.F.);
#1090=ORIENTED_EDGE('',*,*,#2325,.T.);
#1091=ORIENTED_EDGE('',*,*,#2326,.F.);
#1092=ORIENTED_EDGE('',*,*,#2288,.T.);
#1093=ORIENTED_EDGE('',*,*,#2148,.F.);
#1094=ORIENTED_EDGE('',*,*,#2327,.T.);
#1095=ORIENTED_EDGE('',*,*,#2315,.T.);
#1096=ORIENTED_EDGE('',*,*,#2300,.T.);
#1097=ORIENTED_EDGE('',*,*,#2320,.T.);
#1098=ORIENTED_EDGE('',*,*,#2328,.T.);
#1099=ORIENTED_EDGE('',*,*,#2152,.F.);
#1100=ORIENTED_EDGE('',*,*,#2314,.T.);
#1101=ORIENTED_EDGE('',*,*,#2326,.T.);
#1102=ORIENTED_EDGE('',*,*,#2329,.T.);
#1103=ORIENTED_EDGE('',*,*,#2330,.F.);
#1104=ORIENTED_EDGE('',*,*,#2284,.T.);
#1105=ORIENTED_EDGE('',*,*,#2331,.F.);
#1106=ORIENTED_EDGE('',*,*,#2332,.T.);
#1107=ORIENTED_EDGE('',*,*,#2321,.T.);
#1108=ORIENTED_EDGE('',*,*,#2298,.T.);
#1109=ORIENTED_EDGE('',*,*,#2333,.F.);
#1110=ORIENTED_EDGE('',*,*,#2334,.F.);
#1111=ORIENTED_EDGE('',*,*,#2333,.T.);
#1112=ORIENTED_EDGE('',*,*,#2335,.F.);
#1113=ORIENTED_EDGE('',*,*,#2336,.F.);
#1114=ORIENTED_EDGE('',*,*,#2337,.F.);
#1115=ORIENTED_EDGE('',*,*,#2336,.T.);
#1116=ORIENTED_EDGE('',*,*,#2338,.F.);
#1117=ORIENTED_EDGE('',*,*,#2289,.T.);
#1118=ORIENTED_EDGE('',*,*,#2286,.T.);
#1119=ORIENTED_EDGE('',*,*,#2339,.T.);
#1120=ORIENTED_EDGE('',*,*,#2299,.T.);
#1121=ORIENTED_EDGE('',*,*,#2296,.T.);
#1122=ORIENTED_EDGE('',*,*,#2293,.T.);
#1123=ORIENTED_EDGE('',*,*,#2334,.T.);
#1124=ORIENTED_EDGE('',*,*,#2292,.T.);
#1125=ORIENTED_EDGE('',*,*,#2323,.T.);
#1126=ORIENTED_EDGE('',*,*,#2340,.T.);
#1127=ORIENTED_EDGE('',*,*,#2324,.T.);
#1128=ORIENTED_EDGE('',*,*,#2291,.T.);
#1129=ORIENTED_EDGE('',*,*,#2150,.T.);
#1130=ORIENTED_EDGE('',*,*,#2302,.T.);
#1131=ORIENTED_EDGE('',*,*,#2304,.T.);
#1132=ORIENTED_EDGE('',*,*,#2307,.T.);
#1133=ORIENTED_EDGE('',*,*,#2337,.T.);
#1134=ORIENTED_EDGE('',*,*,#2306,.T.);
#1135=ORIENTED_EDGE('',*,*,#2311,.T.);
#1136=ORIENTED_EDGE('',*,*,#2313,.T.);
#1137=ORIENTED_EDGE('',*,*,#2317,.T.);
#1138=ORIENTED_EDGE('',*,*,#2341,.T.);
#1139=ORIENTED_EDGE('',*,*,#2318,.T.);
#1140=ORIENTED_EDGE('',*,*,#2308,.T.);
#1141=ORIENTED_EDGE('',*,*,#2342,.T.);
#1142=ORIENTED_EDGE('',*,*,#2343,.F.);
#1143=ORIENTED_EDGE('',*,*,#2344,.F.);
#1144=ORIENTED_EDGE('',*,*,#2345,.F.);
#1145=ORIENTED_EDGE('',*,*,#2346,.T.);
#1146=ORIENTED_EDGE('',*,*,#2347,.F.);
#1147=ORIENTED_EDGE('',*,*,#2342,.F.);
#1148=ORIENTED_EDGE('',*,*,#2348,.F.);
#1149=ORIENTED_EDGE('',*,*,#2349,.T.);
#1150=ORIENTED_EDGE('',*,*,#2350,.F.);
#1151=ORIENTED_EDGE('',*,*,#2346,.F.);
#1152=ORIENTED_EDGE('',*,*,#2351,.F.);
#1153=ORIENTED_EDGE('',*,*,#2352,.F.);
#1154=ORIENTED_EDGE('',*,*,#2353,.T.);
#1155=ORIENTED_EDGE('',*,*,#2354,.F.);
#1156=ORIENTED_EDGE('',*,*,#2349,.F.);
#1157=ORIENTED_EDGE('',*,*,#2355,.F.);
#1158=ORIENTED_EDGE('',*,*,#2356,.F.);
#1159=ORIENTED_EDGE('',*,*,#2357,.F.);
#1160=ORIENTED_EDGE('',*,*,#2353,.F.);
#1161=ORIENTED_EDGE('',*,*,#2358,.F.);
#1162=ORIENTED_EDGE('',*,*,#2359,.F.);
#1163=ORIENTED_EDGE('',*,*,#2360,.F.);
#1164=ORIENTED_EDGE('',*,*,#2361,.T.);
#1165=ORIENTED_EDGE('',*,*,#2362,.F.);
#1166=ORIENTED_EDGE('',*,*,#2363,.T.);
#1167=ORIENTED_EDGE('',*,*,#2364,.F.);
#1168=ORIENTED_EDGE('',*,*,#2361,.F.);
#1169=ORIENTED_EDGE('',*,*,#2365,.F.);
#1170=ORIENTED_EDGE('',*,*,#2366,.F.);
#1171=ORIENTED_EDGE('',*,*,#2367,.F.);
#1172=ORIENTED_EDGE('',*,*,#2363,.F.);
#1173=ORIENTED_EDGE('',*,*,#2368,.F.);
#1174=ORIENTED_EDGE('',*,*,#2369,.T.);
#1175=ORIENTED_EDGE('',*,*,#2370,.T.);
#1176=ORIENTED_EDGE('',*,*,#2371,.F.);
#1177=ORIENTED_EDGE('',*,*,#2369,.F.);
#1178=ORIENTED_EDGE('',*,*,#2372,.F.);
#1179=ORIENTED_EDGE('',*,*,#2373,.F.);
#1180=ORIENTED_EDGE('',*,*,#2374,.F.);
#1181=ORIENTED_EDGE('',*,*,#2370,.F.);
#1182=ORIENTED_EDGE('',*,*,#2375,.F.);
#1183=ORIENTED_EDGE('',*,*,#2376,.F.);
#1184=ORIENTED_EDGE('',*,*,#2377,.T.);
#1185=ORIENTED_EDGE('',*,*,#2378,.F.);
#1186=ORIENTED_EDGE('',*,*,#2372,.T.);
#1187=ORIENTED_EDGE('',*,*,#2379,.F.);
#1188=ORIENTED_EDGE('',*,*,#2380,.T.);
#1189=ORIENTED_EDGE('',*,*,#2381,.F.);
#1190=ORIENTED_EDGE('',*,*,#2354,.T.);
#1191=ORIENTED_EDGE('',*,*,#2382,.F.);
#1192=ORIENTED_EDGE('',*,*,#2383,.T.);
#1193=ORIENTED_EDGE('',*,*,#2384,.F.);
#1194=ORIENTED_EDGE('',*,*,#2347,.T.);
#1195=ORIENTED_EDGE('',*,*,#2385,.F.);
#1196=ORIENTED_EDGE('',*,*,#2386,.T.);
#1197=ORIENTED_EDGE('',*,*,#2387,.F.);
#1198=ORIENTED_EDGE('',*,*,#2365,.T.);
#1199=ORIENTED_EDGE('',*,*,#2378,.T.);
#1200=ORIENTED_EDGE('',*,*,#2388,.T.);
#1201=ORIENTED_EDGE('',*,*,#2389,.F.);
#1202=ORIENTED_EDGE('',*,*,#2375,.T.);
#1203=ORIENTED_EDGE('',*,*,#2384,.T.);
#1204=ORIENTED_EDGE('',*,*,#2390,.T.);
#1205=ORIENTED_EDGE('',*,*,#2391,.F.);
#1206=ORIENTED_EDGE('',*,*,#2343,.T.);
#1207=ORIENTED_EDGE('',*,*,#2392,.F.);
#1208=ORIENTED_EDGE('',*,*,#2393,.T.);
#1209=ORIENTED_EDGE('',*,*,#2379,.T.);
#1210=ORIENTED_EDGE('',*,*,#2357,.T.);
#1211=ORIENTED_EDGE('',*,*,#2394,.F.);
#1212=ORIENTED_EDGE('',*,*,#2395,.T.);
#1213=ORIENTED_EDGE('',*,*,#2385,.T.);
#1214=ORIENTED_EDGE('',*,*,#2360,.T.);
#1215=ORIENTED_EDGE('',*,*,#2396,.F.);
#1216=ORIENTED_EDGE('',*,*,#2397,.F.);
#1217=ORIENTED_EDGE('',*,*,#2396,.T.);
#1218=ORIENTED_EDGE('',*,*,#2398,.F.);
#1219=ORIENTED_EDGE('',*,*,#2399,.F.);
#1220=ORIENTED_EDGE('',*,*,#2400,.F.);
#1221=ORIENTED_EDGE('',*,*,#2399,.T.);
#1222=ORIENTED_EDGE('',*,*,#2401,.F.);
#1223=ORIENTED_EDGE('',*,*,#2348,.T.);
#1224=ORIENTED_EDGE('',*,*,#2345,.T.);
#1225=ORIENTED_EDGE('',*,*,#2402,.F.);
#1226=ORIENTED_EDGE('',*,*,#2358,.T.);
#1227=ORIENTED_EDGE('',*,*,#2355,.T.);
#1228=ORIENTED_EDGE('',*,*,#2352,.T.);
#1229=ORIENTED_EDGE('',*,*,#2400,.T.);
#1230=ORIENTED_EDGE('',*,*,#2351,.T.);
#1231=ORIENTED_EDGE('',*,*,#2381,.T.);
#1232=ORIENTED_EDGE('',*,*,#2403,.T.);
#1233=ORIENTED_EDGE('',*,*,#2382,.T.);
#1234=ORIENTED_EDGE('',*,*,#2350,.T.);
#1235=ORIENTED_EDGE('',*,*,#2404,.T.);
#1236=ORIENTED_EDGE('',*,*,#2362,.T.);
#1237=ORIENTED_EDGE('',*,*,#2364,.T.);
#1238=ORIENTED_EDGE('',*,*,#2367,.T.);
#1239=ORIENTED_EDGE('',*,*,#2397,.T.);
#1240=ORIENTED_EDGE('',*,*,#2366,.T.);
#1241=ORIENTED_EDGE('',*,*,#2371,.T.);
#1242=ORIENTED_EDGE('',*,*,#2374,.T.);
#1243=ORIENTED_EDGE('',*,*,#2387,.T.);
#1244=ORIENTED_EDGE('',*,*,#2405,.T.);
#1245=ORIENTED_EDGE('',*,*,#2376,.T.);
#1246=ORIENTED_EDGE('',*,*,#2368,.T.);
#1247=ORIENTED_EDGE('',*,*,#2406,.F.);
#1248=ORIENTED_EDGE('',*,*,#2124,.T.);
#1249=ORIENTED_EDGE('',*,*,#2407,.F.);
#1250=ORIENTED_EDGE('',*,*,#2125,.T.);
#1251=ORIENTED_EDGE('',*,*,#2408,.F.);
#1252=ORIENTED_EDGE('',*,*,#2409,.F.);
#1253=ORIENTED_EDGE('',*,*,#2410,.F.);
#1254=ORIENTED_EDGE('',*,*,#2199,.F.);
#1255=ORIENTED_EDGE('',*,*,#2411,.F.);
#1256=ORIENTED_EDGE('',*,*,#2197,.F.);
#1257=ORIENTED_EDGE('',*,*,#2412,.F.);
#1258=ORIENTED_EDGE('',*,*,#2413,.F.);
#1259=ORIENTED_EDGE('',*,*,#2414,.F.);
#1260=ORIENTED_EDGE('',*,*,#2204,.F.);
#1261=ORIENTED_EDGE('',*,*,#2415,.T.);
#1262=ORIENTED_EDGE('',*,*,#2161,.T.);
#1263=ORIENTED_EDGE('',*,*,#2416,.F.);
#1264=ORIENTED_EDGE('',*,*,#2417,.F.);
#1265=ORIENTED_EDGE('',*,*,#2418,.T.);
#1266=ORIENTED_EDGE('',*,*,#2202,.F.);
#1267=ORIENTED_EDGE('',*,*,#2419,.F.);
#1268=ORIENTED_EDGE('',*,*,#2420,.F.);
#1269=ORIENTED_EDGE('',*,*,#2421,.F.);
#1270=ORIENTED_EDGE('',*,*,#2184,.F.);
#1271=ORIENTED_EDGE('',*,*,#2422,.F.);
#1272=ORIENTED_EDGE('',*,*,#2167,.T.);
#1273=ORIENTED_EDGE('',*,*,#2423,.T.);
#1274=ORIENTED_EDGE('',*,*,#2417,.T.);
#1275=ORIENTED_EDGE('',*,*,#2424,.F.);
#1276=ORIENTED_EDGE('',*,*,#2191,.F.);
#1277=ORIENTED_EDGE('',*,*,#2425,.F.);
#1278=ORIENTED_EDGE('',*,*,#2426,.F.);
#1279=ORIENTED_EDGE('',*,*,#2427,.F.);
#1280=ORIENTED_EDGE('',*,*,#2163,.T.);
#1281=ORIENTED_EDGE('',*,*,#2428,.T.);
#1282=ORIENTED_EDGE('',*,*,#2175,.F.);
#1283=ORIENTED_EDGE('',*,*,#2429,.T.);
#1284=ORIENTED_EDGE('',*,*,#2430,.F.);
#1285=ORIENTED_EDGE('',*,*,#2180,.F.);
#1286=ORIENTED_EDGE('',*,*,#2431,.T.);
#1287=ORIENTED_EDGE('',*,*,#2432,.F.);
#1288=ORIENTED_EDGE('',*,*,#2431,.F.);
#1289=ORIENTED_EDGE('',*,*,#2179,.F.);
#1290=ORIENTED_EDGE('',*,*,#2157,.T.);
#1291=ORIENTED_EDGE('',*,*,#2433,.F.);
#1292=ORIENTED_EDGE('',*,*,#2159,.F.);
#1293=ORIENTED_EDGE('',*,*,#2178,.F.);
#1294=ORIENTED_EDGE('',*,*,#2434,.T.);
#1295=ORIENTED_EDGE('',*,*,#2435,.F.);
#1296=ORIENTED_EDGE('',*,*,#2426,.T.);
#1297=ORIENTED_EDGE('',*,*,#2436,.T.);
#1298=ORIENTED_EDGE('',*,*,#2409,.T.);
#1299=ORIENTED_EDGE('',*,*,#2186,.T.);
#1300=ORIENTED_EDGE('',*,*,#2437,.T.);
#1301=ORIENTED_EDGE('',*,*,#2438,.T.);
#1302=ORIENTED_EDGE('',*,*,#2119,.F.);
#1303=ORIENTED_EDGE('',*,*,#2439,.F.);
#1304=ORIENTED_EDGE('',*,*,#2187,.T.);
#1305=ORIENTED_EDGE('',*,*,#2439,.T.);
#1306=ORIENTED_EDGE('',*,*,#2118,.F.);
#1307=ORIENTED_EDGE('',*,*,#2093,.F.);
#1308=ORIENTED_EDGE('',*,*,#2091,.T.);
#1309=ORIENTED_EDGE('',*,*,#2111,.F.);
#1310=ORIENTED_EDGE('',*,*,#2440,.F.);
#1311=ORIENTED_EDGE('',*,*,#2188,.T.);
#1312=ORIENTED_EDGE('',*,*,#2440,.T.);
#1313=ORIENTED_EDGE('',*,*,#2110,.F.);
#1314=ORIENTED_EDGE('',*,*,#2441,.T.);
#1315=ORIENTED_EDGE('',*,*,#2442,.F.);
#1316=ORIENTED_EDGE('',*,*,#2189,.T.);
#1317=ORIENTED_EDGE('',*,*,#2443,.F.);
#1318=ORIENTED_EDGE('',*,*,#2413,.T.);
#1319=ORIENTED_EDGE('',*,*,#2444,.T.);
#1320=ORIENTED_EDGE('',*,*,#2420,.T.);
#1321=ORIENTED_EDGE('',*,*,#2442,.T.);
#1322=ORIENTED_EDGE('',*,*,#2445,.T.);
#1323=ORIENTED_EDGE('',*,*,#2446,.T.);
#1324=ORIENTED_EDGE('',*,*,#2447,.T.);
#1325=ORIENTED_EDGE('',*,*,#2448,.F.);
#1326=ORIENTED_EDGE('',*,*,#2449,.T.);
#1327=ORIENTED_EDGE('',*,*,#2450,.T.);
#1328=ORIENTED_EDGE('',*,*,#2451,.T.);
#1329=ORIENTED_EDGE('',*,*,#2437,.F.);
#1330=ORIENTED_EDGE('',*,*,#2185,.T.);
#1331=ORIENTED_EDGE('',*,*,#2421,.T.);
#1332=ORIENTED_EDGE('',*,*,#2444,.F.);
#1333=ORIENTED_EDGE('',*,*,#2412,.T.);
#1334=ORIENTED_EDGE('',*,*,#2200,.T.);
#1335=ORIENTED_EDGE('',*,*,#2410,.T.);
#1336=ORIENTED_EDGE('',*,*,#2436,.F.);
#1337=ORIENTED_EDGE('',*,*,#2425,.T.);
#1338=ORIENTED_EDGE('',*,*,#2190,.T.);
#1339=ORIENTED_EDGE('',*,*,#2452,.F.);
#1340=ORIENTED_EDGE('',*,*,#2453,.F.);
#1341=ORIENTED_EDGE('',*,*,#2452,.T.);
#1342=ORIENTED_EDGE('',*,*,#2454,.T.);
#1343=ORIENTED_EDGE('',*,*,#2455,.F.);
#1344=ORIENTED_EDGE('',*,*,#2131,.F.);
#1345=ORIENTED_EDGE('',*,*,#2456,.T.);
#1346=ORIENTED_EDGE('',*,*,#2457,.T.);
#1347=ORIENTED_EDGE('',*,*,#2456,.F.);
#1348=ORIENTED_EDGE('',*,*,#2130,.F.);
#1349=ORIENTED_EDGE('',*,*,#2458,.T.);
#1350=ORIENTED_EDGE('',*,*,#2459,.T.);
#1351=ORIENTED_EDGE('',*,*,#2458,.F.);
#1352=ORIENTED_EDGE('',*,*,#2129,.F.);
#1353=ORIENTED_EDGE('',*,*,#2460,.T.);
#1354=ORIENTED_EDGE('',*,*,#2461,.T.);
#1355=ORIENTED_EDGE('',*,*,#2460,.F.);
#1356=ORIENTED_EDGE('',*,*,#2128,.F.);
#1357=ORIENTED_EDGE('',*,*,#2462,.T.);
#1358=ORIENTED_EDGE('',*,*,#2463,.T.);
#1359=ORIENTED_EDGE('',*,*,#2462,.F.);
#1360=ORIENTED_EDGE('',*,*,#2127,.F.);
#1361=ORIENTED_EDGE('',*,*,#2464,.T.);
#1362=ORIENTED_EDGE('',*,*,#2465,.T.);
#1363=ORIENTED_EDGE('',*,*,#2464,.F.);
#1364=ORIENTED_EDGE('',*,*,#2126,.F.);
#1365=ORIENTED_EDGE('',*,*,#2466,.T.);
#1366=ORIENTED_EDGE('',*,*,#2467,.T.);
#1367=ORIENTED_EDGE('',*,*,#2466,.F.);
#1368=ORIENTED_EDGE('',*,*,#2133,.F.);
#1369=ORIENTED_EDGE('',*,*,#2468,.T.);
#1370=ORIENTED_EDGE('',*,*,#2469,.F.);
#1371=ORIENTED_EDGE('',*,*,#2134,.T.);
#1372=ORIENTED_EDGE('',*,*,#2470,.F.);
#1373=ORIENTED_EDGE('',*,*,#2136,.T.);
#1374=ORIENTED_EDGE('',*,*,#2471,.F.);
#1375=ORIENTED_EDGE('',*,*,#2135,.T.);
#1376=ORIENTED_EDGE('',*,*,#2472,.F.);
#1377=ORIENTED_EDGE('',*,*,#2137,.T.);
#1378=ORIENTED_EDGE('',*,*,#2473,.F.);
#1379=ORIENTED_EDGE('',*,*,#2474,.T.);
#1380=ORIENTED_EDGE('',*,*,#2474,.F.);
#1381=ORIENTED_EDGE('',*,*,#2475,.F.);
#1382=ORIENTED_EDGE('',*,*,#2476,.T.);
#1383=ORIENTED_EDGE('',*,*,#2476,.F.);
#1384=ORIENTED_EDGE('',*,*,#2477,.F.);
#1385=ORIENTED_EDGE('',*,*,#2478,.T.);
#1386=ORIENTED_EDGE('',*,*,#2478,.F.);
#1387=ORIENTED_EDGE('',*,*,#2479,.F.);
#1388=ORIENTED_EDGE('',*,*,#2480,.T.);
#1389=ORIENTED_EDGE('',*,*,#2480,.F.);
#1390=ORIENTED_EDGE('',*,*,#2481,.F.);
#1391=ORIENTED_EDGE('',*,*,#2482,.T.);
#1392=ORIENTED_EDGE('',*,*,#2483,.F.);
#1393=ORIENTED_EDGE('',*,*,#2484,.F.);
#1394=ORIENTED_EDGE('',*,*,#2485,.F.);
#1395=ORIENTED_EDGE('',*,*,#2486,.T.);
#1396=ORIENTED_EDGE('',*,*,#2487,.F.);
#1397=ORIENTED_EDGE('',*,*,#2488,.F.);
#1398=ORIENTED_EDGE('',*,*,#2489,.F.);
#1399=ORIENTED_EDGE('',*,*,#2490,.T.);
#1400=ORIENTED_EDGE('',*,*,#2491,.F.);
#1401=ORIENTED_EDGE('',*,*,#2492,.F.);
#1402=ORIENTED_EDGE('',*,*,#2493,.F.);
#1403=ORIENTED_EDGE('',*,*,#2494,.T.);
#1404=ORIENTED_EDGE('',*,*,#2495,.F.);
#1405=ORIENTED_EDGE('',*,*,#2496,.F.);
#1406=ORIENTED_EDGE('',*,*,#2497,.F.);
#1407=ORIENTED_EDGE('',*,*,#2498,.T.);
#1408=ORIENTED_EDGE('',*,*,#2499,.F.);
#1409=ORIENTED_EDGE('',*,*,#2500,.F.);
#1410=ORIENTED_EDGE('',*,*,#2501,.F.);
#1411=ORIENTED_EDGE('',*,*,#2502,.T.);
#1412=ORIENTED_EDGE('',*,*,#2503,.F.);
#1413=ORIENTED_EDGE('',*,*,#2504,.F.);
#1414=ORIENTED_EDGE('',*,*,#2505,.F.);
#1415=ORIENTED_EDGE('',*,*,#2506,.T.);
#1416=ORIENTED_EDGE('',*,*,#2507,.F.);
#1417=ORIENTED_EDGE('',*,*,#2508,.F.);
#1418=ORIENTED_EDGE('',*,*,#2154,.F.);
#1419=ORIENTED_EDGE('',*,*,#2509,.T.);
#1420=ORIENTED_EDGE('',*,*,#2510,.F.);
#1421=ORIENTED_EDGE('',*,*,#2511,.T.);
#1422=ORIENTED_EDGE('',*,*,#2512,.F.);
#1423=ORIENTED_EDGE('',*,*,#2513,.T.);
#1424=ORIENTED_EDGE('',*,*,#2514,.F.);
#1425=ORIENTED_EDGE('',*,*,#2515,.F.);
#1426=ORIENTED_EDGE('',*,*,#2516,.F.);
#1427=ORIENTED_EDGE('',*,*,#2517,.T.);
#1428=ORIENTED_EDGE('',*,*,#2518,.F.);
#1429=ORIENTED_EDGE('',*,*,#2519,.T.);
#1430=ORIENTED_EDGE('',*,*,#2510,.T.);
#1431=ORIENTED_EDGE('',*,*,#2520,.T.);
#1432=ORIENTED_EDGE('',*,*,#2505,.T.);
#1433=ORIENTED_EDGE('',*,*,#2521,.F.);
#1434=ORIENTED_EDGE('',*,*,#2503,.T.);
#1435=ORIENTED_EDGE('',*,*,#2522,.T.);
#1436=ORIENTED_EDGE('',*,*,#2497,.T.);
#1437=ORIENTED_EDGE('',*,*,#2523,.F.);
#1438=ORIENTED_EDGE('',*,*,#2495,.T.);
#1439=ORIENTED_EDGE('',*,*,#2524,.T.);
#1440=ORIENTED_EDGE('',*,*,#2489,.T.);
#1441=ORIENTED_EDGE('',*,*,#2525,.F.);
#1442=ORIENTED_EDGE('',*,*,#2487,.T.);
#1443=ORIENTED_EDGE('',*,*,#2526,.T.);
#1444=ORIENTED_EDGE('',*,*,#2481,.T.);
#1445=ORIENTED_EDGE('',*,*,#2527,.F.);
#1446=ORIENTED_EDGE('',*,*,#2518,.T.);
#1447=ORIENTED_EDGE('',*,*,#2528,.T.);
#1448=ORIENTED_EDGE('',*,*,#2512,.T.);
#1449=ORIENTED_EDGE('',*,*,#2529,.T.);
#1450=ORIENTED_EDGE('',*,*,#2530,.T.);
#1451=ORIENTED_EDGE('',*,*,#2531,.T.);
#1452=ORIENTED_EDGE('',*,*,#2532,.T.);
#1453=ORIENTED_EDGE('',*,*,#2533,.T.);
#1454=ORIENTED_EDGE('',*,*,#2534,.T.);
#1455=ORIENTED_EDGE('',*,*,#2535,.T.);
#1456=ORIENTED_EDGE('',*,*,#2536,.T.);
#1457=ORIENTED_EDGE('',*,*,#2537,.T.);
#1458=ORIENTED_EDGE('',*,*,#2272,.F.);
#1459=ORIENTED_EDGE('',*,*,#2274,.F.);
#1460=ORIENTED_EDGE('',*,*,#2276,.F.);
#1461=ORIENTED_EDGE('',*,*,#2278,.F.);
#1462=ORIENTED_EDGE('',*,*,#2280,.F.);
#1463=ORIENTED_EDGE('',*,*,#2282,.F.);
#1464=ORIENTED_EDGE('',*,*,#2538,.T.);
#1465=ORIENTED_EDGE('',*,*,#2539,.T.);
#1466=ORIENTED_EDGE('',*,*,#2540,.T.);
#1467=ORIENTED_EDGE('',*,*,#2450,.F.);
#1468=ORIENTED_EDGE('',*,*,#2541,.T.);
#1469=ORIENTED_EDGE('',*,*,#2542,.T.);
#1470=ORIENTED_EDGE('',*,*,#2543,.T.);
#1471=ORIENTED_EDGE('',*,*,#2446,.F.);
#1472=ORIENTED_EDGE('',*,*,#2499,.T.);
#1473=ORIENTED_EDGE('',*,*,#2544,.T.);
#1474=ORIENTED_EDGE('',*,*,#2493,.T.);
#1475=ORIENTED_EDGE('',*,*,#2545,.F.);
#1476=ORIENTED_EDGE('',*,*,#2171,.F.);
#1477=ORIENTED_EDGE('',*,*,#2546,.T.);
#1478=ORIENTED_EDGE('',*,*,#2195,.T.);
#1479=ORIENTED_EDGE('',*,*,#2547,.T.);
#1480=ORIENTED_EDGE('',*,*,#2548,.T.);
#1481=ORIENTED_EDGE('',*,*,#2549,.F.);
#1482=ORIENTED_EDGE('',*,*,#2434,.F.);
#1483=ORIENTED_EDGE('',*,*,#2177,.F.);
#1484=ORIENTED_EDGE('',*,*,#2428,.F.);
#1485=ORIENTED_EDGE('',*,*,#2162,.T.);
#1486=ORIENTED_EDGE('',*,*,#2415,.F.);
#1487=ORIENTED_EDGE('',*,*,#2203,.F.);
#1488=ORIENTED_EDGE('',*,*,#2418,.F.);
#1489=ORIENTED_EDGE('',*,*,#2423,.F.);
#1490=ORIENTED_EDGE('',*,*,#2166,.T.);
#1491=ORIENTED_EDGE('',*,*,#2181,.F.);
#1492=ORIENTED_EDGE('',*,*,#2430,.T.);
#1493=ORIENTED_EDGE('',*,*,#2550,.T.);
#1494=ORIENTED_EDGE('',*,*,#2551,.T.);
#1495=ORIENTED_EDGE('',*,*,#2552,.F.);
#1496=ORIENTED_EDGE('',*,*,#2553,.F.);
#1497=ORIENTED_EDGE('',*,*,#2554,.F.);
#1498=ORIENTED_EDGE('',*,*,#2155,.F.);
#1499=ORIENTED_EDGE('',*,*,#2511,.F.);
#1500=ORIENTED_EDGE('',*,*,#2521,.T.);
#1501=ORIENTED_EDGE('',*,*,#2508,.T.);
#1502=ORIENTED_EDGE('',*,*,#2555,.T.);
#1503=ORIENTED_EDGE('',*,*,#2504,.T.);
#1504=ORIENTED_EDGE('',*,*,#2523,.T.);
#1505=ORIENTED_EDGE('',*,*,#2500,.T.);
#1506=ORIENTED_EDGE('',*,*,#2545,.T.);
#1507=ORIENTED_EDGE('',*,*,#2496,.T.);
#1508=ORIENTED_EDGE('',*,*,#2525,.T.);
#1509=ORIENTED_EDGE('',*,*,#2492,.T.);
#1510=ORIENTED_EDGE('',*,*,#2556,.T.);
#1511=ORIENTED_EDGE('',*,*,#2488,.T.);
#1512=ORIENTED_EDGE('',*,*,#2527,.T.);
#1513=ORIENTED_EDGE('',*,*,#2484,.T.);
#1514=ORIENTED_EDGE('',*,*,#2557,.F.);
#1515=ORIENTED_EDGE('',*,*,#2519,.F.);
#1516=ORIENTED_EDGE('',*,*,#2529,.F.);
#1517=ORIENTED_EDGE('',*,*,#2515,.T.);
#1518=ORIENTED_EDGE('',*,*,#2558,.T.);
#1519=ORIENTED_EDGE('',*,*,#2559,.F.);
#1520=ORIENTED_EDGE('',*,*,#2560,.F.);
#1521=ORIENTED_EDGE('',*,*,#2561,.F.);
#1522=ORIENTED_EDGE('',*,*,#2562,.F.);
#1523=ORIENTED_EDGE('',*,*,#2563,.T.);
#1524=ORIENTED_EDGE('',*,*,#2548,.F.);
#1525=ORIENTED_EDGE('',*,*,#2176,.F.);
#1526=ORIENTED_EDGE('',*,*,#2564,.T.);
#1527=ORIENTED_EDGE('',*,*,#2565,.T.);
#1528=ORIENTED_EDGE('',*,*,#2475,.T.);
#1529=ORIENTED_EDGE('',*,*,#2473,.T.);
#1530=ORIENTED_EDGE('',*,*,#2453,.T.);
#1531=ORIENTED_EDGE('',*,*,#2477,.T.);
#1532=ORIENTED_EDGE('',*,*,#2479,.T.);
#1533=ORIENTED_EDGE('',*,*,#2566,.T.);
#1534=ORIENTED_EDGE('',*,*,#2468,.F.);
#1535=ORIENTED_EDGE('',*,*,#2132,.F.);
#1536=ORIENTED_EDGE('',*,*,#2455,.T.);
#1537=ORIENTED_EDGE('',*,*,#2467,.F.);
#1538=ORIENTED_EDGE('',*,*,#2566,.F.);
#1539=ORIENTED_EDGE('',*,*,#2454,.F.);
#1540=ORIENTED_EDGE('',*,*,#2457,.F.);
#1541=ORIENTED_EDGE('',*,*,#2459,.F.);
#1542=ORIENTED_EDGE('',*,*,#2461,.F.);
#1543=ORIENTED_EDGE('',*,*,#2463,.F.);
#1544=ORIENTED_EDGE('',*,*,#2465,.F.);
#1545=ORIENTED_EDGE('',*,*,#2567,.T.);
#1546=ORIENTED_EDGE('',*,*,#2568,.T.);
#1547=ORIENTED_EDGE('',*,*,#2569,.T.);
#1548=ORIENTED_EDGE('',*,*,#2570,.T.);
#1549=ORIENTED_EDGE('',*,*,#2571,.T.);
#1550=ORIENTED_EDGE('',*,*,#2572,.T.);
#1551=ORIENTED_EDGE('',*,*,#2573,.T.);
#1552=ORIENTED_EDGE('',*,*,#2550,.F.);
#1553=ORIENTED_EDGE('',*,*,#2429,.F.);
#1554=ORIENTED_EDGE('',*,*,#2432,.T.);
#1555=ORIENTED_EDGE('',*,*,#2156,.T.);
#1556=ORIENTED_EDGE('',*,*,#2433,.T.);
#1557=ORIENTED_EDGE('',*,*,#2549,.T.);
#1558=ORIENTED_EDGE('',*,*,#2563,.F.);
#1559=ORIENTED_EDGE('',*,*,#2407,.T.);
#1560=ORIENTED_EDGE('',*,*,#2471,.T.);
#1561=ORIENTED_EDGE('',*,*,#2469,.T.);
#1562=ORIENTED_EDGE('',*,*,#2406,.T.);
#1563=ORIENTED_EDGE('',*,*,#2472,.T.);
#1564=ORIENTED_EDGE('',*,*,#2470,.T.);
#1565=ORIENTED_EDGE('',*,*,#2574,.T.);
#1566=ORIENTED_EDGE('',*,*,#2575,.T.);
#1567=ORIENTED_EDGE('',*,*,#2576,.T.);
#1568=ORIENTED_EDGE('',*,*,#2577,.T.);
#1569=ORIENTED_EDGE('',*,*,#2389,.T.);
#1570=ORIENTED_EDGE('',*,*,#2578,.T.);
#1571=ORIENTED_EDGE('',*,*,#2516,.T.);
#1572=ORIENTED_EDGE('',*,*,#2557,.T.);
#1573=ORIENTED_EDGE('',*,*,#2483,.T.);
#1574=ORIENTED_EDGE('',*,*,#2579,.T.);
#1575=ORIENTED_EDGE('',*,*,#2394,.T.);
#1576=ORIENTED_EDGE('',*,*,#2359,.T.);
#1577=ORIENTED_EDGE('',*,*,#2404,.F.);
#1578=ORIENTED_EDGE('',*,*,#2373,.T.);
#1579=ORIENTED_EDGE('',*,*,#2580,.T.);
#1580=ORIENTED_EDGE('',*,*,#2581,.T.);
#1581=ORIENTED_EDGE('',*,*,#2582,.T.);
#1582=ORIENTED_EDGE('',*,*,#2583,.T.);
#1583=ORIENTED_EDGE('',*,*,#2584,.T.);
#1584=ORIENTED_EDGE('',*,*,#2558,.F.);
#1585=ORIENTED_EDGE('',*,*,#2514,.T.);
#1586=ORIENTED_EDGE('',*,*,#2585,.T.);
#1587=ORIENTED_EDGE('',*,*,#2392,.T.);
#1588=ORIENTED_EDGE('',*,*,#2356,.T.);
#1589=ORIENTED_EDGE('',*,*,#2402,.T.);
#1590=ORIENTED_EDGE('',*,*,#2344,.T.);
#1591=ORIENTED_EDGE('',*,*,#2391,.T.);
#1592=ORIENTED_EDGE('',*,*,#2586,.T.);
#1593=ORIENTED_EDGE('',*,*,#2330,.T.);
#1594=ORIENTED_EDGE('',*,*,#2587,.T.);
#1595=ORIENTED_EDGE('',*,*,#2501,.T.);
#1596=ORIENTED_EDGE('',*,*,#2555,.F.);
#1597=ORIENTED_EDGE('',*,*,#2507,.T.);
#1598=ORIENTED_EDGE('',*,*,#2588,.T.);
#1599=ORIENTED_EDGE('',*,*,#2331,.T.);
#1600=ORIENTED_EDGE('',*,*,#2297,.T.);
#1601=ORIENTED_EDGE('',*,*,#2339,.F.);
#1602=ORIENTED_EDGE('',*,*,#2285,.T.);
#1603=ORIENTED_EDGE('',*,*,#2143,.F.);
#1604=ORIENTED_EDGE('',*,*,#2145,.F.);
#1605=ORIENTED_EDGE('',*,*,#2589,.T.);
#1606=ORIENTED_EDGE('',*,*,#2590,.T.);
#1607=ORIENTED_EDGE('',*,*,#2591,.T.);
#1608=ORIENTED_EDGE('',*,*,#2448,.T.);
#1609=ORIENTED_EDGE('',*,*,#2144,.F.);
#1610=ORIENTED_EDGE('',*,*,#2142,.F.);
#1611=ORIENTED_EDGE('',*,*,#2491,.T.);
#1612=ORIENTED_EDGE('',*,*,#2592,.T.);
#1613=ORIENTED_EDGE('',*,*,#2485,.T.);
#1614=ORIENTED_EDGE('',*,*,#2556,.F.);
#1615=ORIENTED_EDGE('',*,*,#2401,.T.);
#1616=ORIENTED_EDGE('',*,*,#2263,.T.);
#1617=ORIENTED_EDGE('',*,*,#2398,.T.);
#1618=ORIENTED_EDGE('',*,*,#2264,.T.);
#1619=ORIENTED_EDGE('',*,*,#2338,.T.);
#1620=ORIENTED_EDGE('',*,*,#2265,.T.);
#1621=ORIENTED_EDGE('',*,*,#2335,.T.);
#1622=ORIENTED_EDGE('',*,*,#2266,.T.);
#1623=ORIENTED_EDGE('',*,*,#2267,.F.);
#1624=ORIENTED_EDGE('',*,*,#2281,.F.);
#1625=ORIENTED_EDGE('',*,*,#2268,.F.);
#1626=ORIENTED_EDGE('',*,*,#2279,.F.);
#1627=ORIENTED_EDGE('',*,*,#2269,.F.);
#1628=ORIENTED_EDGE('',*,*,#2277,.F.);
#1629=ORIENTED_EDGE('',*,*,#2270,.F.);
#1630=ORIENTED_EDGE('',*,*,#2275,.F.);
#1631=ORIENTED_EDGE('',*,*,#2271,.F.);
#1632=ORIENTED_EDGE('',*,*,#2273,.F.);
#1633=ORIENTED_EDGE('',*,*,#2593,.F.);
#1634=ORIENTED_EDGE('',*,*,#2232,.F.);
#1635=ORIENTED_EDGE('',*,*,#2594,.F.);
#1636=ORIENTED_EDGE('',*,*,#2486,.F.);
#1637=ORIENTED_EDGE('',*,*,#2594,.T.);
#1638=ORIENTED_EDGE('',*,*,#2231,.F.);
#1639=ORIENTED_EDGE('',*,*,#2595,.F.);
#1640=ORIENTED_EDGE('',*,*,#2526,.F.);
#1641=ORIENTED_EDGE('',*,*,#2593,.T.);
#1642=ORIENTED_EDGE('',*,*,#2592,.F.);
#1643=ORIENTED_EDGE('',*,*,#2596,.F.);
#1644=ORIENTED_EDGE('',*,*,#2233,.F.);
#1645=ORIENTED_EDGE('',*,*,#2595,.T.);
#1646=ORIENTED_EDGE('',*,*,#2230,.F.);
#1647=ORIENTED_EDGE('',*,*,#2597,.F.);
#1648=ORIENTED_EDGE('',*,*,#2482,.F.);
#1649=ORIENTED_EDGE('',*,*,#2596,.T.);
#1650=ORIENTED_EDGE('',*,*,#2490,.F.);
#1651=ORIENTED_EDGE('',*,*,#2598,.F.);
#1652=ORIENTED_EDGE('',*,*,#2234,.F.);
#1653=ORIENTED_EDGE('',*,*,#2597,.T.);
#1654=ORIENTED_EDGE('',*,*,#2229,.F.);
#1655=ORIENTED_EDGE('',*,*,#2599,.F.);
#1656=ORIENTED_EDGE('',*,*,#2579,.F.);
#1657=ORIENTED_EDGE('',*,*,#2598,.T.);
#1658=ORIENTED_EDGE('',*,*,#2524,.F.);
#1659=ORIENTED_EDGE('',*,*,#2600,.F.);
#1660=ORIENTED_EDGE('',*,*,#2235,.F.);
#1661=ORIENTED_EDGE('',*,*,#2599,.T.);
#1662=ORIENTED_EDGE('',*,*,#2228,.F.);
#1663=ORIENTED_EDGE('',*,*,#2601,.F.);
#1664=ORIENTED_EDGE('',*,*,#2395,.F.);
#1665=ORIENTED_EDGE('',*,*,#2600,.T.);
#1666=ORIENTED_EDGE('',*,*,#2494,.F.);
#1667=ORIENTED_EDGE('',*,*,#2602,.F.);
#1668=ORIENTED_EDGE('',*,*,#2236,.F.);
#1669=ORIENTED_EDGE('',*,*,#2601,.T.);
#1670=ORIENTED_EDGE('',*,*,#2227,.F.);
#1671=ORIENTED_EDGE('',*,*,#2603,.F.);
#1672=ORIENTED_EDGE('',*,*,#2386,.F.);
#1673=ORIENTED_EDGE('',*,*,#2602,.T.);
#1674=ORIENTED_EDGE('',*,*,#2544,.F.);
#1675=ORIENTED_EDGE('',*,*,#2604,.F.);
#1676=ORIENTED_EDGE('',*,*,#2237,.F.);
#1677=ORIENTED_EDGE('',*,*,#2603,.T.);
#1678=ORIENTED_EDGE('',*,*,#2226,.F.);
#1679=ORIENTED_EDGE('',*,*,#2605,.F.);
#1680=ORIENTED_EDGE('',*,*,#2405,.F.);
#1681=ORIENTED_EDGE('',*,*,#2604,.T.);
#1682=ORIENTED_EDGE('',*,*,#2498,.F.);
#1683=ORIENTED_EDGE('',*,*,#2606,.F.);
#1684=ORIENTED_EDGE('',*,*,#2238,.F.);
#1685=ORIENTED_EDGE('',*,*,#2605,.T.);
#1686=ORIENTED_EDGE('',*,*,#2225,.F.);
#1687=ORIENTED_EDGE('',*,*,#2607,.F.);
#1688=ORIENTED_EDGE('',*,*,#2377,.F.);
#1689=ORIENTED_EDGE('',*,*,#2606,.T.);
#1690=ORIENTED_EDGE('',*,*,#2522,.F.);
#1691=ORIENTED_EDGE('',*,*,#2608,.F.);
#1692=ORIENTED_EDGE('',*,*,#2239,.F.);
#1693=ORIENTED_EDGE('',*,*,#2607,.T.);
#1694=ORIENTED_EDGE('',*,*,#2224,.F.);
#1695=ORIENTED_EDGE('',*,*,#2609,.F.);
#1696=ORIENTED_EDGE('',*,*,#2388,.F.);
#1697=ORIENTED_EDGE('',*,*,#2608,.T.);
#1698=ORIENTED_EDGE('',*,*,#2502,.F.);
#1699=ORIENTED_EDGE('',*,*,#2610,.F.);
#1700=ORIENTED_EDGE('',*,*,#2240,.F.);
#1701=ORIENTED_EDGE('',*,*,#2609,.T.);
#1702=ORIENTED_EDGE('',*,*,#2223,.F.);
#1703=ORIENTED_EDGE('',*,*,#2611,.F.);
#1704=ORIENTED_EDGE('',*,*,#2578,.F.);
#1705=ORIENTED_EDGE('',*,*,#2610,.T.);
#1706=ORIENTED_EDGE('',*,*,#2587,.F.);
#1707=ORIENTED_EDGE('',*,*,#2612,.F.);
#1708=ORIENTED_EDGE('',*,*,#2241,.F.);
#1709=ORIENTED_EDGE('',*,*,#2611,.T.);
#1710=ORIENTED_EDGE('',*,*,#2222,.F.);
#1711=ORIENTED_EDGE('',*,*,#2613,.F.);
#1712=ORIENTED_EDGE('',*,*,#2517,.F.);
#1713=ORIENTED_EDGE('',*,*,#2612,.T.);
#1714=ORIENTED_EDGE('',*,*,#2329,.F.);
#1715=ORIENTED_EDGE('',*,*,#2614,.F.);
#1716=ORIENTED_EDGE('',*,*,#2242,.F.);
#1717=ORIENTED_EDGE('',*,*,#2613,.T.);
#1718=ORIENTED_EDGE('',*,*,#2221,.F.);
#1719=ORIENTED_EDGE('',*,*,#2615,.F.);
#1720=ORIENTED_EDGE('',*,*,#2528,.F.);
#1721=ORIENTED_EDGE('',*,*,#2614,.T.);
#1722=ORIENTED_EDGE('',*,*,#2325,.F.);
#1723=ORIENTED_EDGE('',*,*,#2616,.F.);
#1724=ORIENTED_EDGE('',*,*,#2243,.F.);
#1725=ORIENTED_EDGE('',*,*,#2615,.T.);
#1726=ORIENTED_EDGE('',*,*,#2220,.F.);
#1727=ORIENTED_EDGE('',*,*,#2617,.F.);
#1728=ORIENTED_EDGE('',*,*,#2513,.F.);
#1729=ORIENTED_EDGE('',*,*,#2616,.T.);
#1730=ORIENTED_EDGE('',*,*,#2340,.F.);
#1731=ORIENTED_EDGE('',*,*,#2618,.F.);
#1732=ORIENTED_EDGE('',*,*,#2244,.F.);
#1733=ORIENTED_EDGE('',*,*,#2617,.T.);
#1734=ORIENTED_EDGE('',*,*,#2219,.F.);
#1735=ORIENTED_EDGE('',*,*,#2619,.F.);
#1736=ORIENTED_EDGE('',*,*,#2585,.F.);
#1737=ORIENTED_EDGE('',*,*,#2618,.T.);
#1738=ORIENTED_EDGE('',*,*,#2322,.F.);
#1739=ORIENTED_EDGE('',*,*,#2620,.F.);
#1740=ORIENTED_EDGE('',*,*,#2245,.F.);
#1741=ORIENTED_EDGE('',*,*,#2619,.T.);
#1742=ORIENTED_EDGE('',*,*,#2218,.F.);
#1743=ORIENTED_EDGE('',*,*,#2621,.F.);
#1744=ORIENTED_EDGE('',*,*,#2393,.F.);
#1745=ORIENTED_EDGE('',*,*,#2620,.T.);
#1746=ORIENTED_EDGE('',*,*,#2332,.F.);
#1747=ORIENTED_EDGE('',*,*,#2622,.F.);
#1748=ORIENTED_EDGE('',*,*,#2246,.F.);
#1749=ORIENTED_EDGE('',*,*,#2621,.T.);
#1750=ORIENTED_EDGE('',*,*,#2217,.F.);
#1751=ORIENTED_EDGE('',*,*,#2623,.F.);
#1752=ORIENTED_EDGE('',*,*,#2380,.F.);
#1753=ORIENTED_EDGE('',*,*,#2622,.T.);
#1754=ORIENTED_EDGE('',*,*,#2588,.F.);
#1755=ORIENTED_EDGE('',*,*,#2624,.F.);
#1756=ORIENTED_EDGE('',*,*,#2247,.F.);
#1757=ORIENTED_EDGE('',*,*,#2623,.T.);
#1758=ORIENTED_EDGE('',*,*,#2216,.F.);
#1759=ORIENTED_EDGE('',*,*,#2625,.F.);
#1760=ORIENTED_EDGE('',*,*,#2403,.F.);
#1761=ORIENTED_EDGE('',*,*,#2624,.T.);
#1762=ORIENTED_EDGE('',*,*,#2506,.F.);
#1763=ORIENTED_EDGE('',*,*,#2626,.F.);
#1764=ORIENTED_EDGE('',*,*,#2248,.F.);
#1765=ORIENTED_EDGE('',*,*,#2625,.T.);
#1766=ORIENTED_EDGE('',*,*,#2215,.F.);
#1767=ORIENTED_EDGE('',*,*,#2627,.F.);
#1768=ORIENTED_EDGE('',*,*,#2383,.F.);
#1769=ORIENTED_EDGE('',*,*,#2626,.T.);
#1770=ORIENTED_EDGE('',*,*,#2520,.F.);
#1771=ORIENTED_EDGE('',*,*,#2628,.F.);
#1772=ORIENTED_EDGE('',*,*,#2249,.F.);
#1773=ORIENTED_EDGE('',*,*,#2214,.F.);
#1774=ORIENTED_EDGE('',*,*,#2629,.T.);
#1775=ORIENTED_EDGE('',*,*,#2586,.F.);
#1776=ORIENTED_EDGE('',*,*,#2390,.F.);
#1777=ORIENTED_EDGE('',*,*,#2627,.T.);
#1778=ORIENTED_EDGE('',*,*,#2628,.T.);
#1779=ORIENTED_EDGE('',*,*,#2509,.F.);
#1780=ORIENTED_EDGE('',*,*,#2630,.F.);
#1781=ORIENTED_EDGE('',*,*,#2250,.F.);
#1782=ORIENTED_EDGE('',*,*,#2630,.T.);
#1783=ORIENTED_EDGE('',*,*,#2153,.F.);
#1784=ORIENTED_EDGE('',*,*,#2631,.F.);
#1785=ORIENTED_EDGE('',*,*,#2251,.F.);
#1786=ORIENTED_EDGE('',*,*,#2631,.T.);
#1787=ORIENTED_EDGE('',*,*,#2328,.F.);
#1788=ORIENTED_EDGE('',*,*,#2632,.F.);
#1789=ORIENTED_EDGE('',*,*,#2252,.F.);
#1790=ORIENTED_EDGE('',*,*,#2632,.T.);
#1791=ORIENTED_EDGE('',*,*,#2319,.F.);
#1792=ORIENTED_EDGE('',*,*,#2633,.F.);
#1793=ORIENTED_EDGE('',*,*,#2253,.F.);
#1794=ORIENTED_EDGE('',*,*,#2633,.T.);
#1795=ORIENTED_EDGE('',*,*,#2341,.F.);
#1796=ORIENTED_EDGE('',*,*,#2634,.F.);
#1797=ORIENTED_EDGE('',*,*,#2254,.F.);
#1798=ORIENTED_EDGE('',*,*,#2634,.T.);
#1799=ORIENTED_EDGE('',*,*,#2316,.F.);
#1800=ORIENTED_EDGE('',*,*,#2635,.F.);
#1801=ORIENTED_EDGE('',*,*,#2255,.F.);
#1802=ORIENTED_EDGE('',*,*,#2327,.F.);
#1803=ORIENTED_EDGE('',*,*,#2636,.T.);
#1804=ORIENTED_EDGE('',*,*,#2256,.F.);
#1805=ORIENTED_EDGE('',*,*,#2635,.T.);
#1806=ORIENTED_EDGE('',*,*,#2574,.F.);
#1807=ORIENTED_EDGE('',*,*,#2123,.T.);
#1808=ORIENTED_EDGE('',*,*,#2575,.F.);
#1809=ORIENTED_EDGE('',*,*,#2122,.T.);
#1810=ORIENTED_EDGE('',*,*,#2576,.F.);
#1811=ORIENTED_EDGE('',*,*,#2121,.T.);
#1812=ORIENTED_EDGE('',*,*,#2577,.F.);
#1813=ORIENTED_EDGE('',*,*,#2120,.T.);
#1814=ORIENTED_EDGE('',*,*,#2543,.F.);
#1815=ORIENTED_EDGE('',*,*,#2637,.T.);
#1816=ORIENTED_EDGE('',*,*,#2589,.F.);
#1817=ORIENTED_EDGE('',*,*,#2447,.F.);
#1818=ORIENTED_EDGE('',*,*,#2109,.F.);
#1819=ORIENTED_EDGE('',*,*,#2638,.T.);
#1820=ORIENTED_EDGE('',*,*,#2541,.F.);
#1821=ORIENTED_EDGE('',*,*,#2445,.F.);
#1822=ORIENTED_EDGE('',*,*,#2441,.F.);
#1823=ORIENTED_EDGE('',*,*,#2591,.F.);
#1824=ORIENTED_EDGE('',*,*,#2639,.T.);
#1825=ORIENTED_EDGE('',*,*,#2538,.F.);
#1826=ORIENTED_EDGE('',*,*,#2449,.F.);
#1827=ORIENTED_EDGE('',*,*,#2540,.F.);
#1828=ORIENTED_EDGE('',*,*,#2640,.T.);
#1829=ORIENTED_EDGE('',*,*,#2107,.F.);
#1830=ORIENTED_EDGE('',*,*,#2438,.F.);
#1831=ORIENTED_EDGE('',*,*,#2451,.F.);
#1832=ORIENTED_EDGE('',*,*,#2164,.T.);
#1833=ORIENTED_EDGE('',*,*,#2422,.T.);
#1834=ORIENTED_EDGE('',*,*,#2416,.T.);
#1835=ORIENTED_EDGE('',*,*,#2201,.T.);
#1836=ORIENTED_EDGE('',*,*,#2414,.T.);
#1837=ORIENTED_EDGE('',*,*,#2160,.T.);
#1838=ORIENTED_EDGE('',*,*,#2427,.T.);
#1839=ORIENTED_EDGE('',*,*,#2174,.T.);
#1840=ORIENTED_EDGE('',*,*,#2641,.T.);
#1841=ORIENTED_EDGE('',*,*,#2192,.T.);
#1842=ORIENTED_EDGE('',*,*,#2424,.T.);
#1843=ORIENTED_EDGE('',*,*,#2435,.T.);
#1844=ORIENTED_EDGE('',*,*,#2408,.T.);
#1845=ORIENTED_EDGE('',*,*,#2198,.T.);
#1846=ORIENTED_EDGE('',*,*,#2411,.T.);
#1847=ORIENTED_EDGE('',*,*,#2443,.T.);
#1848=ORIENTED_EDGE('',*,*,#2419,.T.);
#1849=ORIENTED_EDGE('',*,*,#2183,.T.);
#1850=ORIENTED_EDGE('',*,*,#2642,.T.);
#1851=ORIENTED_EDGE('',*,*,#2168,.T.);
#1852=ORIENTED_EDGE('',*,*,#2643,.T.);
#1853=ORIENTED_EDGE('',*,*,#2644,.T.);
#1854=ORIENTED_EDGE('',*,*,#2096,.F.);
#1855=ORIENTED_EDGE('',*,*,#2645,.T.);
#1856=ORIENTED_EDGE('',*,*,#2646,.T.);
#1857=ORIENTED_EDGE('',*,*,#2647,.T.);
#1858=ORIENTED_EDGE('',*,*,#2098,.F.);
#1859=ORIENTED_EDGE('',*,*,#2648,.T.);
#1860=ORIENTED_EDGE('',*,*,#2100,.F.);
#1861=ORIENTED_EDGE('',*,*,#2649,.T.);
#1862=ORIENTED_EDGE('',*,*,#2650,.T.);
#1863=ORIENTED_EDGE('',*,*,#2651,.T.);
#1864=ORIENTED_EDGE('',*,*,#2650,.F.);
#1865=ORIENTED_EDGE('',*,*,#2652,.T.);
#1866=ORIENTED_EDGE('',*,*,#2646,.F.);
#1867=ORIENTED_EDGE('',*,*,#2653,.T.);
#1868=ORIENTED_EDGE('',*,*,#2643,.F.);
#1869=ORIENTED_EDGE('',*,*,#2654,.T.);
#1870=ORIENTED_EDGE('',*,*,#2116,.F.);
#1871=ORIENTED_EDGE('',*,*,#2655,.T.);
#1872=ORIENTED_EDGE('',*,*,#2654,.F.);
#1873=ORIENTED_EDGE('',*,*,#2645,.F.);
#1874=ORIENTED_EDGE('',*,*,#2095,.F.);
#1875=ORIENTED_EDGE('',*,*,#2117,.F.);
#1876=ORIENTED_EDGE('',*,*,#2655,.F.);
#1877=ORIENTED_EDGE('',*,*,#2115,.F.);
#1878=ORIENTED_EDGE('',*,*,#2101,.F.);
#1879=ORIENTED_EDGE('',*,*,#2651,.F.);
#1880=ORIENTED_EDGE('',*,*,#2652,.F.);
#1881=ORIENTED_EDGE('',*,*,#2649,.F.);
#1882=ORIENTED_EDGE('',*,*,#2099,.F.);
#1883=ORIENTED_EDGE('',*,*,#2647,.F.);
#1884=ORIENTED_EDGE('',*,*,#2653,.F.);
#1885=ORIENTED_EDGE('',*,*,#2648,.F.);
#1886=ORIENTED_EDGE('',*,*,#2097,.F.);
#1887=ORIENTED_EDGE('',*,*,#2644,.F.);
#1888=ORIENTED_EDGE('',*,*,#2656,.T.);
#1889=ORIENTED_EDGE('',*,*,#2657,.T.);
#1890=ORIENTED_EDGE('',*,*,#2104,.F.);
#1891=ORIENTED_EDGE('',*,*,#2658,.T.);
#1892=ORIENTED_EDGE('',*,*,#2659,.T.);
#1893=ORIENTED_EDGE('',*,*,#2660,.T.);
#1894=ORIENTED_EDGE('',*,*,#2086,.F.);
#1895=ORIENTED_EDGE('',*,*,#2661,.T.);
#1896=ORIENTED_EDGE('',*,*,#2088,.F.);
#1897=ORIENTED_EDGE('',*,*,#2662,.T.);
#1898=ORIENTED_EDGE('',*,*,#2663,.T.);
#1899=ORIENTED_EDGE('',*,*,#2664,.T.);
#1900=ORIENTED_EDGE('',*,*,#2663,.F.);
#1901=ORIENTED_EDGE('',*,*,#2665,.T.);
#1902=ORIENTED_EDGE('',*,*,#2659,.F.);
#1903=ORIENTED_EDGE('',*,*,#2666,.T.);
#1904=ORIENTED_EDGE('',*,*,#2656,.F.);
#1905=ORIENTED_EDGE('',*,*,#2667,.T.);
#1906=ORIENTED_EDGE('',*,*,#2113,.F.);
#1907=ORIENTED_EDGE('',*,*,#2668,.T.);
#1908=ORIENTED_EDGE('',*,*,#2667,.F.);
#1909=ORIENTED_EDGE('',*,*,#2658,.F.);
#1910=ORIENTED_EDGE('',*,*,#2103,.F.);
#1911=ORIENTED_EDGE('',*,*,#2114,.F.);
#1912=ORIENTED_EDGE('',*,*,#2668,.F.);
#1913=ORIENTED_EDGE('',*,*,#2112,.F.);
#1914=ORIENTED_EDGE('',*,*,#2089,.F.);
#1915=ORIENTED_EDGE('',*,*,#2664,.F.);
#1916=ORIENTED_EDGE('',*,*,#2665,.F.);
#1917=ORIENTED_EDGE('',*,*,#2662,.F.);
#1918=ORIENTED_EDGE('',*,*,#2087,.F.);
#1919=ORIENTED_EDGE('',*,*,#2660,.F.);
#1920=ORIENTED_EDGE('',*,*,#2666,.F.);
#1921=ORIENTED_EDGE('',*,*,#2661,.F.);
#1922=ORIENTED_EDGE('',*,*,#2105,.F.);
#1923=ORIENTED_EDGE('',*,*,#2657,.F.);
#1924=ORIENTED_EDGE('',*,*,#2669,.T.);
#1925=ORIENTED_EDGE('',*,*,#2670,.T.);
#1926=ORIENTED_EDGE('',*,*,#2671,.T.);
#1927=ORIENTED_EDGE('',*,*,#2552,.T.);
#1928=ORIENTED_EDGE('',*,*,#2672,.T.);
#1929=ORIENTED_EDGE('',*,*,#2565,.F.);
#1930=ORIENTED_EDGE('',*,*,#2672,.F.);
#1931=ORIENTED_EDGE('',*,*,#2673,.T.);
#1932=ORIENTED_EDGE('',*,*,#2674,.T.);
#1933=ORIENTED_EDGE('',*,*,#2146,.F.);
#1934=ORIENTED_EDGE('',*,*,#2554,.T.);
#1935=ORIENTED_EDGE('',*,*,#2675,.T.);
#1936=ORIENTED_EDGE('',*,*,#2669,.F.);
#1937=ORIENTED_EDGE('',*,*,#2551,.F.);
#1938=ORIENTED_EDGE('',*,*,#2573,.F.);
#1939=ORIENTED_EDGE('',*,*,#2671,.F.);
#1940=ORIENTED_EDGE('',*,*,#2676,.T.);
#1941=ORIENTED_EDGE('',*,*,#2673,.F.);
#1942=ORIENTED_EDGE('',*,*,#2553,.T.);
#1943=ORIENTED_EDGE('',*,*,#2677,.T.);
#1944=ORIENTED_EDGE('',*,*,#2262,.F.);
#1945=ORIENTED_EDGE('',*,*,#2678,.F.);
#1946=ORIENTED_EDGE('',*,*,#2572,.F.);
#1947=ORIENTED_EDGE('',*,*,#2678,.T.);
#1948=ORIENTED_EDGE('',*,*,#2261,.F.);
#1949=ORIENTED_EDGE('',*,*,#2679,.F.);
#1950=ORIENTED_EDGE('',*,*,#2675,.F.);
#1951=ORIENTED_EDGE('',*,*,#2679,.T.);
#1952=ORIENTED_EDGE('',*,*,#2260,.F.);
#1953=ORIENTED_EDGE('',*,*,#2680,.F.);
#1954=ORIENTED_EDGE('',*,*,#2670,.F.);
#1955=ORIENTED_EDGE('',*,*,#2680,.T.);
#1956=ORIENTED_EDGE('',*,*,#2259,.F.);
#1957=ORIENTED_EDGE('',*,*,#2681,.F.);
#1958=ORIENTED_EDGE('',*,*,#2676,.F.);
#1959=ORIENTED_EDGE('',*,*,#2681,.T.);
#1960=ORIENTED_EDGE('',*,*,#2258,.F.);
#1961=ORIENTED_EDGE('',*,*,#2682,.F.);
#1962=ORIENTED_EDGE('',*,*,#2674,.F.);
#1963=ORIENTED_EDGE('',*,*,#2682,.T.);
#1964=ORIENTED_EDGE('',*,*,#2257,.F.);
#1965=ORIENTED_EDGE('',*,*,#2636,.F.);
#1966=ORIENTED_EDGE('',*,*,#2147,.F.);
#1967=ORIENTED_EDGE('',*,*,#2683,.T.);
#1968=ORIENTED_EDGE('',*,*,#2684,.T.);
#1969=ORIENTED_EDGE('',*,*,#2685,.T.);
#1970=ORIENTED_EDGE('',*,*,#2561,.T.);
#1971=ORIENTED_EDGE('',*,*,#2686,.T.);
#1972=ORIENTED_EDGE('',*,*,#2564,.F.);
#1973=ORIENTED_EDGE('',*,*,#2686,.F.);
#1974=ORIENTED_EDGE('',*,*,#2584,.F.);
#1975=ORIENTED_EDGE('',*,*,#2687,.T.);
#1976=ORIENTED_EDGE('',*,*,#2688,.T.);
#1977=ORIENTED_EDGE('',*,*,#2559,.T.);
#1978=ORIENTED_EDGE('',*,*,#2562,.T.);
#1979=ORIENTED_EDGE('',*,*,#2685,.F.);
#1980=ORIENTED_EDGE('',*,*,#2689,.T.);
#1981=ORIENTED_EDGE('',*,*,#2571,.F.);
#1982=ORIENTED_EDGE('',*,*,#2688,.F.);
#1983=ORIENTED_EDGE('',*,*,#2690,.T.);
#1984=ORIENTED_EDGE('',*,*,#2683,.F.);
#1985=ORIENTED_EDGE('',*,*,#2560,.T.);
#1986=ORIENTED_EDGE('',*,*,#2691,.F.);
#1987=ORIENTED_EDGE('',*,*,#2640,.F.);
#1988=ORIENTED_EDGE('',*,*,#2692,.F.);
#1989=ORIENTED_EDGE('',*,*,#2535,.F.);
#1990=ORIENTED_EDGE('',*,*,#2692,.T.);
#1991=ORIENTED_EDGE('',*,*,#2539,.F.);
#1992=ORIENTED_EDGE('',*,*,#2693,.F.);
#1993=ORIENTED_EDGE('',*,*,#2536,.F.);
#1994=ORIENTED_EDGE('',*,*,#2691,.T.);
#1995=ORIENTED_EDGE('',*,*,#2534,.F.);
#1996=ORIENTED_EDGE('',*,*,#2694,.F.);
#1997=ORIENTED_EDGE('',*,*,#2108,.F.);
#1998=ORIENTED_EDGE('',*,*,#2693,.T.);
#1999=ORIENTED_EDGE('',*,*,#2639,.F.);
#2000=ORIENTED_EDGE('',*,*,#2695,.F.);
#2001=ORIENTED_EDGE('',*,*,#2537,.F.);
#2002=ORIENTED_EDGE('',*,*,#2694,.T.);
#2003=ORIENTED_EDGE('',*,*,#2533,.F.);
#2004=ORIENTED_EDGE('',*,*,#2696,.F.);
#2005=ORIENTED_EDGE('',*,*,#2638,.F.);
#2006=ORIENTED_EDGE('',*,*,#2695,.T.);
#2007=ORIENTED_EDGE('',*,*,#2590,.F.);
#2008=ORIENTED_EDGE('',*,*,#2697,.F.);
#2009=ORIENTED_EDGE('',*,*,#2530,.F.);
#2010=ORIENTED_EDGE('',*,*,#2696,.T.);
#2011=ORIENTED_EDGE('',*,*,#2532,.F.);
#2012=ORIENTED_EDGE('',*,*,#2698,.F.);
#2013=ORIENTED_EDGE('',*,*,#2542,.F.);
#2014=ORIENTED_EDGE('',*,*,#2697,.T.);
#2015=ORIENTED_EDGE('',*,*,#2637,.F.);
#2016=ORIENTED_EDGE('',*,*,#2698,.T.);
#2017=ORIENTED_EDGE('',*,*,#2531,.F.);
#2018=ORIENTED_EDGE('',*,*,#2583,.F.);
#2019=ORIENTED_EDGE('',*,*,#2699,.T.);
#2020=ORIENTED_EDGE('',*,*,#2210,.F.);
#2021=ORIENTED_EDGE('',*,*,#2700,.F.);
#2022=ORIENTED_EDGE('',*,*,#2687,.F.);
#2023=ORIENTED_EDGE('',*,*,#2700,.T.);
#2024=ORIENTED_EDGE('',*,*,#2209,.F.);
#2025=ORIENTED_EDGE('',*,*,#2701,.F.);
#2026=ORIENTED_EDGE('',*,*,#2690,.F.);
#2027=ORIENTED_EDGE('',*,*,#2701,.T.);
#2028=ORIENTED_EDGE('',*,*,#2208,.F.);
#2029=ORIENTED_EDGE('',*,*,#2702,.F.);
#2030=ORIENTED_EDGE('',*,*,#2684,.F.);
#2031=ORIENTED_EDGE('',*,*,#2677,.F.);
#2032=ORIENTED_EDGE('',*,*,#2689,.F.);
#2033=ORIENTED_EDGE('',*,*,#2702,.T.);
#2034=ORIENTED_EDGE('',*,*,#2207,.F.);
#2035=ORIENTED_EDGE('',*,*,#2582,.F.);
#2036=ORIENTED_EDGE('',*,*,#2703,.T.);
#2037=ORIENTED_EDGE('',*,*,#2211,.F.);
#2038=ORIENTED_EDGE('',*,*,#2699,.F.);
#2039=ORIENTED_EDGE('',*,*,#2213,.F.);
#2040=ORIENTED_EDGE('',*,*,#2704,.T.);
#2041=ORIENTED_EDGE('',*,*,#2580,.F.);
#2042=ORIENTED_EDGE('',*,*,#2629,.F.);
#2043=ORIENTED_EDGE('',*,*,#2212,.F.);
#2044=ORIENTED_EDGE('',*,*,#2703,.F.);
#2045=ORIENTED_EDGE('',*,*,#2581,.F.);
#2046=ORIENTED_EDGE('',*,*,#2704,.F.);
#2047=ORIENTED_EDGE('',*,*,#2570,.F.);
#2048=ORIENTED_EDGE('',*,*,#2138,.T.);
#2049=ORIENTED_EDGE('',*,*,#2569,.F.);
#2050=ORIENTED_EDGE('',*,*,#2139,.T.);
#2051=ORIENTED_EDGE('',*,*,#2140,.T.);
#2052=ORIENTED_EDGE('',*,*,#2568,.F.);
#2053=ORIENTED_EDGE('',*,*,#2141,.T.);
#2054=ORIENTED_EDGE('',*,*,#2567,.F.);
#2055=ORIENTED_EDGE('',*,*,#2172,.F.);
#2056=ORIENTED_EDGE('',*,*,#2547,.F.);
#2057=ORIENTED_EDGE('',*,*,#2194,.F.);
#2058=ORIENTED_EDGE('',*,*,#2705,.F.);
#2059=ORIENTED_EDGE('',*,*,#2173,.F.);
#2060=ORIENTED_EDGE('',*,*,#2705,.T.);
#2061=ORIENTED_EDGE('',*,*,#2193,.F.);
#2062=ORIENTED_EDGE('',*,*,#2641,.F.);
#2063=ORIENTED_EDGE('',*,*,#2170,.F.);
#2064=ORIENTED_EDGE('',*,*,#2706,.T.);
#2065=ORIENTED_EDGE('',*,*,#2196,.F.);
#2066=ORIENTED_EDGE('',*,*,#2546,.F.);
#2067=ORIENTED_EDGE('',*,*,#2169,.F.);
#2068=ORIENTED_EDGE('',*,*,#2642,.F.);
#2069=ORIENTED_EDGE('',*,*,#2182,.F.);
#2070=ORIENTED_EDGE('',*,*,#2706,.F.);
#2071=ORIENTED_EDGE('',*,*,#2707,.T.);
#2072=ORIENTED_EDGE('',*,*,#2085,.T.);
#2073=ORIENTED_EDGE('',*,*,#2708,.F.);
#2074=ORIENTED_EDGE('',*,*,#2709,.F.);
#2075=ORIENTED_EDGE('',*,*,#2708,.T.);
#2076=ORIENTED_EDGE('',*,*,#2709,.T.);
#2077=ORIENTED_EDGE('',*,*,#2707,.F.);
#2078=ORIENTED_EDGE('',*,*,#2710,.T.);
#2079=ORIENTED_EDGE('',*,*,#2106,.T.);
#2080=ORIENTED_EDGE('',*,*,#2711,.F.);
#2081=ORIENTED_EDGE('',*,*,#2712,.F.);
#2082=ORIENTED_EDGE('',*,*,#2711,.T.);
#2083=ORIENTED_EDGE('',*,*,#2712,.T.);
#2084=ORIENTED_EDGE('',*,*,#2710,.F.);
#2085=EDGE_CURVE('',#2713,#2713,#3133,.T.);
#2086=EDGE_CURVE('',#2714,#2715,#237,.T.);
#2087=EDGE_CURVE('',#2715,#2716,#3134,.T.);
#2088=EDGE_CURVE('',#2716,#2717,#238,.T.);
#2089=EDGE_CURVE('',#2717,#2718,#3135,.F.);
#2090=EDGE_CURVE('',#2719,#2718,#239,.T.);
#2091=EDGE_CURVE('',#2720,#2719,#240,.T.);
#2092=EDGE_CURVE('',#2720,#2721,#241,.T.);
#2093=EDGE_CURVE('',#2721,#2722,#242,.T.);
#2094=EDGE_CURVE('',#2723,#2722,#243,.T.);
#2095=EDGE_CURVE('',#2723,#2724,#3136,.F.);
#2096=EDGE_CURVE('',#2724,#2725,#244,.T.);
#2097=EDGE_CURVE('',#2725,#2726,#3137,.T.);
#2098=EDGE_CURVE('',#2726,#2727,#245,.T.);
#2099=EDGE_CURVE('',#2727,#2728,#3138,.T.);
#2100=EDGE_CURVE('',#2728,#2729,#246,.T.);
#2101=EDGE_CURVE('',#2729,#2730,#3139,.F.);
#2102=EDGE_CURVE('',#2731,#2730,#247,.T.);
#2103=EDGE_CURVE('',#2731,#2732,#3140,.F.);
#2104=EDGE_CURVE('',#2732,#2733,#248,.T.);
#2105=EDGE_CURVE('',#2733,#2714,#3141,.T.);
#2106=EDGE_CURVE('',#2734,#2734,#3142,.T.);
#2107=EDGE_CURVE('',#2735,#2736,#249,.F.);
#2108=EDGE_CURVE('',#2736,#2737,#250,.T.);
#2109=EDGE_CURVE('',#2737,#2738,#251,.T.);
#2110=EDGE_CURVE('',#2738,#2739,#3143,.T.);
#2111=EDGE_CURVE('',#2739,#2719,#3144,.T.);
#2112=EDGE_CURVE('',#2718,#2740,#252,.T.);
#2113=EDGE_CURVE('',#2740,#2741,#253,.T.);
#2114=EDGE_CURVE('',#2741,#2731,#254,.F.);
#2115=EDGE_CURVE('',#2730,#2742,#255,.T.);
#2116=EDGE_CURVE('',#2742,#2743,#256,.T.);
#2117=EDGE_CURVE('',#2743,#2723,#257,.F.);
#2118=EDGE_CURVE('',#2722,#2744,#3145,.T.);
#2119=EDGE_CURVE('',#2744,#2735,#3146,.T.);
#2120=EDGE_CURVE('',#2745,#2745,#3147,.F.);
#2121=EDGE_CURVE('',#2746,#2746,#3148,.F.);
#2122=EDGE_CURVE('',#2747,#2747,#3149,.F.);
#2123=EDGE_CURVE('',#2748,#2748,#3150,.F.);
#2124=EDGE_CURVE('',#2749,#2749,#3151,.F.);
#2125=EDGE_CURVE('',#2750,#2750,#3152,.F.);
#2126=EDGE_CURVE('',#2751,#2752,#258,.T.);
#2127=EDGE_CURVE('',#2752,#2753,#3153,.T.);
#2128=EDGE_CURVE('',#2753,#2754,#259,.T.);
#2129=EDGE_CURVE('',#2754,#2755,#3154,.T.);
#2130=EDGE_CURVE('',#2755,#2756,#260,.T.);
#2131=EDGE_CURVE('',#2756,#2757,#3155,.T.);
#2132=EDGE_CURVE('',#2757,#2758,#261,.T.);
#2133=EDGE_CURVE('',#2758,#2751,#3156,.T.);
#2134=EDGE_CURVE('',#2759,#2759,#3157,.F.);
#2135=EDGE_CURVE('',#2760,#2760,#3158,.F.);
#2136=EDGE_CURVE('',#2761,#2761,#3159,.F.);
#2137=EDGE_CURVE('',#2762,#2762,#3160,.F.);
#2138=EDGE_CURVE('',#2763,#2763,#3161,.F.);
#2139=EDGE_CURVE('',#2764,#2764,#3162,.F.);
#2140=EDGE_CURVE('',#2765,#2765,#3163,.F.);
#2141=EDGE_CURVE('',#2766,#2766,#3164,.F.);
#2142=EDGE_CURVE('',#2767,#2767,#3165,.F.);
#2143=EDGE_CURVE('',#2768,#2768,#3166,.F.);
#2144=EDGE_CURVE('',#2769,#2769,#3167,.F.);
#2145=EDGE_CURVE('',#2770,#2770,#3168,.F.);
#2146=EDGE_CURVE('',#2771,#2772,#262,.F.);
#2147=EDGE_CURVE('',#2772,#2773,#263,.T.);
#2148=EDGE_CURVE('',#2773,#2774,#264,.F.);
#2149=EDGE_CURVE('',#2774,#2775,#92,.F.);
#2150=EDGE_CURVE('',#2776,#2775,#265,.T.);
#2151=EDGE_CURVE('',#2776,#2777,#93,.T.);
#2152=EDGE_CURVE('',#2777,#2778,#266,.F.);
#2153=EDGE_CURVE('',#2778,#2779,#267,.T.);
#2154=EDGE_CURVE('',#2779,#2780,#268,.T.);
#2155=EDGE_CURVE('',#2780,#2771,#269,.T.);
#2156=EDGE_CURVE('',#2781,#2782,#270,.T.);
#2157=EDGE_CURVE('',#2783,#2781,#271,.T.);
#2158=EDGE_CURVE('',#2784,#2783,#272,.T.);
#2159=EDGE_CURVE('',#2784,#2782,#273,.T.);
#2160=EDGE_CURVE('',#2785,#2786,#274,.T.);
#2161=EDGE_CURVE('',#2787,#2785,#275,.T.);
#2162=EDGE_CURVE('',#2788,#2787,#276,.T.);
#2163=EDGE_CURVE('',#2786,#2788,#277,.T.);
#2164=EDGE_CURVE('',#2789,#2790,#3169,.T.);
#2165=EDGE_CURVE('',#2791,#2789,#278,.T.);
#2166=EDGE_CURVE('',#2792,#2791,#3170,.T.);
#2167=EDGE_CURVE('',#2790,#2792,#279,.F.);
#2168=EDGE_CURVE('',#2793,#2789,#280,.T.);
#2169=EDGE_CURVE('',#2793,#2794,#3171,.F.);
#2170=EDGE_CURVE('',#2794,#2795,#3172,.T.);
#2171=EDGE_CURVE('',#2795,#2796,#281,.T.);
#2172=EDGE_CURVE('',#2796,#2797,#3173,.T.);
#2173=EDGE_CURVE('',#2797,#2798,#3174,.F.);
#2174=EDGE_CURVE('',#2799,#2798,#282,.T.);
#2175=EDGE_CURVE('',#2799,#2800,#283,.T.);
#2176=EDGE_CURVE('',#2800,#2801,#284,.T.);
#2177=EDGE_CURVE('',#2801,#2802,#3175,.T.);
#2178=EDGE_CURVE('',#2802,#2784,#3176,.T.);
#2179=EDGE_CURVE('',#2783,#2803,#3177,.T.);
#2180=EDGE_CURVE('',#2803,#2804,#3178,.T.);
#2181=EDGE_CURVE('',#2804,#2791,#285,.T.);
#2182=EDGE_CURVE('',#2805,#2806,#3179,.T.);
#2183=EDGE_CURVE('',#2807,#2806,#286,.T.);
#2184=EDGE_CURVE('',#2807,#2808,#287,.F.);
#2185=EDGE_CURVE('',#2809,#2808,#288,.T.);
#2186=EDGE_CURVE('',#2810,#2809,#3180,.T.);
#2187=EDGE_CURVE('',#2721,#2810,#3181,.T.);
#2188=EDGE_CURVE('',#2811,#2720,#3182,.T.);
#2189=EDGE_CURVE('',#2812,#2811,#3183,.T.);
#2190=EDGE_CURVE('',#2813,#2812,#289,.T.);
#2191=EDGE_CURVE('',#2813,#2814,#290,.T.);
#2192=EDGE_CURVE('',#2815,#2814,#291,.T.);
#2193=EDGE_CURVE('',#2815,#2816,#3184,.T.);
#2194=EDGE_CURVE('',#2816,#2817,#3185,.F.);
#2195=EDGE_CURVE('',#2818,#2817,#292,.T.);
#2196=EDGE_CURVE('',#2818,#2805,#3186,.F.);
#2197=EDGE_CURVE('',#2819,#2820,#293,.T.);
#2198=EDGE_CURVE('',#2821,#2820,#294,.T.);
#2199=EDGE_CURVE('',#2821,#2822,#295,.F.);
#2200=EDGE_CURVE('',#2819,#2822,#296,.T.);
#2201=EDGE_CURVE('',#2823,#2824,#297,.T.);
#2202=EDGE_CURVE('',#2823,#2825,#298,.T.);
#2203=EDGE_CURVE('',#2825,#2826,#299,.T.);
#2204=EDGE_CURVE('',#2826,#2824,#300,.T.);
#2205=EDGE_CURVE('',#2827,#2827,#3187,.T.);
#2206=EDGE_CURVE('',#2828,#2828,#3188,.F.);
#2207=EDGE_CURVE('',#2829,#2830,#3189,.T.);
#2208=EDGE_CURVE('',#2830,#2831,#301,.T.);
#2209=EDGE_CURVE('',#2831,#2832,#3190,.T.);
#2210=EDGE_CURVE('',#2832,#2833,#3191,.F.);
#2211=EDGE_CURVE('',#2833,#2834,#94,.T.);
#2212=EDGE_CURVE('',#2834,#2835,#95,.T.);
#2213=EDGE_CURVE('',#2835,#2836,#96,.T.);
#2214=EDGE_CURVE('',#2836,#2837,#3192,.F.);
#2215=EDGE_CURVE('',#2837,#2838,#3193,.T.);
#2216=EDGE_CURVE('',#2838,#2839,#302,.T.);
#2217=EDGE_CURVE('',#2839,#2840,#3194,.T.);
#2218=EDGE_CURVE('',#2840,#2841,#3195,.F.);
#2219=EDGE_CURVE('',#2841,#2842,#303,.T.);
#2220=EDGE_CURVE('',#2842,#2843,#3196,.F.);
#2221=EDGE_CURVE('',#2843,#2844,#3197,.T.);
#2222=EDGE_CURVE('',#2844,#2845,#3198,.F.);
#2223=EDGE_CURVE('',#2845,#2846,#304,.T.);
#2224=EDGE_CURVE('',#2846,#2847,#3199,.F.);
#2225=EDGE_CURVE('',#2847,#2848,#3200,.T.);
#2226=EDGE_CURVE('',#2848,#2849,#305,.T.);
#2227=EDGE_CURVE('',#2849,#2850,#97,.T.);
#2228=EDGE_CURVE('',#2850,#2851,#98,.T.);
#2229=EDGE_CURVE('',#2851,#2852,#306,.T.);
#2230=EDGE_CURVE('',#2852,#2853,#3201,.F.);
#2231=EDGE_CURVE('',#2853,#2854,#3202,.T.);
#2232=EDGE_CURVE('',#2854,#2855,#3203,.F.);
#2233=EDGE_CURVE('',#2855,#2856,#307,.T.);
#2234=EDGE_CURVE('',#2856,#2857,#3204,.F.);
#2235=EDGE_CURVE('',#2857,#2858,#3205,.T.);
#2236=EDGE_CURVE('',#2858,#2859,#3206,.F.);
#2237=EDGE_CURVE('',#2859,#2860,#308,.T.);
#2238=EDGE_CURVE('',#2860,#2861,#3207,.F.);
#2239=EDGE_CURVE('',#2861,#2862,#3208,.T.);
#2240=EDGE_CURVE('',#2862,#2863,#3209,.F.);
#2241=EDGE_CURVE('',#2863,#2864,#309,.T.);
#2242=EDGE_CURVE('',#2864,#2865,#3210,.F.);
#2243=EDGE_CURVE('',#2865,#2866,#3211,.T.);
#2244=EDGE_CURVE('',#2866,#2867,#310,.T.);
#2245=EDGE_CURVE('',#2867,#2868,#3212,.T.);
#2246=EDGE_CURVE('',#2868,#2869,#3213,.F.);
#2247=EDGE_CURVE('',#2869,#2870,#311,.T.);
#2248=EDGE_CURVE('',#2870,#2871,#3214,.F.);
#2249=EDGE_CURVE('',#2871,#2872,#3215,.T.);
#2250=EDGE_CURVE('',#2872,#2873,#3216,.F.);
#2251=EDGE_CURVE('',#2873,#2874,#312,.T.);
#2252=EDGE_CURVE('',#2874,#2875,#3217,.F.);
#2253=EDGE_CURVE('',#2875,#2876,#3218,.T.);
#2254=EDGE_CURVE('',#2876,#2877,#313,.T.);
#2255=EDGE_CURVE('',#2877,#2878,#3219,.T.);
#2256=EDGE_CURVE('',#2878,#2879,#3220,.F.);
#2257=EDGE_CURVE('',#2879,#2880,#314,.T.);
#2258=EDGE_CURVE('',#2880,#2881,#3221,.F.);
#2259=EDGE_CURVE('',#2881,#2882,#3222,.T.);
#2260=EDGE_CURVE('',#2882,#2883,#315,.F.);
#2261=EDGE_CURVE('',#2883,#2884,#3223,.T.);
#2262=EDGE_CURVE('',#2884,#2829,#316,.T.);
#2263=EDGE_CURVE('',#2885,#2885,#3224,.F.);
#2264=EDGE_CURVE('',#2886,#2886,#3225,.F.);
#2265=EDGE_CURVE('',#2887,#2887,#3226,.F.);
#2266=EDGE_CURVE('',#2888,#2888,#3227,.F.);
#2267=EDGE_CURVE('',#2889,#2889,#3228,.T.);
#2268=EDGE_CURVE('',#2890,#2890,#3229,.T.);
#2269=EDGE_CURVE('',#2891,#2891,#3230,.T.);
#2270=EDGE_CURVE('',#2892,#2892,#3231,.T.);
#2271=EDGE_CURVE('',#2893,#2893,#3232,.T.);
#2272=EDGE_CURVE('',#2894,#2894,#3233,.T.);
#2273=EDGE_CURVE('',#2895,#2895,#3234,.T.);
#2274=EDGE_CURVE('',#2896,#2896,#3235,.T.);
#2275=EDGE_CURVE('',#2897,#2897,#3236,.T.);
#2276=EDGE_CURVE('',#2898,#2898,#3237,.T.);
#2277=EDGE_CURVE('',#2899,#2899,#3238,.T.);
#2278=EDGE_CURVE('',#2900,#2900,#3239,.T.);
#2279=EDGE_CURVE('',#2901,#2901,#3240,.T.);
#2280=EDGE_CURVE('',#2902,#2902,#3241,.T.);
#2281=EDGE_CURVE('',#2903,#2903,#3242,.T.);
#2282=EDGE_CURVE('',#2904,#2904,#3243,.T.);
#2283=EDGE_CURVE('',#2905,#2906,#3244,.T.);
#2284=EDGE_CURVE('',#2907,#2906,#3245,.F.);
#2285=EDGE_CURVE('',#2908,#2907,#99,.T.);
#2286=EDGE_CURVE('',#2905,#2908,#3246,.T.);
#2287=EDGE_CURVE('',#2909,#2910,#3247,.T.);
#2288=EDGE_CURVE('',#2906,#2910,#3248,.T.);
#2289=EDGE_CURVE('',#2909,#2905,#3249,.F.);
#2290=EDGE_CURVE('',#2911,#2912,#3250,.T.);
#2291=EDGE_CURVE('',#2910,#2912,#317,.T.);
#2292=EDGE_CURVE('',#2913,#2909,#318,.F.);
#2293=EDGE_CURVE('',#2911,#2913,#319,.F.);
#2294=EDGE_CURVE('',#2914,#2915,#3251,.T.);
#2295=EDGE_CURVE('',#2912,#2915,#3252,.T.);
#2296=EDGE_CURVE('',#2914,#2911,#3253,.F.);
#2297=EDGE_CURVE('',#2916,#2917,#100,.F.);
#2298=EDGE_CURVE('',#2915,#2916,#3254,.F.);
#2299=EDGE_CURVE('',#2917,#2914,#3255,.T.);
#2300=EDGE_CURVE('',#2918,#2774,#3256,.F.);
#2301=EDGE_CURVE('',#2918,#2919,#3257,.T.);
#2302=EDGE_CURVE('',#2775,#2919,#3258,.T.);
#2303=EDGE_CURVE('',#2920,#2921,#3259,.T.);
#2304=EDGE_CURVE('',#2919,#2921,#3260,.F.);
#2305=EDGE_CURVE('',#2920,#2918,#3261,.T.);
#2306=EDGE_CURVE('',#2922,#2923,#320,.F.);
#2307=EDGE_CURVE('',#2921,#2922,#321,.F.);
#2308=EDGE_CURVE('',#2924,#2920,#322,.T.);
#2309=EDGE_CURVE('',#2924,#2923,#3262,.T.);
#2310=EDGE_CURVE('',#2925,#2926,#3263,.T.);
#2311=EDGE_CURVE('',#2923,#2926,#3264,.F.);
#2312=EDGE_CURVE('',#2925,#2924,#3265,.T.);
#2313=EDGE_CURVE('',#2926,#2776,#3266,.T.);
#2314=EDGE_CURVE('',#2777,#2925,#3267,.F.);
#2315=EDGE_CURVE('',#2927,#2918,#323,.F.);
#2316=EDGE_CURVE('',#2927,#2928,#3268,.F.);
#2317=EDGE_CURVE('',#2920,#2928,#324,.F.);
#2318=EDGE_CURVE('',#2929,#2924,#325,.F.);
#2319=EDGE_CURVE('',#2929,#2930,#3269,.F.);
#2320=EDGE_CURVE('',#2925,#2930,#326,.F.);
#2321=EDGE_CURVE('',#2931,#2915,#327,.F.);
#2322=EDGE_CURVE('',#2931,#2932,#3270,.F.);
#2323=EDGE_CURVE('',#2912,#2932,#328,.F.);
#2324=EDGE_CURVE('',#2933,#2910,#329,.F.);
#2325=EDGE_CURVE('',#2933,#2934,#3271,.F.);
#2326=EDGE_CURVE('',#2906,#2934,#330,.F.);
#2327=EDGE_CURVE('',#2773,#2927,#3272,.T.);
#2328=EDGE_CURVE('',#2930,#2778,#3273,.T.);
#2329=EDGE_CURVE('',#2934,#2935,#3274,.T.);
#2330=EDGE_CURVE('',#2907,#2935,#331,.F.);
#2331=EDGE_CURVE('',#2936,#2916,#332,.F.);
#2332=EDGE_CURVE('',#2936,#2931,#3275,.T.);
#2333=EDGE_CURVE('',#2937,#2937,#3276,.T.);
#2334=EDGE_CURVE('',#2913,#2913,#3277,.T.);
#2335=EDGE_CURVE('',#2938,#2938,#3278,.T.);
#2336=EDGE_CURVE('',#2939,#2939,#3279,.T.);
#2337=EDGE_CURVE('',#2922,#2922,#3280,.T.);
#2338=EDGE_CURVE('',#2940,#2940,#3281,.T.);
#2339=EDGE_CURVE('',#2908,#2917,#333,.T.);
#2340=EDGE_CURVE('',#2932,#2933,#334,.T.);
#2341=EDGE_CURVE('',#2928,#2929,#335,.T.);
#2342=EDGE_CURVE('',#2941,#2942,#3282,.T.);
#2343=EDGE_CURVE('',#2943,#2942,#3283,.F.);
#2344=EDGE_CURVE('',#2944,#2943,#101,.T.);
#2345=EDGE_CURVE('',#2941,#2944,#3284,.T.);
#2346=EDGE_CURVE('',#2945,#2946,#3285,.T.);
#2347=EDGE_CURVE('',#2942,#2946,#3286,.T.);
#2348=EDGE_CURVE('',#2945,#2941,#3287,.F.);
#2349=EDGE_CURVE('',#2947,#2948,#3288,.T.);
#2350=EDGE_CURVE('',#2946,#2948,#336,.T.);
#2351=EDGE_CURVE('',#2949,#2945,#337,.F.);
#2352=EDGE_CURVE('',#2947,#2949,#338,.F.);
#2353=EDGE_CURVE('',#2950,#2951,#3289,.T.);
#2354=EDGE_CURVE('',#2948,#2951,#3290,.T.);
#2355=EDGE_CURVE('',#2950,#2947,#3291,.F.);
#2356=EDGE_CURVE('',#2952,#2953,#102,.F.);
#2357=EDGE_CURVE('',#2951,#2952,#3292,.F.);
#2358=EDGE_CURVE('',#2953,#2950,#3293,.T.);
#2359=EDGE_CURVE('',#2954,#2955,#103,.F.);
#2360=EDGE_CURVE('',#2956,#2954,#25,.T.);
#2361=EDGE_CURVE('',#2956,#2957,#3294,.T.);
#2362=EDGE_CURVE('',#2955,#2957,#26,.T.);
#2363=EDGE_CURVE('',#2958,#2959,#3295,.T.);
#2364=EDGE_CURVE('',#2957,#2959,#27,.F.);
#2365=EDGE_CURVE('',#2958,#2956,#28,.F.);
#2366=EDGE_CURVE('',#2960,#2961,#339,.F.);
#2367=EDGE_CURVE('',#2959,#2960,#340,.F.);
#2368=EDGE_CURVE('',#2962,#2958,#341,.T.);
#2369=EDGE_CURVE('',#2962,#2961,#3296,.T.);
#2370=EDGE_CURVE('',#2963,#2964,#3297,.T.);
#2371=EDGE_CURVE('',#2961,#2964,#3298,.F.);
#2372=EDGE_CURVE('',#2963,#2962,#3299,.T.);
#2373=EDGE_CURVE('',#2965,#2966,#104,.T.);
#2374=EDGE_CURVE('',#2964,#2965,#3300,.T.);
#2375=EDGE_CURVE('',#2966,#2963,#3301,.F.);
#2376=EDGE_CURVE('',#2967,#2962,#342,.F.);
#2377=EDGE_CURVE('',#2967,#2968,#3302,.F.);
#2378=EDGE_CURVE('',#2963,#2968,#343,.F.);
#2379=EDGE_CURVE('',#2969,#2951,#344,.F.);
#2380=EDGE_CURVE('',#2969,#2970,#3303,.F.);
#2381=EDGE_CURVE('',#2948,#2970,#345,.F.);
#2382=EDGE_CURVE('',#2971,#2946,#346,.F.);
#2383=EDGE_CURVE('',#2971,#2972,#3304,.F.);
#2384=EDGE_CURVE('',#2942,#2972,#347,.F.);
#2385=EDGE_CURVE('',#2973,#2956,#348,.F.);
#2386=EDGE_CURVE('',#2973,#2974,#105,.T.);
#2387=EDGE_CURVE('',#2958,#2974,#349,.F.);
#2388=EDGE_CURVE('',#2968,#2975,#3305,.T.);
#2389=EDGE_CURVE('',#2966,#2975,#350,.F.);
#2390=EDGE_CURVE('',#2972,#2976,#3306,.T.);
#2391=EDGE_CURVE('',#2943,#2976,#351,.F.);
#2392=EDGE_CURVE('',#2977,#2952,#352,.F.);
#2393=EDGE_CURVE('',#2977,#2969,#3307,.T.);
#2394=EDGE_CURVE('',#2978,#2954,#353,.F.);
#2395=EDGE_CURVE('',#2978,#2973,#106,.T.);
#2396=EDGE_CURVE('',#2979,#2979,#3308,.T.);
#2397=EDGE_CURVE('',#2960,#2960,#3309,.T.);
#2398=EDGE_CURVE('',#2980,#2980,#3310,.T.);
#2399=EDGE_CURVE('',#2981,#2981,#3311,.T.);
#2400=EDGE_CURVE('',#2949,#2949,#3312,.T.);
#2401=EDGE_CURVE('',#2982,#2982,#3313,.T.);
#2402=EDGE_CURVE('',#2953,#2944,#354,.T.);
#2403=EDGE_CURVE('',#2970,#2971,#355,.T.);
#2404=EDGE_CURVE('',#2965,#2955,#356,.T.);
#2405=EDGE_CURVE('',#2974,#2967,#357,.T.);
#2406=EDGE_CURVE('',#2983,#2983,#3314,.T.);
#2407=EDGE_CURVE('',#2984,#2984,#3315,.T.);
#2408=EDGE_CURVE('',#2985,#2821,#3316,.F.);
#2409=EDGE_CURVE('',#2986,#2985,#358,.T.);
#2410=EDGE_CURVE('',#2822,#2986,#3317,.T.);
#2411=EDGE_CURVE('',#2820,#2987,#3318,.F.);
#2412=EDGE_CURVE('',#2988,#2819,#3319,.T.);
#2413=EDGE_CURVE('',#2987,#2988,#359,.F.);
#2414=EDGE_CURVE('',#2824,#2785,#3320,.T.);
#2415=EDGE_CURVE('',#2826,#2787,#3321,.T.);
#2416=EDGE_CURVE('',#2989,#2823,#3322,.T.);
#2417=EDGE_CURVE('',#2990,#2989,#360,.T.);
#2418=EDGE_CURVE('',#2990,#2825,#3323,.T.);
#2419=EDGE_CURVE('',#2991,#2807,#3324,.F.);
#2420=EDGE_CURVE('',#2992,#2991,#361,.T.);
#2421=EDGE_CURVE('',#2808,#2992,#3325,.T.);
#2422=EDGE_CURVE('',#2790,#2989,#362,.T.);
#2423=EDGE_CURVE('',#2792,#2990,#363,.T.);
#2424=EDGE_CURVE('',#2814,#2993,#3326,.F.);
#2425=EDGE_CURVE('',#2994,#2813,#3327,.T.);
#2426=EDGE_CURVE('',#2993,#2994,#364,.F.);
#2427=EDGE_CURVE('',#2786,#2799,#3328,.T.);
#2428=EDGE_CURVE('',#2788,#2800,#3329,.T.);
#2429=EDGE_CURVE('',#2995,#2996,#3330,.F.);
#2430=EDGE_CURVE('',#2804,#2996,#365,.T.);
#2431=EDGE_CURVE('',#2803,#2995,#366,.T.);
#2432=EDGE_CURVE('',#2995,#2781,#3331,.F.);
#2433=EDGE_CURVE('',#2782,#2997,#3332,.F.);
#2434=EDGE_CURVE('',#2802,#2997,#367,.T.);
#2435=EDGE_CURVE('',#2993,#2985,#368,.T.);
#2436=EDGE_CURVE('',#2994,#2986,#369,.T.);
#2437=EDGE_CURVE('',#2809,#2998,#370,.T.);
#2438=EDGE_CURVE('',#2998,#2735,#107,.T.);
#2439=EDGE_CURVE('',#2810,#2744,#371,.T.);
#2440=EDGE_CURVE('',#2811,#2739,#372,.T.);
#2441=EDGE_CURVE('',#2738,#2999,#108,.T.);
#2442=EDGE_CURVE('',#2812,#2999,#373,.F.);
#2443=EDGE_CURVE('',#2987,#2991,#374,.T.);
#2444=EDGE_CURVE('',#2988,#2992,#375,.T.);
#2445=EDGE_CURVE('',#2999,#3000,#3333,.F.);
#2446=EDGE_CURVE('',#3000,#3001,#376,.T.);
#2447=EDGE_CURVE('',#3001,#3002,#3334,.F.);
#2448=EDGE_CURVE('',#3003,#3002,#377,.T.);
#2449=EDGE_CURVE('',#3003,#3004,#3335,.F.);
#2450=EDGE_CURVE('',#3004,#3005,#378,.T.);
#2451=EDGE_CURVE('',#3005,#2998,#3336,.F.);
#2452=EDGE_CURVE('',#3006,#3006,#3337,.T.);
#2453=EDGE_CURVE('',#3007,#3007,#3338,.T.);
#2454=EDGE_CURVE('',#3008,#3009,#3339,.F.);
#2455=EDGE_CURVE('',#2757,#3009,#379,.T.);
#2456=EDGE_CURVE('',#2756,#3008,#380,.T.);
#2457=EDGE_CURVE('',#3010,#3008,#381,.T.);
#2458=EDGE_CURVE('',#2755,#3010,#382,.T.);
#2459=EDGE_CURVE('',#3011,#3010,#3340,.F.);
#2460=EDGE_CURVE('',#2754,#3011,#383,.T.);
#2461=EDGE_CURVE('',#3012,#3011,#384,.T.);
#2462=EDGE_CURVE('',#2753,#3012,#385,.T.);
#2463=EDGE_CURVE('',#3013,#3012,#3341,.F.);
#2464=EDGE_CURVE('',#2752,#3013,#386,.T.);
#2465=EDGE_CURVE('',#3014,#3013,#387,.T.);
#2466=EDGE_CURVE('',#2751,#3014,#388,.T.);
#2467=EDGE_CURVE('',#3015,#3014,#3342,.F.);
#2468=EDGE_CURVE('',#2758,#3015,#389,.T.);
#2469=EDGE_CURVE('',#3016,#3016,#3343,.T.);
#2470=EDGE_CURVE('',#3017,#3017,#3344,.T.);
#2471=EDGE_CURVE('',#3018,#3018,#3345,.T.);
#2472=EDGE_CURVE('',#3019,#3019,#3346,.T.);
#2473=EDGE_CURVE('',#3020,#3020,#3347,.T.);
#2474=EDGE_CURVE('',#3021,#3021,#3348,.T.);
#2475=EDGE_CURVE('',#3022,#3022,#3349,.T.);
#2476=EDGE_CURVE('',#3023,#3023,#3350,.T.);
#2477=EDGE_CURVE('',#3024,#3024,#3351,.T.);
#2478=EDGE_CURVE('',#3025,#3025,#3352,.T.);
#2479=EDGE_CURVE('',#3026,#3026,#3353,.T.);
#2480=EDGE_CURVE('',#3027,#3027,#3354,.T.);
#2481=EDGE_CURVE('',#3028,#3029,#390,.T.);
#2482=EDGE_CURVE('',#3028,#3030,#3355,.T.);
#2483=EDGE_CURVE('',#3031,#3030,#391,.T.);
#2484=EDGE_CURVE('',#3029,#3031,#3356,.F.);
#2485=EDGE_CURVE('',#3032,#3033,#392,.F.);
#2486=EDGE_CURVE('',#3032,#3034,#3357,.T.);
#2487=EDGE_CURVE('',#3035,#3034,#393,.F.);
#2488=EDGE_CURVE('',#3033,#3035,#3358,.F.);
#2489=EDGE_CURVE('',#3036,#3037,#394,.T.);
#2490=EDGE_CURVE('',#3036,#3038,#3359,.T.);
#2491=EDGE_CURVE('',#3039,#3038,#395,.F.);
#2492=EDGE_CURVE('',#3037,#3039,#3360,.F.);
#2493=EDGE_CURVE('',#3040,#3041,#396,.T.);
#2494=EDGE_CURVE('',#3040,#3042,#3361,.T.);
#2495=EDGE_CURVE('',#3043,#3042,#397,.F.);
#2496=EDGE_CURVE('',#3041,#3043,#3362,.F.);
#2497=EDGE_CURVE('',#3044,#3045,#398,.T.);
#2498=EDGE_CURVE('',#3044,#3046,#3363,.T.);
#2499=EDGE_CURVE('',#3047,#3046,#399,.T.);
#2500=EDGE_CURVE('',#3045,#3047,#3364,.F.);
#2501=EDGE_CURVE('',#3048,#3049,#400,.F.);
#2502=EDGE_CURVE('',#3048,#3050,#3365,.T.);
#2503=EDGE_CURVE('',#3051,#3050,#401,.F.);
#2504=EDGE_CURVE('',#3049,#3051,#3366,.F.);
#2505=EDGE_CURVE('',#3052,#3053,#402,.T.);
#2506=EDGE_CURVE('',#3052,#3054,#3367,.T.);
#2507=EDGE_CURVE('',#3055,#3054,#403,.F.);
#2508=EDGE_CURVE('',#3053,#3055,#3368,.F.);
#2509=EDGE_CURVE('',#2779,#3056,#3369,.T.);
#2510=EDGE_CURVE('',#3057,#3056,#404,.F.);
#2511=EDGE_CURVE('',#3057,#2780,#3370,.T.);
#2512=EDGE_CURVE('',#3058,#3059,#405,.T.);
#2513=EDGE_CURVE('',#3058,#3060,#3371,.T.);
#2514=EDGE_CURVE('',#3061,#3060,#406,.F.);
#2515=EDGE_CURVE('',#3059,#3061,#3372,.F.);
#2516=EDGE_CURVE('',#3062,#3063,#407,.T.);
#2517=EDGE_CURVE('',#3062,#3064,#3373,.T.);
#2518=EDGE_CURVE('',#3065,#3064,#408,.F.);
#2519=EDGE_CURVE('',#3065,#3063,#3374,.T.);
#2520=EDGE_CURVE('',#3056,#3052,#3375,.F.);
#2521=EDGE_CURVE('',#3057,#3053,#3376,.T.);
#2522=EDGE_CURVE('',#3050,#3044,#3377,.F.);
#2523=EDGE_CURVE('',#3051,#3045,#3378,.T.);
#2524=EDGE_CURVE('',#3042,#3036,#3379,.F.);
#2525=EDGE_CURVE('',#3043,#3037,#3380,.T.);
#2526=EDGE_CURVE('',#3034,#3028,#3381,.F.);
#2527=EDGE_CURVE('',#3035,#3029,#3382,.T.);
#2528=EDGE_CURVE('',#3064,#3058,#3383,.F.);
#2529=EDGE_CURVE('',#3059,#3065,#3384,.F.);
#2530=EDGE_CURVE('',#3066,#3067,#409,.T.);
#2531=EDGE_CURVE('',#3067,#3068,#3385,.T.);
#2532=EDGE_CURVE('',#3068,#3069,#410,.T.);
#2533=EDGE_CURVE('',#3069,#3070,#3386,.T.);
#2534=EDGE_CURVE('',#3070,#3071,#411,.T.);
#2535=EDGE_CURVE('',#3071,#3072,#3387,.T.);
#2536=EDGE_CURVE('',#3072,#3073,#412,.T.);
#2537=EDGE_CURVE('',#3073,#3066,#3388,.T.);
#2538=EDGE_CURVE('',#3004,#3074,#413,.F.);
#2539=EDGE_CURVE('',#3074,#3075,#414,.T.);
#2540=EDGE_CURVE('',#3075,#3005,#415,.T.);
#2541=EDGE_CURVE('',#3000,#3076,#416,.F.);
#2542=EDGE_CURVE('',#3076,#3077,#417,.T.);
#2543=EDGE_CURVE('',#3077,#3001,#418,.T.);
#2544=EDGE_CURVE('',#3046,#3040,#419,.T.);
#2545=EDGE_CURVE('',#3047,#3041,#420,.T.);
#2546=EDGE_CURVE('',#2795,#2818,#421,.T.);
#2547=EDGE_CURVE('',#2817,#2796,#422,.T.);
#2548=EDGE_CURVE('',#2801,#3078,#423,.F.);
#2549=EDGE_CURVE('',#2997,#3078,#3389,.T.);
#2550=EDGE_CURVE('',#2996,#3079,#424,.T.);
#2551=EDGE_CURVE('',#3079,#3080,#3390,.T.);
#2552=EDGE_CURVE('',#3081,#3080,#425,.T.);
#2553=EDGE_CURVE('',#3082,#3081,#3391,.F.);
#2554=EDGE_CURVE('',#2771,#3082,#3392,.T.);
#2555=EDGE_CURVE('',#3055,#3049,#426,.T.);
#2556=EDGE_CURVE('',#3039,#3033,#427,.T.);
#2557=EDGE_CURVE('',#3063,#3031,#428,.T.);
#2558=EDGE_CURVE('',#3061,#3083,#429,.T.);
#2559=EDGE_CURVE('',#3084,#3083,#3393,.T.);
#2560=EDGE_CURVE('',#3085,#3084,#3394,.F.);
#2561=EDGE_CURVE('',#3086,#3085,#430,.T.);
#2562=EDGE_CURVE('',#3087,#3086,#3395,.F.);
#2563=EDGE_CURVE('',#3087,#3078,#431,.T.);
#2564=EDGE_CURVE('',#3088,#3088,#3396,.T.);
#2565=EDGE_CURVE('',#3089,#3089,#3397,.T.);
#2566=EDGE_CURVE('',#3009,#3015,#432,.T.);
#2567=EDGE_CURVE('',#3090,#3090,#3398,.T.);
#2568=EDGE_CURVE('',#3091,#3091,#3399,.T.);
#2569=EDGE_CURVE('',#3092,#3092,#3400,.T.);
#2570=EDGE_CURVE('',#3093,#3093,#3401,.T.);
#2571=EDGE_CURVE('',#3087,#3094,#433,.F.);
#2572=EDGE_CURVE('',#3094,#3095,#434,.T.);
#2573=EDGE_CURVE('',#3095,#3079,#435,.T.);
#2574=EDGE_CURVE('',#3096,#3096,#3402,.T.);
#2575=EDGE_CURVE('',#3097,#3097,#3403,.T.);
#2576=EDGE_CURVE('',#3098,#3098,#3404,.T.);
#2577=EDGE_CURVE('',#3099,#3099,#3405,.T.);
#2578=EDGE_CURVE('',#2975,#3062,#436,.T.);
#2579=EDGE_CURVE('',#3030,#2978,#437,.T.);
#2580=EDGE_CURVE('',#3100,#3101,#109,.T.);
#2581=EDGE_CURVE('',#3101,#3102,#110,.T.);
#2582=EDGE_CURVE('',#3102,#3103,#111,.T.);
#2583=EDGE_CURVE('',#3103,#3104,#112,.T.);
#2584=EDGE_CURVE('',#3104,#3083,#438,.T.);
#2585=EDGE_CURVE('',#3060,#2977,#439,.T.);
#2586=EDGE_CURVE('',#2976,#3100,#113,.F.);
#2587=EDGE_CURVE('',#2935,#3048,#440,.T.);
#2588=EDGE_CURVE('',#3054,#2936,#441,.T.);
#2589=EDGE_CURVE('',#3002,#3105,#442,.F.);
#2590=EDGE_CURVE('',#3105,#3106,#443,.T.);
#2591=EDGE_CURVE('',#3106,#3003,#444,.T.);
#2592=EDGE_CURVE('',#3038,#3032,#445,.T.);
#2593=EDGE_CURVE('',#2855,#3032,#446,.T.);
#2594=EDGE_CURVE('',#3034,#2854,#447,.T.);
#2595=EDGE_CURVE('',#3028,#2853,#448,.T.);
#2596=EDGE_CURVE('',#2856,#3038,#449,.T.);
#2597=EDGE_CURVE('',#3030,#2852,#450,.T.);
#2598=EDGE_CURVE('',#2857,#3036,#451,.T.);
#2599=EDGE_CURVE('',#2978,#2851,#114,.F.);
#2600=EDGE_CURVE('',#2858,#3042,#452,.T.);
#2601=EDGE_CURVE('',#2973,#2850,#115,.F.);
#2602=EDGE_CURVE('',#2859,#3040,#453,.T.);
#2603=EDGE_CURVE('',#2974,#2849,#116,.T.);
#2604=EDGE_CURVE('',#2860,#3046,#454,.T.);
#2605=EDGE_CURVE('',#2967,#2848,#455,.T.);
#2606=EDGE_CURVE('',#2861,#3044,#456,.T.);
#2607=EDGE_CURVE('',#2968,#2847,#457,.T.);
#2608=EDGE_CURVE('',#2862,#3050,#458,.T.);
#2609=EDGE_CURVE('',#2975,#2846,#459,.T.);
#2610=EDGE_CURVE('',#2863,#3048,#460,.T.);
#2611=EDGE_CURVE('',#3062,#2845,#461,.T.);
#2612=EDGE_CURVE('',#2864,#2935,#462,.T.);
#2613=EDGE_CURVE('',#3064,#2844,#463,.T.);
#2614=EDGE_CURVE('',#2865,#2934,#464,.T.);
#2615=EDGE_CURVE('',#3058,#2843,#465,.T.);
#2616=EDGE_CURVE('',#2866,#2933,#466,.T.);
#2617=EDGE_CURVE('',#3060,#2842,#467,.T.);
#2618=EDGE_CURVE('',#2867,#2932,#468,.T.);
#2619=EDGE_CURVE('',#2977,#2841,#469,.T.);
#2620=EDGE_CURVE('',#2868,#2931,#470,.T.);
#2621=EDGE_CURVE('',#2969,#2840,#471,.T.);
#2622=EDGE_CURVE('',#2869,#2936,#472,.T.);
#2623=EDGE_CURVE('',#2970,#2839,#473,.T.);
#2624=EDGE_CURVE('',#2870,#3054,#474,.T.);
#2625=EDGE_CURVE('',#2971,#2838,#475,.T.);
#2626=EDGE_CURVE('',#2871,#3052,#476,.T.);
#2627=EDGE_CURVE('',#2972,#2837,#477,.T.);
#2628=EDGE_CURVE('',#2872,#3056,#478,.T.);
#2629=EDGE_CURVE('',#2836,#3100,#117,.T.);
#2630=EDGE_CURVE('',#2873,#2779,#479,.T.);
#2631=EDGE_CURVE('',#2874,#2778,#480,.T.);
#2632=EDGE_CURVE('',#2875,#2930,#481,.T.);
#2633=EDGE_CURVE('',#2876,#2929,#482,.T.);
#2634=EDGE_CURVE('',#2877,#2928,#483,.T.);
#2635=EDGE_CURVE('',#2878,#2927,#484,.T.);
#2636=EDGE_CURVE('',#2773,#2879,#485,.T.);
#2637=EDGE_CURVE('',#3077,#3105,#3406,.F.);
#2638=EDGE_CURVE('',#2737,#3076,#3407,.F.);
#2639=EDGE_CURVE('',#3106,#3074,#3408,.F.);
#2640=EDGE_CURVE('',#3075,#2736,#3409,.F.);
#2641=EDGE_CURVE('',#2798,#2815,#486,.T.);
#2642=EDGE_CURVE('',#2806,#2793,#487,.T.);
#2643=EDGE_CURVE('',#3107,#3108,#488,.T.);
#2644=EDGE_CURVE('',#3108,#2725,#489,.T.);
#2645=EDGE_CURVE('',#2724,#3107,#490,.T.);
#2646=EDGE_CURVE('',#3109,#3110,#491,.T.);
#2647=EDGE_CURVE('',#3110,#2727,#492,.T.);
#2648=EDGE_CURVE('',#2726,#3109,#493,.F.);
#2649=EDGE_CURVE('',#2728,#3111,#494,.F.);
#2650=EDGE_CURVE('',#3111,#3112,#495,.T.);
#2651=EDGE_CURVE('',#3112,#2729,#496,.F.);
#2652=EDGE_CURVE('',#3111,#3110,#3410,.F.);
#2653=EDGE_CURVE('',#3109,#3108,#3411,.F.);
#2654=EDGE_CURVE('',#3107,#2743,#3412,.T.);
#2655=EDGE_CURVE('',#2742,#3112,#3413,.T.);
#2656=EDGE_CURVE('',#3113,#3114,#497,.T.);
#2657=EDGE_CURVE('',#3114,#2733,#498,.T.);
#2658=EDGE_CURVE('',#2732,#3113,#499,.T.);
#2659=EDGE_CURVE('',#3115,#3116,#500,.T.);
#2660=EDGE_CURVE('',#3116,#2715,#501,.T.);
#2661=EDGE_CURVE('',#2714,#3115,#502,.F.);
#2662=EDGE_CURVE('',#2716,#3117,#503,.F.);
#2663=EDGE_CURVE('',#3117,#3118,#504,.T.);
#2664=EDGE_CURVE('',#3118,#2717,#505,.F.);
#2665=EDGE_CURVE('',#3117,#3116,#3414,.F.);
#2666=EDGE_CURVE('',#3115,#3114,#3415,.F.);
#2667=EDGE_CURVE('',#3113,#2741,#3416,.T.);
#2668=EDGE_CURVE('',#2740,#3118,#3417,.T.);
#2669=EDGE_CURVE('',#3080,#3119,#506,.F.);
#2670=EDGE_CURVE('',#3119,#3120,#507,.F.);
#2671=EDGE_CURVE('',#3120,#3081,#508,.F.);
#2672=EDGE_CURVE('',#3121,#3121,#3418,.T.);
#2673=EDGE_CURVE('',#3082,#3122,#509,.F.);
#2674=EDGE_CURVE('',#3122,#2772,#3419,.T.);
#2675=EDGE_CURVE('',#3095,#3119,#3420,.T.);
#2676=EDGE_CURVE('',#3120,#3122,#3421,.T.);
#2677=EDGE_CURVE('',#3094,#2829,#510,.T.);
#2678=EDGE_CURVE('',#3095,#2884,#511,.T.);
#2679=EDGE_CURVE('',#3119,#2883,#512,.T.);
#2680=EDGE_CURVE('',#3120,#2882,#513,.T.);
#2681=EDGE_CURVE('',#3122,#2881,#514,.T.);
#2682=EDGE_CURVE('',#2772,#2880,#515,.T.);
#2683=EDGE_CURVE('',#3085,#3123,#516,.T.);
#2684=EDGE_CURVE('',#3123,#3124,#517,.T.);
#2685=EDGE_CURVE('',#3124,#3086,#518,.T.);
#2686=EDGE_CURVE('',#3125,#3125,#3422,.T.);
#2687=EDGE_CURVE('',#3104,#3126,#3423,.T.);
#2688=EDGE_CURVE('',#3126,#3084,#519,.F.);
#2689=EDGE_CURVE('',#3124,#3094,#3424,.F.);
#2690=EDGE_CURVE('',#3126,#3123,#3425,.F.);
#2691=EDGE_CURVE('',#2736,#3071,#520,.T.);
#2692=EDGE_CURVE('',#3072,#3075,#521,.T.);
#2693=EDGE_CURVE('',#3073,#3074,#522,.T.);
#2694=EDGE_CURVE('',#2737,#3070,#523,.T.);
#2695=EDGE_CURVE('',#3066,#3106,#524,.T.);
#2696=EDGE_CURVE('',#3076,#3069,#525,.F.);
#2697=EDGE_CURVE('',#3067,#3105,#526,.T.);
#2698=EDGE_CURVE('',#3077,#3068,#527,.F.);
#2699=EDGE_CURVE('',#3103,#2833,#118,.T.);
#2700=EDGE_CURVE('',#3126,#2832,#528,.T.);
#2701=EDGE_CURVE('',#3123,#2831,#529,.T.);
#2702=EDGE_CURVE('',#3124,#2830,#530,.T.);
#2703=EDGE_CURVE('',#3102,#2834,#119,.T.);
#2704=EDGE_CURVE('',#2835,#3101,#120,.T.);
#2705=EDGE_CURVE('',#2797,#2816,#531,.T.);
#2706=EDGE_CURVE('',#2794,#2805,#532,.T.);
#2707=EDGE_CURVE('',#3127,#3127,#3426,.T.);
#2708=EDGE_CURVE('',#3128,#3128,#3427,.T.);
#2709=EDGE_CURVE('',#3129,#3129,#3428,.T.);
#2710=EDGE_CURVE('',#3130,#3130,#3429,.T.);
#2711=EDGE_CURVE('',#3131,#3131,#3430,.T.);
#2712=EDGE_CURVE('',#3132,#3132,#3431,.T.);
#2713=VERTEX_POINT('',#6550);
#2714=VERTEX_POINT('',#6552);
#2715=VERTEX_POINT('',#6553);
#2716=VERTEX_POINT('',#6555);
#2717=VERTEX_POINT('',#6557);
#2718=VERTEX_POINT('',#6559);
#2719=VERTEX_POINT('',#6561);
#2720=VERTEX_POINT('',#6563);
#2721=VERTEX_POINT('',#6565);
#2722=VERTEX_POINT('',#6567);
#2723=VERTEX_POINT('',#6569);
#2724=VERTEX_POINT('',#6571);
#2725=VERTEX_POINT('',#6573);
#2726=VERTEX_POINT('',#6575);
#2727=VERTEX_POINT('',#6577);
#2728=VERTEX_POINT('',#6579);
#2729=VERTEX_POINT('',#6581);
#2730=VERTEX_POINT('',#6583);
#2731=VERTEX_POINT('',#6585);
#2732=VERTEX_POINT('',#6587);
#2733=VERTEX_POINT('',#6589);
#2734=VERTEX_POINT('',#6592);
#2735=VERTEX_POINT('',#6595);
#2736=VERTEX_POINT('',#6596);
#2737=VERTEX_POINT('',#6598);
#2738=VERTEX_POINT('',#6600);
#2739=VERTEX_POINT('',#6602);
#2740=VERTEX_POINT('',#6605);
#2741=VERTEX_POINT('',#6607);
#2742=VERTEX_POINT('',#6610);
#2743=VERTEX_POINT('',#6612);
#2744=VERTEX_POINT('',#6615);
#2745=VERTEX_POINT('',#6618);
#2746=VERTEX_POINT('',#6620);
#2747=VERTEX_POINT('',#6622);
#2748=VERTEX_POINT('',#6624);
#2749=VERTEX_POINT('',#6626);
#2750=VERTEX_POINT('',#6628);
#2751=VERTEX_POINT('',#6630);
#2752=VERTEX_POINT('',#6631);
#2753=VERTEX_POINT('',#6633);
#2754=VERTEX_POINT('',#6635);
#2755=VERTEX_POINT('',#6637);
#2756=VERTEX_POINT('',#6639);
#2757=VERTEX_POINT('',#6641);
#2758=VERTEX_POINT('',#6643);
#2759=VERTEX_POINT('',#6646);
#2760=VERTEX_POINT('',#6648);
#2761=VERTEX_POINT('',#6650);
#2762=VERTEX_POINT('',#6652);
#2763=VERTEX_POINT('',#6654);
#2764=VERTEX_POINT('',#6656);
#2765=VERTEX_POINT('',#6658);
#2766=VERTEX_POINT('',#6660);
#2767=VERTEX_POINT('',#6663);
#2768=VERTEX_POINT('',#6665);
#2769=VERTEX_POINT('',#6668);
#2770=VERTEX_POINT('',#6670);
#2771=VERTEX_POINT('',#6673);
#2772=VERTEX_POINT('',#6674);
#2773=VERTEX_POINT('',#6676);
#2774=VERTEX_POINT('',#6678);
#2775=VERTEX_POINT('',#6684);
#2776=VERTEX_POINT('',#6686);
#2777=VERTEX_POINT('',#6692);
#2778=VERTEX_POINT('',#6694);
#2779=VERTEX_POINT('',#6696);
#2780=VERTEX_POINT('',#6698);
#2781=VERTEX_POINT('',#6702);
#2782=VERTEX_POINT('',#6703);
#2783=VERTEX_POINT('',#6705);
#2784=VERTEX_POINT('',#6707);
#2785=VERTEX_POINT('',#6711);
#2786=VERTEX_POINT('',#6712);
#2787=VERTEX_POINT('',#6714);
#2788=VERTEX_POINT('',#6716);
#2789=VERTEX_POINT('',#6720);
#2790=VERTEX_POINT('',#6721);
#2791=VERTEX_POINT('',#6723);
#2792=VERTEX_POINT('',#6725);
#2793=VERTEX_POINT('',#6729);
#2794=VERTEX_POINT('',#6731);
#2795=VERTEX_POINT('',#6733);
#2796=VERTEX_POINT('',#6735);
#2797=VERTEX_POINT('',#6737);
#2798=VERTEX_POINT('',#6739);
#2799=VERTEX_POINT('',#6741);
#2800=VERTEX_POINT('',#6743);
#2801=VERTEX_POINT('',#6745);
#2802=VERTEX_POINT('',#6747);
#2803=VERTEX_POINT('',#6750);
#2804=VERTEX_POINT('',#6752);
#2805=VERTEX_POINT('',#6756);
#2806=VERTEX_POINT('',#6757);
#2807=VERTEX_POINT('',#6759);
#2808=VERTEX_POINT('',#6761);
#2809=VERTEX_POINT('',#6763);
#2810=VERTEX_POINT('',#6765);
#2811=VERTEX_POINT('',#6768);
#2812=VERTEX_POINT('',#6770);
#2813=VERTEX_POINT('',#6772);
#2814=VERTEX_POINT('',#6774);
#2815=VERTEX_POINT('',#6776);
#2816=VERTEX_POINT('',#6778);
#2817=VERTEX_POINT('',#6780);
#2818=VERTEX_POINT('',#6782);
#2819=VERTEX_POINT('',#6786);
#2820=VERTEX_POINT('',#6787);
#2821=VERTEX_POINT('',#6789);
#2822=VERTEX_POINT('',#6791);
#2823=VERTEX_POINT('',#6795);
#2824=VERTEX_POINT('',#6796);
#2825=VERTEX_POINT('',#6798);
#2826=VERTEX_POINT('',#6800);
#2827=VERTEX_POINT('',#6804);
#2828=VERTEX_POINT('',#6806);
#2829=VERTEX_POINT('',#6809);
#2830=VERTEX_POINT('',#6810);
#2831=VERTEX_POINT('',#6812);
#2832=VERTEX_POINT('',#6814);
#2833=VERTEX_POINT('',#6816);
#2834=VERTEX_POINT('',#6821);
#2835=VERTEX_POINT('',#6826);
#2836=VERTEX_POINT('',#6831);
#2837=VERTEX_POINT('',#6833);
#2838=VERTEX_POINT('',#6835);
#2839=VERTEX_POINT('',#6837);
#2840=VERTEX_POINT('',#6839);
#2841=VERTEX_POINT('',#6841);
#2842=VERTEX_POINT('',#6843);
#2843=VERTEX_POINT('',#6845);
#2844=VERTEX_POINT('',#6847);
#2845=VERTEX_POINT('',#6849);
#2846=VERTEX_POINT('',#6851);
#2847=VERTEX_POINT('',#6853);
#2848=VERTEX_POINT('',#6855);
#2849=VERTEX_POINT('',#6857);
#2850=VERTEX_POINT('',#6865);
#2851=VERTEX_POINT('',#6873);
#2852=VERTEX_POINT('',#6875);
#2853=VERTEX_POINT('',#6877);
#2854=VERTEX_POINT('',#6879);
#2855=VERTEX_POINT('',#6881);
#2856=VERTEX_POINT('',#6883);
#2857=VERTEX_POINT('',#6885);
#2858=VERTEX_POINT('',#6887);
#2859=VERTEX_POINT('',#6889);
#2860=VERTEX_POINT('',#6891);
#2861=VERTEX_POINT('',#6893);
#2862=VERTEX_POINT('',#6895);
#2863=VERTEX_POINT('',#6897);
#2864=VERTEX_POINT('',#6899);
#2865=VERTEX_POINT('',#6901);
#2866=VERTEX_POINT('',#6903);
#2867=VERTEX_POINT('',#6905);
#2868=VERTEX_POINT('',#6907);
#2869=VERTEX_POINT('',#6909);
#2870=VERTEX_POINT('',#6911);
#2871=VERTEX_POINT('',#6913);
#2872=VERTEX_POINT('',#6915);
#2873=VERTEX_POINT('',#6917);
#2874=VERTEX_POINT('',#6919);
#2875=VERTEX_POINT('',#6921);
#2876=VERTEX_POINT('',#6923);
#2877=VERTEX_POINT('',#6925);
#2878=VERTEX_POINT('',#6927);
#2879=VERTEX_POINT('',#6929);
#2880=VERTEX_POINT('',#6931);
#2881=VERTEX_POINT('',#6933);
#2882=VERTEX_POINT('',#6935);
#2883=VERTEX_POINT('',#6937);
#2884=VERTEX_POINT('',#6939);
#2885=VERTEX_POINT('',#6942);
#2886=VERTEX_POINT('',#6944);
#2887=VERTEX_POINT('',#6946);
#2888=VERTEX_POINT('',#6948);
#2889=VERTEX_POINT('',#6950);
#2890=VERTEX_POINT('',#6952);
#2891=VERTEX_POINT('',#6954);
#2892=VERTEX_POINT('',#6956);
#2893=VERTEX_POINT('',#6958);
#2894=VERTEX_POINT('',#6961);
#2895=VERTEX_POINT('',#6964);
#2896=VERTEX_POINT('',#6966);
#2897=VERTEX_POINT('',#6969);
#2898=VERTEX_POINT('',#6971);
#2899=VERTEX_POINT('',#6974);
#2900=VERTEX_POINT('',#6976);
#2901=VERTEX_POINT('',#6979);
#2902=VERTEX_POINT('',#6981);
#2903=VERTEX_POINT('',#6984);
#2904=VERTEX_POINT('',#6986);
#2905=VERTEX_POINT('',#6989);
#2906=VERTEX_POINT('',#6990);
#2907=VERTEX_POINT('',#6992);
#2908=VERTEX_POINT('',#6998);
#2909=VERTEX_POINT('',#7002);
#2910=VERTEX_POINT('',#7003);
#2911=VERTEX_POINT('',#7008);
#2912=VERTEX_POINT('',#7009);
#2913=VERTEX_POINT('',#7012);
#2914=VERTEX_POINT('',#7016);
#2915=VERTEX_POINT('',#7017);
#2916=VERTEX_POINT('',#7026);
#2917=VERTEX_POINT('',#7027);
#2918=VERTEX_POINT('',#7032);
#2919=VERTEX_POINT('',#7034);
#2920=VERTEX_POINT('',#7038);
#2921=VERTEX_POINT('',#7039);
#2922=VERTEX_POINT('',#7044);
#2923=VERTEX_POINT('',#7045);
#2924=VERTEX_POINT('',#7048);
#2925=VERTEX_POINT('',#7052);
#2926=VERTEX_POINT('',#7053);
#2927=VERTEX_POINT('',#7061);
#2928=VERTEX_POINT('',#7063);
#2929=VERTEX_POINT('',#7067);
#2930=VERTEX_POINT('',#7069);
#2931=VERTEX_POINT('',#7073);
#2932=VERTEX_POINT('',#7075);
#2933=VERTEX_POINT('',#7079);
#2934=VERTEX_POINT('',#7081);
#2935=VERTEX_POINT('',#7089);
#2936=VERTEX_POINT('',#7093);
#2937=VERTEX_POINT('',#7097);
#2938=VERTEX_POINT('',#7101);
#2939=VERTEX_POINT('',#7104);
#2940=VERTEX_POINT('',#7108);
#2941=VERTEX_POINT('',#7118);
#2942=VERTEX_POINT('',#7119);
#2943=VERTEX_POINT('',#7121);
#2944=VERTEX_POINT('',#7127);
#2945=VERTEX_POINT('',#7131);
#2946=VERTEX_POINT('',#7132);
#2947=VERTEX_POINT('',#7137);
#2948=VERTEX_POINT('',#7138);
#2949=VERTEX_POINT('',#7141);
#2950=VERTEX_POINT('',#7145);
#2951=VERTEX_POINT('',#7146);
#2952=VERTEX_POINT('',#7155);
#2953=VERTEX_POINT('',#7156);
#2954=VERTEX_POINT('',#7179);
#2955=VERTEX_POINT('',#7180);
#2956=VERTEX_POINT('',#7182);
#2957=VERTEX_POINT('',#7184);
#2958=VERTEX_POINT('',#7202);
#2959=VERTEX_POINT('',#7203);
#2960=VERTEX_POINT('',#7208);
#2961=VERTEX_POINT('',#7209);
#2962=VERTEX_POINT('',#7212);
#2963=VERTEX_POINT('',#7216);
#2964=VERTEX_POINT('',#7217);
#2965=VERTEX_POINT('',#7226);
#2966=VERTEX_POINT('',#7227);
#2967=VERTEX_POINT('',#7232);
#2968=VERTEX_POINT('',#7234);
#2969=VERTEX_POINT('',#7238);
#2970=VERTEX_POINT('',#7240);
#2971=VERTEX_POINT('',#7244);
#2972=VERTEX_POINT('',#7246);
#2973=VERTEX_POINT('',#7250);
#2974=VERTEX_POINT('',#7256);
#2975=VERTEX_POINT('',#7260);
#2976=VERTEX_POINT('',#7264);
#2977=VERTEX_POINT('',#7268);
#2978=VERTEX_POINT('',#7272);
#2979=VERTEX_POINT('',#7280);
#2980=VERTEX_POINT('',#7284);
#2981=VERTEX_POINT('',#7287);
#2982=VERTEX_POINT('',#7291);
#2983=VERTEX_POINT('',#7302);
#2984=VERTEX_POINT('',#7305);
#2985=VERTEX_POINT('',#7308);
#2986=VERTEX_POINT('',#7310);
#2987=VERTEX_POINT('',#7314);
#2988=VERTEX_POINT('',#7316);
#2989=VERTEX_POINT('',#7323);
#2990=VERTEX_POINT('',#7325);
#2991=VERTEX_POINT('',#7329);
#2992=VERTEX_POINT('',#7331);
#2993=VERTEX_POINT('',#7338);
#2994=VERTEX_POINT('',#7340);
#2995=VERTEX_POINT('',#7347);
#2996=VERTEX_POINT('',#7348);
#2997=VERTEX_POINT('',#7355);
#2998=VERTEX_POINT('',#7362);
#2999=VERTEX_POINT('',#7376);
#3000=VERTEX_POINT('',#7383);
#3001=VERTEX_POINT('',#7385);
#3002=VERTEX_POINT('',#7387);
#3003=VERTEX_POINT('',#7389);
#3004=VERTEX_POINT('',#7391);
#3005=VERTEX_POINT('',#7393);
#3006=VERTEX_POINT('',#7397);
#3007=VERTEX_POINT('',#7400);
#3008=VERTEX_POINT('',#7403);
#3009=VERTEX_POINT('',#7404);
#3010=VERTEX_POINT('',#7409);
#3011=VERTEX_POINT('',#7413);
#3012=VERTEX_POINT('',#7417);
#3013=VERTEX_POINT('',#7421);
#3014=VERTEX_POINT('',#7425);
#3015=VERTEX_POINT('',#7429);
#3016=VERTEX_POINT('',#7433);
#3017=VERTEX_POINT('',#7436);
#3018=VERTEX_POINT('',#7439);
#3019=VERTEX_POINT('',#7442);
#3020=VERTEX_POINT('',#7445);
#3021=VERTEX_POINT('',#7447);
#3022=VERTEX_POINT('',#7451);
#3023=VERTEX_POINT('',#7453);
#3024=VERTEX_POINT('',#7457);
#3025=VERTEX_POINT('',#7459);
#3026=VERTEX_POINT('',#7463);
#3027=VERTEX_POINT('',#7465);
#3028=VERTEX_POINT('',#7469);
#3029=VERTEX_POINT('',#7470);
#3030=VERTEX_POINT('',#7472);
#3031=VERTEX_POINT('',#7474);
#3032=VERTEX_POINT('',#7478);
#3033=VERTEX_POINT('',#7479);
#3034=VERTEX_POINT('',#7481);
#3035=VERTEX_POINT('',#7483);
#3036=VERTEX_POINT('',#7487);
#3037=VERTEX_POINT('',#7488);
#3038=VERTEX_POINT('',#7490);
#3039=VERTEX_POINT('',#7492);
#3040=VERTEX_POINT('',#7496);
#3041=VERTEX_POINT('',#7497);
#3042=VERTEX_POINT('',#7499);
#3043=VERTEX_POINT('',#7501);
#3044=VERTEX_POINT('',#7505);
#3045=VERTEX_POINT('',#7506);
#3046=VERTEX_POINT('',#7508);
#3047=VERTEX_POINT('',#7510);
#3048=VERTEX_POINT('',#7514);
#3049=VERTEX_POINT('',#7515);
#3050=VERTEX_POINT('',#7517);
#3051=VERTEX_POINT('',#7519);
#3052=VERTEX_POINT('',#7523);
#3053=VERTEX_POINT('',#7524);
#3054=VERTEX_POINT('',#7526);
#3055=VERTEX_POINT('',#7528);
#3056=VERTEX_POINT('',#7532);
#3057=VERTEX_POINT('',#7534);
#3058=VERTEX_POINT('',#7538);
#3059=VERTEX_POINT('',#7539);
#3060=VERTEX_POINT('',#7541);
#3061=VERTEX_POINT('',#7543);
#3062=VERTEX_POINT('',#7547);
#3063=VERTEX_POINT('',#7548);
#3064=VERTEX_POINT('',#7550);
#3065=VERTEX_POINT('',#7552);
#3066=VERTEX_POINT('',#7571);
#3067=VERTEX_POINT('',#7572);
#3068=VERTEX_POINT('',#7574);
#3069=VERTEX_POINT('',#7576);
#3070=VERTEX_POINT('',#7578);
#3071=VERTEX_POINT('',#7580);
#3072=VERTEX_POINT('',#7582);
#3073=VERTEX_POINT('',#7584);
#3074=VERTEX_POINT('',#7588);
#3075=VERTEX_POINT('',#7590);
#3076=VERTEX_POINT('',#7594);
#3077=VERTEX_POINT('',#7596);
#3078=VERTEX_POINT('',#7606);
#3079=VERTEX_POINT('',#7610);
#3080=VERTEX_POINT('',#7612);
#3081=VERTEX_POINT('',#7614);
#3082=VERTEX_POINT('',#7616);
#3083=VERTEX_POINT('',#7622);
#3084=VERTEX_POINT('',#7624);
#3085=VERTEX_POINT('',#7626);
#3086=VERTEX_POINT('',#7628);
#3087=VERTEX_POINT('',#7630);
#3088=VERTEX_POINT('',#7633);
#3089=VERTEX_POINT('',#7635);
#3090=VERTEX_POINT('',#7640);
#3091=VERTEX_POINT('',#7642);
#3092=VERTEX_POINT('',#7644);
#3093=VERTEX_POINT('',#7646);
#3094=VERTEX_POINT('',#7648);
#3095=VERTEX_POINT('',#7650);
#3096=VERTEX_POINT('',#7653);
#3097=VERTEX_POINT('',#7655);
#3098=VERTEX_POINT('',#7657);
#3099=VERTEX_POINT('',#7659);
#3100=VERTEX_POINT('',#7668);
#3101=VERTEX_POINT('',#7669);
#3102=VERTEX_POINT('',#7674);
#3103=VERTEX_POINT('',#7679);
#3104=VERTEX_POINT('',#7684);
#3105=VERTEX_POINT('',#7696);
#3106=VERTEX_POINT('',#7698);
#3107=VERTEX_POINT('',#7849);
#3108=VERTEX_POINT('',#7850);
#3109=VERTEX_POINT('',#7855);
#3110=VERTEX_POINT('',#7856);
#3111=VERTEX_POINT('',#7861);
#3112=VERTEX_POINT('',#7863);
#3113=VERTEX_POINT('',#7876);
#3114=VERTEX_POINT('',#7877);
#3115=VERTEX_POINT('',#7882);
#3116=VERTEX_POINT('',#7883);
#3117=VERTEX_POINT('',#7888);
#3118=VERTEX_POINT('',#7890);
#3119=VERTEX_POINT('',#7903);
#3120=VERTEX_POINT('',#7905);
#3121=VERTEX_POINT('',#7909);
#3122=VERTEX_POINT('',#7913);
#3123=VERTEX_POINT('',#7933);
#3124=VERTEX_POINT('',#7935);
#3125=VERTEX_POINT('',#7939);
#3126=VERTEX_POINT('',#7943);
#3127=VERTEX_POINT('',#8020);
#3128=VERTEX_POINT('',#8023);
#3129=VERTEX_POINT('',#8026);
#3130=VERTEX_POINT('',#8030);
#3131=VERTEX_POINT('',#8033);
#3132=VERTEX_POINT('',#8036);
#3133=CIRCLE('',#4558,4.75);
#3134=CIRCLE('',#4559,4.);
#3135=CIRCLE('',#4560,1.);
#3136=CIRCLE('',#4561,1.);
#3137=CIRCLE('',#4562,4.);
#3138=CIRCLE('',#4563,4.);
#3139=CIRCLE('',#4564,1.);
#3140=CIRCLE('',#4565,1.);
#3141=CIRCLE('',#4566,4.);
#3142=CIRCLE('',#4567,4.75);
#3143=CIRCLE('',#4569,10.);
#3144=CIRCLE('',#4570,16.);
#3145=CIRCLE('',#4571,16.);
#3146=CIRCLE('',#4572,10.);
#3147=CIRCLE('',#4573,1.6);
#3148=CIRCLE('',#4574,1.6);
#3149=CIRCLE('',#4575,1.6);
#3150=CIRCLE('',#4576,1.6);
#3151=CIRCLE('',#4577,8.5);
#3152=CIRCLE('',#4578,9.1);
#3153=CIRCLE('',#4579,7.199968698923);
#3154=CIRCLE('',#4580,7.199968698923);
#3155=CIRCLE('',#4581,7.199968698923);
#3156=CIRCLE('',#4582,7.199968698923);
#3157=CIRCLE('',#4583,1.65);
#3158=CIRCLE('',#4584,1.65);
#3159=CIRCLE('',#4585,1.65);
#3160=CIRCLE('',#4586,1.65);
#3161=CIRCLE('',#4587,2.1);
#3162=CIRCLE('',#4588,2.1);
#3163=CIRCLE('',#4589,2.1);
#3164=CIRCLE('',#4590,2.1);
#3165=CIRCLE('',#4592,3.);
#3166=CIRCLE('',#4593,3.);
#3167=CIRCLE('',#4595,3.);
#3168=CIRCLE('',#4596,3.);
#3169=CIRCLE('',#4601,2.);
#3170=CIRCLE('',#4602,2.);
#3171=CIRCLE('',#4604,11.5);
#3172=CIRCLE('',#4605,14.5);
#3173=CIRCLE('',#4606,14.5);
#3174=CIRCLE('',#4607,11.5);
#3175=CIRCLE('',#4608,10.);
#3176=CIRCLE('',#4609,16.);
#3177=CIRCLE('',#4610,16.);
#3178=CIRCLE('',#4611,10.);
#3179=CIRCLE('',#4613,11.5);
#3180=CIRCLE('',#4614,10.);
#3181=CIRCLE('',#4615,16.);
#3182=CIRCLE('',#4616,16.);
#3183=CIRCLE('',#4617,10.);
#3184=CIRCLE('',#4618,11.5);
#3185=CIRCLE('',#4619,14.5);
#3186=CIRCLE('',#4620,14.5);
#3187=CIRCLE('',#4624,1.6);
#3188=CIRCLE('',#4625,3.47);
#3189=CIRCLE('',#4627,3.5);
#3190=CIRCLE('',#4628,3.50000000000001);
#3191=CIRCLE('',#4629,8.49999999999999);
#3192=CIRCLE('',#4630,12.5);
#3193=CIRCLE('',#4631,11.5);
#3194=CIRCLE('',#4632,11.5);
#3195=CIRCLE('',#4633,12.5);
#3196=CIRCLE('',#4634,13.5);
#3197=CIRCLE('',#4635,3.5);
#3198=CIRCLE('',#4636,13.5);
#3199=CIRCLE('',#4637,12.5);
#3200=CIRCLE('',#4638,11.5);
#3201=CIRCLE('',#4639,13.5);
#3202=CIRCLE('',#4640,3.49999999999999);
#3203=CIRCLE('',#4641,13.5);
#3204=CIRCLE('',#4642,13.5);
#3205=CIRCLE('',#4643,3.5);
#3206=CIRCLE('',#4644,13.5);
#3207=CIRCLE('',#4645,13.5);
#3208=CIRCLE('',#4646,3.5);
#3209=CIRCLE('',#4647,13.5);
#3210=CIRCLE('',#4648,12.5);
#3211=CIRCLE('',#4649,11.5);
#3212=CIRCLE('',#4650,11.5);
#3213=CIRCLE('',#4651,12.5);
#3214=CIRCLE('',#4652,13.5);
#3215=CIRCLE('',#4653,3.49999999999999);
#3216=CIRCLE('',#4654,13.5);
#3217=CIRCLE('',#4655,12.5);
#3218=CIRCLE('',#4656,11.5);
#3219=CIRCLE('',#4657,11.5);
#3220=CIRCLE('',#4658,12.5);
#3221=CIRCLE('',#4659,8.50000000000001);
#3222=CIRCLE('',#4660,3.5);
#3223=CIRCLE('',#4661,3.50000000000001);
#3224=CIRCLE('',#4662,2.15);
#3225=CIRCLE('',#4663,2.15);
#3226=CIRCLE('',#4664,2.15);
#3227=CIRCLE('',#4665,2.15);
#3228=CIRCLE('',#4666,3.47);
#3229=CIRCLE('',#4667,3.47);
#3230=CIRCLE('',#4668,3.47);
#3231=CIRCLE('',#4669,3.47);
#3232=CIRCLE('',#4670,3.47);
#3233=CIRCLE('',#4672,1.6);
#3234=CIRCLE('',#4674,1.6);
#3235=CIRCLE('',#4675,1.6);
#3236=CIRCLE('',#4677,1.6);
#3237=CIRCLE('',#4678,1.6);
#3238=CIRCLE('',#4680,1.6);
#3239=CIRCLE('',#4681,1.6);
#3240=CIRCLE('',#4683,1.6);
#3241=CIRCLE('',#4684,1.6);
#3242=CIRCLE('',#4686,1.6);
#3243=CIRCLE('',#4687,1.6);
#3244=CIRCLE('',#4689,0.999999999999999);
#3245=CIRCLE('',#4690,12.);
#3246=CIRCLE('',#4691,13.);
#3247=CIRCLE('',#4693,0.999999999999999);
#3248=CIRCLE('',#4694,12.);
#3249=CIRCLE('',#4695,11.);
#3250=CIRCLE('',#4697,0.999999999999999);
#3251=CIRCLE('',#4699,0.999999999999999);
#3252=CIRCLE('',#4700,12.);
#3253=CIRCLE('',#4701,11.);
#3254=CIRCLE('',#4703,12.);
#3255=CIRCLE('',#4704,13.);
#3256=CIRCLE('',#4706,12.);
#3257=CIRCLE('',#4707,0.999999999999999);
#3258=CIRCLE('',#4708,13.);
#3259=CIRCLE('',#4710,0.999999999999999);
#3260=CIRCLE('',#4711,11.);
#3261=CIRCLE('',#4712,12.);
#3262=CIRCLE('',#4714,0.999999999999999);
#3263=CIRCLE('',#4716,0.999999999999999);
#3264=CIRCLE('',#4717,11.);
#3265=CIRCLE('',#4718,12.);
#3266=CIRCLE('',#4720,13.);
#3267=CIRCLE('',#4721,12.);
#3268=CIRCLE('',#4723,12.);
#3269=CIRCLE('',#4725,12.);
#3270=CIRCLE('',#4727,12.);
#3271=CIRCLE('',#4729,12.);
#3272=CIRCLE('',#4731,12.);
#3273=CIRCLE('',#4733,12.);
#3274=CIRCLE('',#4735,12.);
#3275=CIRCLE('',#4737,12.);
#3276=CIRCLE('',#4739,4.);
#3277=CIRCLE('',#4740,4.);
#3278=CIRCLE('',#4742,2.15);
#3279=CIRCLE('',#4744,4.);
#3280=CIRCLE('',#4745,4.);
#3281=CIRCLE('',#4747,2.15);
#3282=CIRCLE('',#4753,0.999999999999999);
#3283=CIRCLE('',#4754,12.);
#3284=CIRCLE('',#4755,13.);
#3285=CIRCLE('',#4757,0.999999999999999);
#3286=CIRCLE('',#4758,12.);
#3287=CIRCLE('',#4759,11.);
#3288=CIRCLE('',#4761,0.999999999999999);
#3289=CIRCLE('',#4763,0.999999999999999);
#3290=CIRCLE('',#4764,12.);
#3291=CIRCLE('',#4765,11.);
#3292=CIRCLE('',#4767,12.);
#3293=CIRCLE('',#4768,13.);
#3294=CIRCLE('',#4770,0.999999999999999);
#3295=CIRCLE('',#4772,0.999999999999999);
#3296=CIRCLE('',#4776,0.999999999999999);
#3297=CIRCLE('',#4778,0.999999999999999);
#3298=CIRCLE('',#4779,11.);
#3299=CIRCLE('',#4780,12.);
#3300=CIRCLE('',#4782,13.);
#3301=CIRCLE('',#4783,12.);
#3302=CIRCLE('',#4785,12.);
#3303=CIRCLE('',#4787,12.);
#3304=CIRCLE('',#4789,12.);
#3305=CIRCLE('',#4792,12.);
#3306=CIRCLE('',#4794,12.);
#3307=CIRCLE('',#4796,12.);
#3308=CIRCLE('',#4799,4.);
#3309=CIRCLE('',#4800,4.);
#3310=CIRCLE('',#4802,2.15);
#3311=CIRCLE('',#4804,4.);
#3312=CIRCLE('',#4805,4.);
#3313=CIRCLE('',#4807,2.15);
#3314=CIRCLE('',#4813,8.5);
#3315=CIRCLE('',#4815,9.1);
#3316=CIRCLE('',#4817,0.75);
#3317=CIRCLE('',#4818,0.75);
#3318=CIRCLE('',#4820,0.75);
#3319=CIRCLE('',#4821,0.75);
#3320=CIRCLE('',#4823,2.);
#3321=CIRCLE('',#4824,2.);
#3322=CIRCLE('',#4826,2.);
#3323=CIRCLE('',#4827,2.);
#3324=CIRCLE('',#4829,0.75);
#3325=CIRCLE('',#4830,0.75);
#3326=CIRCLE('',#4833,0.75);
#3327=CIRCLE('',#4834,0.75);
#3328=CIRCLE('',#4836,1.99999999999999);
#3329=CIRCLE('',#4837,1.99999999999999);
#3330=CIRCLE('',#4839,10.);
#3331=CIRCLE('',#4841,16.);
#3332=CIRCLE('',#4843,16.);
#3333=CIRCLE('',#4851,0.999999999999997);
#3334=CIRCLE('',#4852,0.999999999999997);
#3335=CIRCLE('',#4853,0.999999999999997);
#3336=CIRCLE('',#4854,0.999999999999997);
#3337=CIRCLE('',#4856,2.4);
#3338=CIRCLE('',#4858,2.4);
#3339=CIRCLE('',#4860,7.199968698923);
#3340=CIRCLE('',#4863,7.199968698923);
#3341=CIRCLE('',#4866,7.199968698923);
#3342=CIRCLE('',#4869,7.199968698923);
#3343=CIRCLE('',#4871,1.65);
#3344=CIRCLE('',#4873,1.65);
#3345=CIRCLE('',#4875,1.65);
#3346=CIRCLE('',#4877,1.65);
#3347=CIRCLE('',#4879,2.4);
#3348=CIRCLE('',#4880,2.4);
#3349=CIRCLE('',#4883,2.4);
#3350=CIRCLE('',#4884,2.4);
#3351=CIRCLE('',#4887,2.4);
#3352=CIRCLE('',#4888,2.4);
#3353=CIRCLE('',#4891,2.4);
#3354=CIRCLE('',#4892,2.4);
#3355=CIRCLE('',#4895,13.);
#3356=CIRCLE('',#4896,13.);
#3357=CIRCLE('',#4898,13.);
#3358=CIRCLE('',#4899,13.);
#3359=CIRCLE('',#4901,13.);
#3360=CIRCLE('',#4902,13.);
#3361=CIRCLE('',#4904,13.);
#3362=CIRCLE('',#4905,13.);
#3363=CIRCLE('',#4907,13.);
#3364=CIRCLE('',#4908,13.);
#3365=CIRCLE('',#4910,13.);
#3366=CIRCLE('',#4911,13.);
#3367=CIRCLE('',#4913,13.);
#3368=CIRCLE('',#4914,13.);
#3369=CIRCLE('',#4916,13.);
#3370=CIRCLE('',#4917,13.);
#3371=CIRCLE('',#4919,13.);
#3372=CIRCLE('',#4920,13.);
#3373=CIRCLE('',#4922,13.);
#3374=CIRCLE('',#4923,13.);
#3375=CIRCLE('',#4925,4.);
#3376=CIRCLE('',#4926,4.);
#3377=CIRCLE('',#4928,4.);
#3378=CIRCLE('',#4929,4.);
#3379=CIRCLE('',#4931,4.);
#3380=CIRCLE('',#4932,4.);
#3381=CIRCLE('',#4934,4.);
#3382=CIRCLE('',#4935,4.);
#3383=CIRCLE('',#4937,4.);
#3384=CIRCLE('',#4938,4.);
#3385=CIRCLE('',#4940,0.799999999999989);
#3386=CIRCLE('',#4941,0.8);
#3387=CIRCLE('',#4942,0.8);
#3388=CIRCLE('',#4943,0.799999999999989);
#3389=CIRCLE('',#4949,10.);
#3390=CIRCLE('',#4951,4.);
#3391=CIRCLE('',#4952,4.);
#3392=CIRCLE('',#4953,8.);
#3393=CIRCLE('',#4954,7.99999999999999);
#3394=CIRCLE('',#4955,4.);
#3395=CIRCLE('',#4956,4.);
#3396=CIRCLE('',#4957,2.4);
#3397=CIRCLE('',#4958,2.4);
#3398=CIRCLE('',#4961,2.1);
#3399=CIRCLE('',#4962,2.1);
#3400=CIRCLE('',#4963,2.1);
#3401=CIRCLE('',#4964,2.1);
#3402=CIRCLE('',#4965,1.6);
#3403=CIRCLE('',#4966,1.6);
#3404=CIRCLE('',#4967,1.6);
#3405=CIRCLE('',#4968,1.6);
#3406=CIRCLE('',#5029,0.999999999999997);
#3407=CIRCLE('',#5031,0.999999999999997);
#3408=CIRCLE('',#5033,0.999999999999997);
#3409=CIRCLE('',#5035,0.999999999999997);
#3410=CIRCLE('',#5041,4.);
#3411=CIRCLE('',#5042,4.);
#3412=CIRCLE('',#5043,1.);
#3413=CIRCLE('',#5044,1.);
#3414=CIRCLE('',#5053,4.);
#3415=CIRCLE('',#5054,4.);
#3416=CIRCLE('',#5055,1.);
#3417=CIRCLE('',#5056,1.);
#3418=CIRCLE('',#5063,2.4);
#3419=CIRCLE('',#5066,8.);
#3420=CIRCLE('',#5068,4.);
#3421=CIRCLE('',#5070,4.);
#3422=CIRCLE('',#5079,2.4);
#3423=CIRCLE('',#5082,7.99999999999999);
#3424=CIRCLE('',#5084,4.);
#3425=CIRCLE('',#5086,4.);
#3426=CIRCLE('',#5108,3.25);
#3427=CIRCLE('',#5110,2.4);
#3428=CIRCLE('',#5112,2.4);
#3429=CIRCLE('',#5115,3.25);
#3430=CIRCLE('',#5117,2.4);
#3431=CIRCLE('',#5119,2.4);
#3432=EDGE_LOOP('',(#829));
#3433=EDGE_LOOP('',(#830,#831,#832,#833,#834,#835,#836,#837,#838,#839,#840,
#841,#842,#843,#844,#845,#846,#847,#848,#849));
#3434=EDGE_LOOP('',(#850));
#3435=EDGE_LOOP('',(#851,#852,#853,#854,#855,#856,#857,#858,#859,#860,#861,
#862,#863,#864,#865,#866));
#3436=EDGE_LOOP('',(#867));
#3437=EDGE_LOOP('',(#868));
#3438=EDGE_LOOP('',(#869));
#3439=EDGE_LOOP('',(#870));
#3440=EDGE_LOOP('',(#871));
#3441=EDGE_LOOP('',(#872));
#3442=EDGE_LOOP('',(#873,#874,#875,#876,#877,#878,#879,#880));
#3443=EDGE_LOOP('',(#881));
#3444=EDGE_LOOP('',(#882));
#3445=EDGE_LOOP('',(#883));
#3446=EDGE_LOOP('',(#884));
#3447=EDGE_LOOP('',(#885));
#3448=EDGE_LOOP('',(#886));
#3449=EDGE_LOOP('',(#887));
#3450=EDGE_LOOP('',(#888));
#3451=EDGE_LOOP('',(#889));
#3452=EDGE_LOOP('',(#890));
#3453=EDGE_LOOP('',(#891));
#3454=EDGE_LOOP('',(#892));
#3455=EDGE_LOOP('',(#893,#894,#895,#896,#897,#898,#899,#900,#901,#902));
#3456=EDGE_LOOP('',(#903,#904,#905,#906));
#3457=EDGE_LOOP('',(#907,#908,#909,#910));
#3458=EDGE_LOOP('',(#911,#912,#913,#914));
#3459=EDGE_LOOP('',(#915,#916,#917,#918,#919,#920,#921,#922,#923,#924,#925,
#926,#927,#928,#929,#930));
#3460=EDGE_LOOP('',(#931,#932,#933,#934,#935,#936,#937,#938,#939,#940,#941,
#942,#943,#944,#945,#946));
#3461=EDGE_LOOP('',(#947,#948,#949,#950));
#3462=EDGE_LOOP('',(#951,#952,#953,#954));
#3463=EDGE_LOOP('',(#955));
#3464=EDGE_LOOP('',(#956));
#3465=EDGE_LOOP('',(#957,#958,#959,#960,#961,#962,#963,#964,#965,#966,#967,
#968,#969,#970,#971,#972,#973,#974,#975,#976,#977,#978,#979,#980,#981,#982,
#983,#984,#985,#986,#987,#988,#989,#990,#991,#992,#993,#994,#995,#996,#997,
#998,#999,#1000,#1001,#1002,#1003,#1004,#1005,#1006,#1007,#1008,#1009,#1010,
#1011,#1012));
#3466=EDGE_LOOP('',(#1013));
#3467=EDGE_LOOP('',(#1014));
#3468=EDGE_LOOP('',(#1015));
#3469=EDGE_LOOP('',(#1016));
#3470=EDGE_LOOP('',(#1017));
#3471=EDGE_LOOP('',(#1018));
#3472=EDGE_LOOP('',(#1019));
#3473=EDGE_LOOP('',(#1020));
#3474=EDGE_LOOP('',(#1021));
#3475=EDGE_LOOP('',(#1022));
#3476=EDGE_LOOP('',(#1023));
#3477=EDGE_LOOP('',(#1024));
#3478=EDGE_LOOP('',(#1025));
#3479=EDGE_LOOP('',(#1026));
#3480=EDGE_LOOP('',(#1027));
#3481=EDGE_LOOP('',(#1028));
#3482=EDGE_LOOP('',(#1029));
#3483=EDGE_LOOP('',(#1030));
#3484=EDGE_LOOP('',(#1031));
#3485=EDGE_LOOP('',(#1032));
#3486=EDGE_LOOP('',(#1033));
#3487=EDGE_LOOP('',(#1034));
#3488=EDGE_LOOP('',(#1035,#1036,#1037,#1038));
#3489=EDGE_LOOP('',(#1039,#1040,#1041,#1042));
#3490=EDGE_LOOP('',(#1043,#1044,#1045,#1046,#1047));
#3491=EDGE_LOOP('',(#1048,#1049,#1050,#1051));
#3492=EDGE_LOOP('',(#1052,#1053,#1054,#1055));
#3493=EDGE_LOOP('',(#1056,#1057,#1058,#1059));
#3494=EDGE_LOOP('',(#1060,#1061,#1062,#1063));
#3495=EDGE_LOOP('',(#1064,#1065,#1066,#1067,#1068));
#3496=EDGE_LOOP('',(#1069,#1070,#1071,#1072));
#3497=EDGE_LOOP('',(#1073,#1074,#1075,#1076));
#3498=EDGE_LOOP('',(#1077,#1078,#1079,#1080));
#3499=EDGE_LOOP('',(#1081,#1082,#1083,#1084));
#3500=EDGE_LOOP('',(#1085,#1086,#1087,#1088));
#3501=EDGE_LOOP('',(#1089,#1090,#1091,#1092));
#3502=EDGE_LOOP('',(#1093,#1094,#1095,#1096));
#3503=EDGE_LOOP('',(#1097,#1098,#1099,#1100));
#3504=EDGE_LOOP('',(#1101,#1102,#1103,#1104));
#3505=EDGE_LOOP('',(#1105,#1106,#1107,#1108));
#3506=EDGE_LOOP('',(#1109));
#3507=EDGE_LOOP('',(#1110));
#3508=EDGE_LOOP('',(#1111));
#3509=EDGE_LOOP('',(#1112));
#3510=EDGE_LOOP('',(#1113));
#3511=EDGE_LOOP('',(#1114));
#3512=EDGE_LOOP('',(#1115));
#3513=EDGE_LOOP('',(#1116));
#3514=EDGE_LOOP('',(#1117,#1118,#1119,#1120,#1121,#1122,#1123,#1124));
#3515=EDGE_LOOP('',(#1125,#1126,#1127,#1128));
#3516=EDGE_LOOP('',(#1129,#1130,#1131,#1132,#1133,#1134,#1135,#1136));
#3517=EDGE_LOOP('',(#1137,#1138,#1139,#1140));
#3518=EDGE_LOOP('',(#1141,#1142,#1143,#1144));
#3519=EDGE_LOOP('',(#1145,#1146,#1147,#1148));
#3520=EDGE_LOOP('',(#1149,#1150,#1151,#1152,#1153));
#3521=EDGE_LOOP('',(#1154,#1155,#1156,#1157));
#3522=EDGE_LOOP('',(#1158,#1159,#1160,#1161));
#3523=EDGE_LOOP('',(#1162,#1163,#1164,#1165));
#3524=EDGE_LOOP('',(#1166,#1167,#1168,#1169));
#3525=EDGE_LOOP('',(#1170,#1171,#1172,#1173,#1174));
#3526=EDGE_LOOP('',(#1175,#1176,#1177,#1178));
#3527=EDGE_LOOP('',(#1179,#1180,#1181,#1182));
#3528=EDGE_LOOP('',(#1183,#1184,#1185,#1186));
#3529=EDGE_LOOP('',(#1187,#1188,#1189,#1190));
#3530=EDGE_LOOP('',(#1191,#1192,#1193,#1194));
#3531=EDGE_LOOP('',(#1195,#1196,#1197,#1198));
#3532=EDGE_LOOP('',(#1199,#1200,#1201,#1202));
#3533=EDGE_LOOP('',(#1203,#1204,#1205,#1206));
#3534=EDGE_LOOP('',(#1207,#1208,#1209,#1210));
#3535=EDGE_LOOP('',(#1211,#1212,#1213,#1214));
#3536=EDGE_LOOP('',(#1215));
#3537=EDGE_LOOP('',(#1216));
#3538=EDGE_LOOP('',(#1217));
#3539=EDGE_LOOP('',(#1218));
#3540=EDGE_LOOP('',(#1219));
#3541=EDGE_LOOP('',(#1220));
#3542=EDGE_LOOP('',(#1221));
#3543=EDGE_LOOP('',(#1222));
#3544=EDGE_LOOP('',(#1223,#1224,#1225,#1226,#1227,#1228,#1229,#1230));
#3545=EDGE_LOOP('',(#1231,#1232,#1233,#1234));
#3546=EDGE_LOOP('',(#1235,#1236,#1237,#1238,#1239,#1240,#1241,#1242));
#3547=EDGE_LOOP('',(#1243,#1244,#1245,#1246));
#3548=EDGE_LOOP('',(#1247));
#3549=EDGE_LOOP('',(#1248));
#3550=EDGE_LOOP('',(#1249));
#3551=EDGE_LOOP('',(#1250));
#3552=EDGE_LOOP('',(#1251,#1252,#1253,#1254));
#3553=EDGE_LOOP('',(#1255,#1256,#1257,#1258));
#3554=EDGE_LOOP('',(#1259,#1260,#1261,#1262));
#3555=EDGE_LOOP('',(#1263,#1264,#1265,#1266));
#3556=EDGE_LOOP('',(#1267,#1268,#1269,#1270));
#3557=EDGE_LOOP('',(#1271,#1272,#1273,#1274));
#3558=EDGE_LOOP('',(#1275,#1276,#1277,#1278));
#3559=EDGE_LOOP('',(#1279,#1280,#1281,#1282));
#3560=EDGE_LOOP('',(#1283,#1284,#1285,#1286));
#3561=EDGE_LOOP('',(#1287,#1288,#1289,#1290));
#3562=EDGE_LOOP('',(#1291,#1292,#1293,#1294));
#3563=EDGE_LOOP('',(#1295,#1296,#1297,#1298));
#3564=EDGE_LOOP('',(#1299,#1300,#1301,#1302,#1303));
#3565=EDGE_LOOP('',(#1304,#1305,#1306,#1307));
#3566=EDGE_LOOP('',(#1308,#1309,#1310,#1311));
#3567=EDGE_LOOP('',(#1312,#1313,#1314,#1315,#1316));
#3568=EDGE_LOOP('',(#1317,#1318,#1319,#1320));
#3569=EDGE_LOOP('',(#1321,#1322,#1323,#1324,#1325,#1326,#1327,#1328,#1329,
#1330,#1331,#1332,#1333,#1334,#1335,#1336,#1337,#1338));
#3570=EDGE_LOOP('',(#1339));
#3571=EDGE_LOOP('',(#1340));
#3572=EDGE_LOOP('',(#1341));
#3573=EDGE_LOOP('',(#1342,#1343,#1344,#1345));
#3574=EDGE_LOOP('',(#1346,#1347,#1348,#1349));
#3575=EDGE_LOOP('',(#1350,#1351,#1352,#1353));
#3576=EDGE_LOOP('',(#1354,#1355,#1356,#1357));
#3577=EDGE_LOOP('',(#1358,#1359,#1360,#1361));
#3578=EDGE_LOOP('',(#1362,#1363,#1364,#1365));
#3579=EDGE_LOOP('',(#1366,#1367,#1368,#1369));
#3580=EDGE_LOOP('',(#1370));
#3581=EDGE_LOOP('',(#1371));
#3582=EDGE_LOOP('',(#1372));
#3583=EDGE_LOOP('',(#1373));
#3584=EDGE_LOOP('',(#1374));
#3585=EDGE_LOOP('',(#1375));
#3586=EDGE_LOOP('',(#1376));
#3587=EDGE_LOOP('',(#1377));
#3588=EDGE_LOOP('',(#1378));
#3589=EDGE_LOOP('',(#1379));
#3590=EDGE_LOOP('',(#1380));
#3591=EDGE_LOOP('',(#1381));
#3592=EDGE_LOOP('',(#1382));
#3593=EDGE_LOOP('',(#1383));
#3594=EDGE_LOOP('',(#1384));
#3595=EDGE_LOOP('',(#1385));
#3596=EDGE_LOOP('',(#1386));
#3597=EDGE_LOOP('',(#1387));
#3598=EDGE_LOOP('',(#1388));
#3599=EDGE_LOOP('',(#1389));
#3600=EDGE_LOOP('',(#1390,#1391,#1392,#1393));
#3601=EDGE_LOOP('',(#1394,#1395,#1396,#1397));
#3602=EDGE_LOOP('',(#1398,#1399,#1400,#1401));
#3603=EDGE_LOOP('',(#1402,#1403,#1404,#1405));
#3604=EDGE_LOOP('',(#1406,#1407,#1408,#1409));
#3605=EDGE_LOOP('',(#1410,#1411,#1412,#1413));
#3606=EDGE_LOOP('',(#1414,#1415,#1416,#1417));
#3607=EDGE_LOOP('',(#1418,#1419,#1420,#1421));
#3608=EDGE_LOOP('',(#1422,#1423,#1424,#1425));
#3609=EDGE_LOOP('',(#1426,#1427,#1428,#1429));
#3610=EDGE_LOOP('',(#1430,#1431,#1432,#1433));
#3611=EDGE_LOOP('',(#1434,#1435,#1436,#1437));
#3612=EDGE_LOOP('',(#1438,#1439,#1440,#1441));
#3613=EDGE_LOOP('',(#1442,#1443,#1444,#1445));
#3614=EDGE_LOOP('',(#1446,#1447,#1448,#1449));
#3615=EDGE_LOOP('',(#1450,#1451,#1452,#1453,#1454,#1455,#1456,#1457));
#3616=EDGE_LOOP('',(#1458));
#3617=EDGE_LOOP('',(#1459));
#3618=EDGE_LOOP('',(#1460));
#3619=EDGE_LOOP('',(#1461));
#3620=EDGE_LOOP('',(#1462));
#3621=EDGE_LOOP('',(#1463));
#3622=EDGE_LOOP('',(#1464,#1465,#1466,#1467));
#3623=EDGE_LOOP('',(#1468,#1469,#1470,#1471));
#3624=EDGE_LOOP('',(#1472,#1473,#1474,#1475));
#3625=EDGE_LOOP('',(#1476,#1477,#1478,#1479));
#3626=EDGE_LOOP('',(#1480,#1481,#1482,#1483));
#3627=EDGE_LOOP('',(#1484,#1485,#1486,#1487,#1488,#1489,#1490,#1491,#1492,
#1493,#1494,#1495,#1496,#1497,#1498,#1499,#1500,#1501,#1502,#1503,#1504,
#1505,#1506,#1507,#1508,#1509,#1510,#1511,#1512,#1513,#1514,#1515,#1516,
#1517,#1518,#1519,#1520,#1521,#1522,#1523,#1524,#1525));
#3628=EDGE_LOOP('',(#1526));
#3629=EDGE_LOOP('',(#1527));
#3630=EDGE_LOOP('',(#1528));
#3631=EDGE_LOOP('',(#1529));
#3632=EDGE_LOOP('',(#1530));
#3633=EDGE_LOOP('',(#1531));
#3634=EDGE_LOOP('',(#1532));
#3635=EDGE_LOOP('',(#1533,#1534,#1535,#1536));
#3636=EDGE_LOOP('',(#1537,#1538,#1539,#1540,#1541,#1542,#1543,#1544));
#3637=EDGE_LOOP('',(#1545));
#3638=EDGE_LOOP('',(#1546));
#3639=EDGE_LOOP('',(#1547));
#3640=EDGE_LOOP('',(#1548));
#3641=EDGE_LOOP('',(#1549,#1550,#1551,#1552,#1553,#1554,#1555,#1556,#1557,
#1558));
#3642=EDGE_LOOP('',(#1559));
#3643=EDGE_LOOP('',(#1560));
#3644=EDGE_LOOP('',(#1561));
#3645=EDGE_LOOP('',(#1562));
#3646=EDGE_LOOP('',(#1563));
#3647=EDGE_LOOP('',(#1564));
#3648=EDGE_LOOP('',(#1565));
#3649=EDGE_LOOP('',(#1566));
#3650=EDGE_LOOP('',(#1567));
#3651=EDGE_LOOP('',(#1568));
#3652=EDGE_LOOP('',(#1569,#1570,#1571,#1572,#1573,#1574,#1575,#1576,#1577,
#1578));
#3653=EDGE_LOOP('',(#1579,#1580,#1581,#1582,#1583,#1584,#1585,#1586,#1587,
#1588,#1589,#1590,#1591,#1592));
#3654=EDGE_LOOP('',(#1593,#1594,#1595,#1596,#1597,#1598,#1599,#1600,#1601,
#1602));
#3655=EDGE_LOOP('',(#1603));
#3656=EDGE_LOOP('',(#1604));
#3657=EDGE_LOOP('',(#1605,#1606,#1607,#1608));
#3658=EDGE_LOOP('',(#1609));
#3659=EDGE_LOOP('',(#1610));
#3660=EDGE_LOOP('',(#1611,#1612,#1613,#1614));
#3661=EDGE_LOOP('',(#1615));
#3662=EDGE_LOOP('',(#1616));
#3663=EDGE_LOOP('',(#1617));
#3664=EDGE_LOOP('',(#1618));
#3665=EDGE_LOOP('',(#1619));
#3666=EDGE_LOOP('',(#1620));
#3667=EDGE_LOOP('',(#1621));
#3668=EDGE_LOOP('',(#1622));
#3669=EDGE_LOOP('',(#1623));
#3670=EDGE_LOOP('',(#1624));
#3671=EDGE_LOOP('',(#1625));
#3672=EDGE_LOOP('',(#1626));
#3673=EDGE_LOOP('',(#1627));
#3674=EDGE_LOOP('',(#1628));
#3675=EDGE_LOOP('',(#1629));
#3676=EDGE_LOOP('',(#1630));
#3677=EDGE_LOOP('',(#1631));
#3678=EDGE_LOOP('',(#1632));
#3679=EDGE_LOOP('',(#1633,#1634,#1635,#1636));
#3680=EDGE_LOOP('',(#1637,#1638,#1639,#1640));
#3681=EDGE_LOOP('',(#1641,#1642,#1643,#1644));
#3682=EDGE_LOOP('',(#1645,#1646,#1647,#1648));
#3683=EDGE_LOOP('',(#1649,#1650,#1651,#1652));
#3684=EDGE_LOOP('',(#1653,#1654,#1655,#1656));
#3685=EDGE_LOOP('',(#1657,#1658,#1659,#1660));
#3686=EDGE_LOOP('',(#1661,#1662,#1663,#1664));
#3687=EDGE_LOOP('',(#1665,#1666,#1667,#1668));
#3688=EDGE_LOOP('',(#1669,#1670,#1671,#1672));
#3689=EDGE_LOOP('',(#1673,#1674,#1675,#1676));
#3690=EDGE_LOOP('',(#1677,#1678,#1679,#1680));
#3691=EDGE_LOOP('',(#1681,#1682,#1683,#1684));
#3692=EDGE_LOOP('',(#1685,#1686,#1687,#1688));
#3693=EDGE_LOOP('',(#1689,#1690,#1691,#1692));
#3694=EDGE_LOOP('',(#1693,#1694,#1695,#1696));
#3695=EDGE_LOOP('',(#1697,#1698,#1699,#1700));
#3696=EDGE_LOOP('',(#1701,#1702,#1703,#1704));
#3697=EDGE_LOOP('',(#1705,#1706,#1707,#1708));
#3698=EDGE_LOOP('',(#1709,#1710,#1711,#1712));
#3699=EDGE_LOOP('',(#1713,#1714,#1715,#1716));
#3700=EDGE_LOOP('',(#1717,#1718,#1719,#1720));
#3701=EDGE_LOOP('',(#1721,#1722,#1723,#1724));
#3702=EDGE_LOOP('',(#1725,#1726,#1727,#1728));
#3703=EDGE_LOOP('',(#1729,#1730,#1731,#1732));
#3704=EDGE_LOOP('',(#1733,#1734,#1735,#1736));
#3705=EDGE_LOOP('',(#1737,#1738,#1739,#1740));
#3706=EDGE_LOOP('',(#1741,#1742,#1743,#1744));
#3707=EDGE_LOOP('',(#1745,#1746,#1747,#1748));
#3708=EDGE_LOOP('',(#1749,#1750,#1751,#1752));
#3709=EDGE_LOOP('',(#1753,#1754,#1755,#1756));
#3710=EDGE_LOOP('',(#1757,#1758,#1759,#1760));
#3711=EDGE_LOOP('',(#1761,#1762,#1763,#1764));
#3712=EDGE_LOOP('',(#1765,#1766,#1767,#1768));
#3713=EDGE_LOOP('',(#1769,#1770,#1771,#1772));
#3714=EDGE_LOOP('',(#1773,#1774,#1775,#1776,#1777));
#3715=EDGE_LOOP('',(#1778,#1779,#1780,#1781));
#3716=EDGE_LOOP('',(#1782,#1783,#1784,#1785));
#3717=EDGE_LOOP('',(#1786,#1787,#1788,#1789));
#3718=EDGE_LOOP('',(#1790,#1791,#1792,#1793));
#3719=EDGE_LOOP('',(#1794,#1795,#1796,#1797));
#3720=EDGE_LOOP('',(#1798,#1799,#1800,#1801));
#3721=EDGE_LOOP('',(#1802,#1803,#1804,#1805));
#3722=EDGE_LOOP('',(#1806));
#3723=EDGE_LOOP('',(#1807));
#3724=EDGE_LOOP('',(#1808));
#3725=EDGE_LOOP('',(#1809));
#3726=EDGE_LOOP('',(#1810));
#3727=EDGE_LOOP('',(#1811));
#3728=EDGE_LOOP('',(#1812));
#3729=EDGE_LOOP('',(#1813));
#3730=EDGE_LOOP('',(#1814,#1815,#1816,#1817));
#3731=EDGE_LOOP('',(#1818,#1819,#1820,#1821,#1822));
#3732=EDGE_LOOP('',(#1823,#1824,#1825,#1826));
#3733=EDGE_LOOP('',(#1827,#1828,#1829,#1830,#1831));
#3734=EDGE_LOOP('',(#1832,#1833,#1834,#1835,#1836,#1837,#1838,#1839,#1840,
#1841,#1842,#1843,#1844,#1845,#1846,#1847,#1848,#1849,#1850,#1851));
#3735=EDGE_LOOP('',(#1852,#1853,#1854,#1855));
#3736=EDGE_LOOP('',(#1856,#1857,#1858,#1859));
#3737=EDGE_LOOP('',(#1860,#1861,#1862,#1863));
#3738=EDGE_LOOP('',(#1864,#1865,#1866,#1867,#1868,#1869,#1870,#1871));
#3739=EDGE_LOOP('',(#1872,#1873,#1874,#1875));
#3740=EDGE_LOOP('',(#1876,#1877,#1878,#1879));
#3741=EDGE_LOOP('',(#1880,#1881,#1882,#1883));
#3742=EDGE_LOOP('',(#1884,#1885,#1886,#1887));
#3743=EDGE_LOOP('',(#1888,#1889,#1890,#1891));
#3744=EDGE_LOOP('',(#1892,#1893,#1894,#1895));
#3745=EDGE_LOOP('',(#1896,#1897,#1898,#1899));
#3746=EDGE_LOOP('',(#1900,#1901,#1902,#1903,#1904,#1905,#1906,#1907));
#3747=EDGE_LOOP('',(#1908,#1909,#1910,#1911));
#3748=EDGE_LOOP('',(#1912,#1913,#1914,#1915));
#3749=EDGE_LOOP('',(#1916,#1917,#1918,#1919));
#3750=EDGE_LOOP('',(#1920,#1921,#1922,#1923));
#3751=EDGE_LOOP('',(#1924,#1925,#1926,#1927));
#3752=EDGE_LOOP('',(#1928));
#3753=EDGE_LOOP('',(#1929));
#3754=EDGE_LOOP('',(#1930));
#3755=EDGE_LOOP('',(#1931,#1932,#1933,#1934));
#3756=EDGE_LOOP('',(#1935,#1936,#1937,#1938));
#3757=EDGE_LOOP('',(#1939,#1940,#1941,#1942));
#3758=EDGE_LOOP('',(#1943,#1944,#1945,#1946));
#3759=EDGE_LOOP('',(#1947,#1948,#1949,#1950));
#3760=EDGE_LOOP('',(#1951,#1952,#1953,#1954));
#3761=EDGE_LOOP('',(#1955,#1956,#1957,#1958));
#3762=EDGE_LOOP('',(#1959,#1960,#1961,#1962));
#3763=EDGE_LOOP('',(#1963,#1964,#1965,#1966));
#3764=EDGE_LOOP('',(#1967,#1968,#1969,#1970));
#3765=EDGE_LOOP('',(#1971));
#3766=EDGE_LOOP('',(#1972));
#3767=EDGE_LOOP('',(#1973));
#3768=EDGE_LOOP('',(#1974,#1975,#1976,#1977));
#3769=EDGE_LOOP('',(#1978,#1979,#1980,#1981));
#3770=EDGE_LOOP('',(#1982,#1983,#1984,#1985));
#3771=EDGE_LOOP('',(#1986,#1987,#1988,#1989));
#3772=EDGE_LOOP('',(#1990,#1991,#1992,#1993));
#3773=EDGE_LOOP('',(#1994,#1995,#1996,#1997));
#3774=EDGE_LOOP('',(#1998,#1999,#2000,#2001));
#3775=EDGE_LOOP('',(#2002,#2003,#2004,#2005));
#3776=EDGE_LOOP('',(#2006,#2007,#2008,#2009));
#3777=EDGE_LOOP('',(#2010,#2011,#2012,#2013));
#3778=EDGE_LOOP('',(#2014,#2015,#2016,#2017));
#3779=EDGE_LOOP('',(#2018,#2019,#2020,#2021,#2022));
#3780=EDGE_LOOP('',(#2023,#2024,#2025,#2026));
#3781=EDGE_LOOP('',(#2027,#2028,#2029,#2030));
#3782=EDGE_LOOP('',(#2031,#2032,#2033,#2034));
#3783=EDGE_LOOP('',(#2035,#2036,#2037,#2038));
#3784=EDGE_LOOP('',(#2039,#2040,#2041,#2042));
#3785=EDGE_LOOP('',(#2043,#2044,#2045,#2046));
#3786=EDGE_LOOP('',(#2047));
#3787=EDGE_LOOP('',(#2048));
#3788=EDGE_LOOP('',(#2049));
#3789=EDGE_LOOP('',(#2050));
#3790=EDGE_LOOP('',(#2051));
#3791=EDGE_LOOP('',(#2052));
#3792=EDGE_LOOP('',(#2053));
#3793=EDGE_LOOP('',(#2054));
#3794=EDGE_LOOP('',(#2055,#2056,#2057,#2058));
#3795=EDGE_LOOP('',(#2059,#2060,#2061,#2062));
#3796=EDGE_LOOP('',(#2063,#2064,#2065,#2066));
#3797=EDGE_LOOP('',(#2067,#2068,#2069,#2070));
#3798=EDGE_LOOP('',(#2071));
#3799=EDGE_LOOP('',(#2072));
#3800=EDGE_LOOP('',(#2073));
#3801=EDGE_LOOP('',(#2074));
#3802=EDGE_LOOP('',(#2075));
#3803=EDGE_LOOP('',(#2076));
#3804=EDGE_LOOP('',(#2077));
#3805=EDGE_LOOP('',(#2078));
#3806=EDGE_LOOP('',(#2079));
#3807=EDGE_LOOP('',(#2080));
#3808=EDGE_LOOP('',(#2081));
#3809=EDGE_LOOP('',(#2082));
#3810=EDGE_LOOP('',(#2083));
#3811=EDGE_LOOP('',(#2084));
#3812=FACE_BOUND('',#3432,.T.);
#3813=FACE_BOUND('',#3433,.T.);
#3814=FACE_BOUND('',#3434,.T.);
#3815=FACE_BOUND('',#3435,.T.);
#3816=FACE_BOUND('',#3436,.T.);
#3817=FACE_BOUND('',#3437,.T.);
#3818=FACE_BOUND('',#3438,.T.);
#3819=FACE_BOUND('',#3439,.T.);
#3820=FACE_BOUND('',#3440,.T.);
#3821=FACE_BOUND('',#3441,.T.);
#3822=FACE_BOUND('',#3442,.T.);
#3823=FACE_BOUND('',#3443,.T.);
#3824=FACE_BOUND('',#3444,.T.);
#3825=FACE_BOUND('',#3445,.T.);
#3826=FACE_BOUND('',#3446,.T.);
#3827=FACE_BOUND('',#3447,.T.);
#3828=FACE_BOUND('',#3448,.T.);
#3829=FACE_BOUND('',#3449,.T.);
#3830=FACE_BOUND('',#3450,.T.);
#3831=FACE_BOUND('',#3451,.T.);
#3832=FACE_BOUND('',#3452,.T.);
#3833=FACE_BOUND('',#3453,.T.);
#3834=FACE_BOUND('',#3454,.T.);
#3835=FACE_BOUND('',#3455,.T.);
#3836=FACE_BOUND('',#3456,.T.);
#3837=FACE_BOUND('',#3457,.T.);
#3838=FACE_BOUND('',#3458,.T.);
#3839=FACE_BOUND('',#3459,.T.);
#3840=FACE_BOUND('',#3460,.T.);
#3841=FACE_BOUND('',#3461,.T.);
#3842=FACE_BOUND('',#3462,.T.);
#3843=FACE_BOUND('',#3463,.T.);
#3844=FACE_BOUND('',#3464,.T.);
#3845=FACE_BOUND('',#3465,.T.);
#3846=FACE_BOUND('',#3466,.T.);
#3847=FACE_BOUND('',#3467,.T.);
#3848=FACE_BOUND('',#3468,.T.);
#3849=FACE_BOUND('',#3469,.T.);
#3850=FACE_BOUND('',#3470,.T.);
#3851=FACE_BOUND('',#3471,.T.);
#3852=FACE_BOUND('',#3472,.T.);
#3853=FACE_BOUND('',#3473,.T.);
#3854=FACE_BOUND('',#3474,.T.);
#3855=FACE_BOUND('',#3475,.T.);
#3856=FACE_BOUND('',#3476,.T.);
#3857=FACE_BOUND('',#3477,.T.);
#3858=FACE_BOUND('',#3478,.T.);
#3859=FACE_BOUND('',#3479,.T.);
#3860=FACE_BOUND('',#3480,.T.);
#3861=FACE_BOUND('',#3481,.T.);
#3862=FACE_BOUND('',#3482,.T.);
#3863=FACE_BOUND('',#3483,.T.);
#3864=FACE_BOUND('',#3484,.T.);
#3865=FACE_BOUND('',#3485,.T.);
#3866=FACE_BOUND('',#3486,.T.);
#3867=FACE_BOUND('',#3487,.T.);
#3868=FACE_BOUND('',#3488,.T.);
#3869=FACE_BOUND('',#3489,.T.);
#3870=FACE_BOUND('',#3490,.T.);
#3871=FACE_BOUND('',#3491,.T.);
#3872=FACE_BOUND('',#3492,.T.);
#3873=FACE_BOUND('',#3493,.T.);
#3874=FACE_BOUND('',#3494,.T.);
#3875=FACE_BOUND('',#3495,.T.);
#3876=FACE_BOUND('',#3496,.T.);
#3877=FACE_BOUND('',#3497,.T.);
#3878=FACE_BOUND('',#3498,.T.);
#3879=FACE_BOUND('',#3499,.T.);
#3880=FACE_BOUND('',#3500,.T.);
#3881=FACE_BOUND('',#3501,.T.);
#3882=FACE_BOUND('',#3502,.T.);
#3883=FACE_BOUND('',#3503,.T.);
#3884=FACE_BOUND('',#3504,.T.);
#3885=FACE_BOUND('',#3505,.T.);
#3886=FACE_BOUND('',#3506,.T.);
#3887=FACE_BOUND('',#3507,.T.);
#3888=FACE_BOUND('',#3508,.T.);
#3889=FACE_BOUND('',#3509,.T.);
#3890=FACE_BOUND('',#3510,.T.);
#3891=FACE_BOUND('',#3511,.T.);
#3892=FACE_BOUND('',#3512,.T.);
#3893=FACE_BOUND('',#3513,.T.);
#3894=FACE_BOUND('',#3514,.T.);
#3895=FACE_BOUND('',#3515,.T.);
#3896=FACE_BOUND('',#3516,.T.);
#3897=FACE_BOUND('',#3517,.T.);
#3898=FACE_BOUND('',#3518,.T.);
#3899=FACE_BOUND('',#3519,.T.);
#3900=FACE_BOUND('',#3520,.T.);
#3901=FACE_BOUND('',#3521,.T.);
#3902=FACE_BOUND('',#3522,.T.);
#3903=FACE_BOUND('',#3523,.T.);
#3904=FACE_BOUND('',#3524,.T.);
#3905=FACE_BOUND('',#3525,.T.);
#3906=FACE_BOUND('',#3526,.T.);
#3907=FACE_BOUND('',#3527,.T.);
#3908=FACE_BOUND('',#3528,.T.);
#3909=FACE_BOUND('',#3529,.T.);
#3910=FACE_BOUND('',#3530,.T.);
#3911=FACE_BOUND('',#3531,.T.);
#3912=FACE_BOUND('',#3532,.T.);
#3913=FACE_BOUND('',#3533,.T.);
#3914=FACE_BOUND('',#3534,.T.);
#3915=FACE_BOUND('',#3535,.T.);
#3916=FACE_BOUND('',#3536,.T.);
#3917=FACE_BOUND('',#3537,.T.);
#3918=FACE_BOUND('',#3538,.T.);
#3919=FACE_BOUND('',#3539,.T.);
#3920=FACE_BOUND('',#3540,.T.);
#3921=FACE_BOUND('',#3541,.T.);
#3922=FACE_BOUND('',#3542,.T.);
#3923=FACE_BOUND('',#3543,.T.);
#3924=FACE_BOUND('',#3544,.T.);
#3925=FACE_BOUND('',#3545,.T.);
#3926=FACE_BOUND('',#3546,.T.);
#3927=FACE_BOUND('',#3547,.T.);
#3928=FACE_BOUND('',#3548,.T.);
#3929=FACE_BOUND('',#3549,.T.);
#3930=FACE_BOUND('',#3550,.T.);
#3931=FACE_BOUND('',#3551,.T.);
#3932=FACE_BOUND('',#3552,.T.);
#3933=FACE_BOUND('',#3553,.T.);
#3934=FACE_BOUND('',#3554,.T.);
#3935=FACE_BOUND('',#3555,.T.);
#3936=FACE_BOUND('',#3556,.T.);
#3937=FACE_BOUND('',#3557,.T.);
#3938=FACE_BOUND('',#3558,.T.);
#3939=FACE_BOUND('',#3559,.T.);
#3940=FACE_BOUND('',#3560,.T.);
#3941=FACE_BOUND('',#3561,.T.);
#3942=FACE_BOUND('',#3562,.T.);
#3943=FACE_BOUND('',#3563,.T.);
#3944=FACE_BOUND('',#3564,.T.);
#3945=FACE_BOUND('',#3565,.T.);
#3946=FACE_BOUND('',#3566,.T.);
#3947=FACE_BOUND('',#3567,.T.);
#3948=FACE_BOUND('',#3568,.T.);
#3949=FACE_BOUND('',#3569,.T.);
#3950=FACE_BOUND('',#3570,.T.);
#3951=FACE_BOUND('',#3571,.T.);
#3952=FACE_BOUND('',#3572,.T.);
#3953=FACE_BOUND('',#3573,.T.);
#3954=FACE_BOUND('',#3574,.T.);
#3955=FACE_BOUND('',#3575,.T.);
#3956=FACE_BOUND('',#3576,.T.);
#3957=FACE_BOUND('',#3577,.T.);
#3958=FACE_BOUND('',#3578,.T.);
#3959=FACE_BOUND('',#3579,.T.);
#3960=FACE_BOUND('',#3580,.T.);
#3961=FACE_BOUND('',#3581,.T.);
#3962=FACE_BOUND('',#3582,.T.);
#3963=FACE_BOUND('',#3583,.T.);
#3964=FACE_BOUND('',#3584,.T.);
#3965=FACE_BOUND('',#3585,.T.);
#3966=FACE_BOUND('',#3586,.T.);
#3967=FACE_BOUND('',#3587,.T.);
#3968=FACE_BOUND('',#3588,.T.);
#3969=FACE_BOUND('',#3589,.T.);
#3970=FACE_BOUND('',#3590,.T.);
#3971=FACE_BOUND('',#3591,.T.);
#3972=FACE_BOUND('',#3592,.T.);
#3973=FACE_BOUND('',#3593,.T.);
#3974=FACE_BOUND('',#3594,.T.);
#3975=FACE_BOUND('',#3595,.T.);
#3976=FACE_BOUND('',#3596,.T.);
#3977=FACE_BOUND('',#3597,.T.);
#3978=FACE_BOUND('',#3598,.T.);
#3979=FACE_BOUND('',#3599,.T.);
#3980=FACE_BOUND('',#3600,.T.);
#3981=FACE_BOUND('',#3601,.T.);
#3982=FACE_BOUND('',#3602,.T.);
#3983=FACE_BOUND('',#3603,.T.);
#3984=FACE_BOUND('',#3604,.T.);
#3985=FACE_BOUND('',#3605,.T.);
#3986=FACE_BOUND('',#3606,.T.);
#3987=FACE_BOUND('',#3607,.T.);
#3988=FACE_BOUND('',#3608,.T.);
#3989=FACE_BOUND('',#3609,.T.);
#3990=FACE_BOUND('',#3610,.T.);
#3991=FACE_BOUND('',#3611,.T.);
#3992=FACE_BOUND('',#3612,.T.);
#3993=FACE_BOUND('',#3613,.T.);
#3994=FACE_BOUND('',#3614,.T.);
#3995=FACE_BOUND('',#3615,.T.);
#3996=FACE_BOUND('',#3616,.T.);
#3997=FACE_BOUND('',#3617,.T.);
#3998=FACE_BOUND('',#3618,.T.);
#3999=FACE_BOUND('',#3619,.T.);
#4000=FACE_BOUND('',#3620,.T.);
#4001=FACE_BOUND('',#3621,.T.);
#4002=FACE_BOUND('',#3622,.T.);
#4003=FACE_BOUND('',#3623,.T.);
#4004=FACE_BOUND('',#3624,.T.);
#4005=FACE_BOUND('',#3625,.T.);
#4006=FACE_BOUND('',#3626,.T.);
#4007=FACE_BOUND('',#3627,.T.);
#4008=FACE_BOUND('',#3628,.T.);
#4009=FACE_BOUND('',#3629,.T.);
#4010=FACE_BOUND('',#3630,.T.);
#4011=FACE_BOUND('',#3631,.T.);
#4012=FACE_BOUND('',#3632,.T.);
#4013=FACE_BOUND('',#3633,.T.);
#4014=FACE_BOUND('',#3634,.T.);
#4015=FACE_BOUND('',#3635,.T.);
#4016=FACE_BOUND('',#3636,.T.);
#4017=FACE_BOUND('',#3637,.T.);
#4018=FACE_BOUND('',#3638,.T.);
#4019=FACE_BOUND('',#3639,.T.);
#4020=FACE_BOUND('',#3640,.T.);
#4021=FACE_BOUND('',#3641,.T.);
#4022=FACE_BOUND('',#3642,.T.);
#4023=FACE_BOUND('',#3643,.T.);
#4024=FACE_BOUND('',#3644,.T.);
#4025=FACE_BOUND('',#3645,.T.);
#4026=FACE_BOUND('',#3646,.T.);
#4027=FACE_BOUND('',#3647,.T.);
#4028=FACE_BOUND('',#3648,.T.);
#4029=FACE_BOUND('',#3649,.T.);
#4030=FACE_BOUND('',#3650,.T.);
#4031=FACE_BOUND('',#3651,.T.);
#4032=FACE_BOUND('',#3652,.T.);
#4033=FACE_BOUND('',#3653,.T.);
#4034=FACE_BOUND('',#3654,.T.);
#4035=FACE_BOUND('',#3655,.T.);
#4036=FACE_BOUND('',#3656,.T.);
#4037=FACE_BOUND('',#3657,.T.);
#4038=FACE_BOUND('',#3658,.T.);
#4039=FACE_BOUND('',#3659,.T.);
#4040=FACE_BOUND('',#3660,.T.);
#4041=FACE_BOUND('',#3661,.T.);
#4042=FACE_BOUND('',#3662,.T.);
#4043=FACE_BOUND('',#3663,.T.);
#4044=FACE_BOUND('',#3664,.T.);
#4045=FACE_BOUND('',#3665,.T.);
#4046=FACE_BOUND('',#3666,.T.);
#4047=FACE_BOUND('',#3667,.T.);
#4048=FACE_BOUND('',#3668,.T.);
#4049=FACE_BOUND('',#3669,.T.);
#4050=FACE_BOUND('',#3670,.T.);
#4051=FACE_BOUND('',#3671,.T.);
#4052=FACE_BOUND('',#3672,.T.);
#4053=FACE_BOUND('',#3673,.T.);
#4054=FACE_BOUND('',#3674,.T.);
#4055=FACE_BOUND('',#3675,.T.);
#4056=FACE_BOUND('',#3676,.T.);
#4057=FACE_BOUND('',#3677,.T.);
#4058=FACE_BOUND('',#3678,.T.);
#4059=FACE_BOUND('',#3679,.T.);
#4060=FACE_BOUND('',#3680,.T.);
#4061=FACE_BOUND('',#3681,.T.);
#4062=FACE_BOUND('',#3682,.T.);
#4063=FACE_BOUND('',#3683,.T.);
#4064=FACE_BOUND('',#3684,.T.);
#4065=FACE_BOUND('',#3685,.T.);
#4066=FACE_BOUND('',#3686,.T.);
#4067=FACE_BOUND('',#3687,.T.);
#4068=FACE_BOUND('',#3688,.T.);
#4069=FACE_BOUND('',#3689,.T.);
#4070=FACE_BOUND('',#3690,.T.);
#4071=FACE_BOUND('',#3691,.T.);
#4072=FACE_BOUND('',#3692,.T.);
#4073=FACE_BOUND('',#3693,.T.);
#4074=FACE_BOUND('',#3694,.T.);
#4075=FACE_BOUND('',#3695,.T.);
#4076=FACE_BOUND('',#3696,.T.);
#4077=FACE_BOUND('',#3697,.T.);
#4078=FACE_BOUND('',#3698,.T.);
#4079=FACE_BOUND('',#3699,.T.);
#4080=FACE_BOUND('',#3700,.T.);
#4081=FACE_BOUND('',#3701,.T.);
#4082=FACE_BOUND('',#3702,.T.);
#4083=FACE_BOUND('',#3703,.T.);
#4084=FACE_BOUND('',#3704,.T.);
#4085=FACE_BOUND('',#3705,.T.);
#4086=FACE_BOUND('',#3706,.T.);
#4087=FACE_BOUND('',#3707,.T.);
#4088=FACE_BOUND('',#3708,.T.);
#4089=FACE_BOUND('',#3709,.T.);
#4090=FACE_BOUND('',#3710,.T.);
#4091=FACE_BOUND('',#3711,.T.);
#4092=FACE_BOUND('',#3712,.T.);
#4093=FACE_BOUND('',#3713,.T.);
#4094=FACE_BOUND('',#3714,.T.);
#4095=FACE_BOUND('',#3715,.T.);
#4096=FACE_BOUND('',#3716,.T.);
#4097=FACE_BOUND('',#3717,.T.);
#4098=FACE_BOUND('',#3718,.T.);
#4099=FACE_BOUND('',#3719,.T.);
#4100=FACE_BOUND('',#3720,.T.);
#4101=FACE_BOUND('',#3721,.T.);
#4102=FACE_BOUND('',#3722,.T.);
#4103=FACE_BOUND('',#3723,.T.);
#4104=FACE_BOUND('',#3724,.T.);
#4105=FACE_BOUND('',#3725,.T.);
#4106=FACE_BOUND('',#3726,.T.);
#4107=FACE_BOUND('',#3727,.T.);
#4108=FACE_BOUND('',#3728,.T.);
#4109=FACE_BOUND('',#3729,.T.);
#4110=FACE_BOUND('',#3730,.T.);
#4111=FACE_BOUND('',#3731,.T.);
#4112=FACE_BOUND('',#3732,.T.);
#4113=FACE_BOUND('',#3733,.T.);
#4114=FACE_BOUND('',#3734,.T.);
#4115=FACE_BOUND('',#3735,.T.);
#4116=FACE_BOUND('',#3736,.T.);
#4117=FACE_BOUND('',#3737,.T.);
#4118=FACE_BOUND('',#3738,.T.);
#4119=FACE_BOUND('',#3739,.T.);
#4120=FACE_BOUND('',#3740,.T.);
#4121=FACE_BOUND('',#3741,.T.);
#4122=FACE_BOUND('',#3742,.T.);
#4123=FACE_BOUND('',#3743,.T.);
#4124=FACE_BOUND('',#3744,.T.);
#4125=FACE_BOUND('',#3745,.T.);
#4126=FACE_BOUND('',#3746,.T.);
#4127=FACE_BOUND('',#3747,.T.);
#4128=FACE_BOUND('',#3748,.T.);
#4129=FACE_BOUND('',#3749,.T.);
#4130=FACE_BOUND('',#3750,.T.);
#4131=FACE_BOUND('',#3751,.T.);
#4132=FACE_BOUND('',#3752,.T.);
#4133=FACE_BOUND('',#3753,.T.);
#4134=FACE_BOUND('',#3754,.T.);
#4135=FACE_BOUND('',#3755,.T.);
#4136=FACE_BOUND('',#3756,.T.);
#4137=FACE_BOUND('',#3757,.T.);
#4138=FACE_BOUND('',#3758,.T.);
#4139=FACE_BOUND('',#3759,.T.);
#4140=FACE_BOUND('',#3760,.T.);
#4141=FACE_BOUND('',#3761,.T.);
#4142=FACE_BOUND('',#3762,.T.);
#4143=FACE_BOUND('',#3763,.T.);
#4144=FACE_BOUND('',#3764,.T.);
#4145=FACE_BOUND('',#3765,.T.);
#4146=FACE_BOUND('',#3766,.T.);
#4147=FACE_BOUND('',#3767,.T.);
#4148=FACE_BOUND('',#3768,.T.);
#4149=FACE_BOUND('',#3769,.T.);
#4150=FACE_BOUND('',#3770,.T.);
#4151=FACE_BOUND('',#3771,.T.);
#4152=FACE_BOUND('',#3772,.T.);
#4153=FACE_BOUND('',#3773,.T.);
#4154=FACE_BOUND('',#3774,.T.);
#4155=FACE_BOUND('',#3775,.T.);
#4156=FACE_BOUND('',#3776,.T.);
#4157=FACE_BOUND('',#3777,.T.);
#4158=FACE_BOUND('',#3778,.T.);
#4159=FACE_BOUND('',#3779,.T.);
#4160=FACE_BOUND('',#3780,.T.);
#4161=FACE_BOUND('',#3781,.T.);
#4162=FACE_BOUND('',#3782,.T.);
#4163=FACE_BOUND('',#3783,.T.);
#4164=FACE_BOUND('',#3784,.T.);
#4165=FACE_BOUND('',#3785,.T.);
#4166=FACE_BOUND('',#3786,.T.);
#4167=FACE_BOUND('',#3787,.T.);
#4168=FACE_BOUND('',#3788,.T.);
#4169=FACE_BOUND('',#3789,.T.);
#4170=FACE_BOUND('',#3790,.T.);
#4171=FACE_BOUND('',#3791,.T.);
#4172=FACE_BOUND('',#3792,.T.);
#4173=FACE_BOUND('',#3793,.T.);
#4174=FACE_BOUND('',#3794,.T.);
#4175=FACE_BOUND('',#3795,.T.);
#4176=FACE_BOUND('',#3796,.T.);
#4177=FACE_BOUND('',#3797,.T.);
#4178=FACE_BOUND('',#3798,.T.);
#4179=FACE_BOUND('',#3799,.T.);
#4180=FACE_BOUND('',#3800,.T.);
#4181=FACE_BOUND('',#3801,.T.);
#4182=FACE_BOUND('',#3802,.T.);
#4183=FACE_BOUND('',#3803,.T.);
#4184=FACE_BOUND('',#3804,.T.);
#4185=FACE_BOUND('',#3805,.T.);
#4186=FACE_BOUND('',#3806,.T.);
#4187=FACE_BOUND('',#3807,.T.);
#4188=FACE_BOUND('',#3808,.T.);
#4189=FACE_BOUND('',#3809,.T.);
#4190=FACE_BOUND('',#3810,.T.);
#4191=FACE_BOUND('',#3811,.T.);
#4192=PLANE('',#4557);
#4193=PLANE('',#4568);
#4194=PLANE('',#4597);
#4195=PLANE('',#4598);
#4196=PLANE('',#4599);
#4197=PLANE('',#4603);
#4198=PLANE('',#4612);
#4199=PLANE('',#4621);
#4200=PLANE('',#4622);
#4201=PLANE('',#4626);
#4202=PLANE('',#4741);
#4203=PLANE('',#4746);
#4204=PLANE('',#4748);
#4205=PLANE('',#4749);
#4206=PLANE('',#4750);
#4207=PLANE('',#4751);
#4208=PLANE('',#4801);
#4209=PLANE('',#4806);
#4210=PLANE('',#4808);
#4211=PLANE('',#4809);
#4212=PLANE('',#4810);
#4213=PLANE('',#4811);
#4214=PLANE('',#4831);
#4215=PLANE('',#4844);
#4216=PLANE('',#4849);
#4217=PLANE('',#4850);
#4218=PLANE('',#4855);
#4219=PLANE('',#4861);
#4220=PLANE('',#4864);
#4221=PLANE('',#4867);
#4222=PLANE('',#4881);
#4223=PLANE('',#4885);
#4224=PLANE('',#4889);
#4225=PLANE('',#4893);
#4226=PLANE('',#4939);
#4227=PLANE('',#4944);
#4228=PLANE('',#4945);
#4229=PLANE('',#4946);
#4230=PLANE('',#4947);
#4231=PLANE('',#4950);
#4232=PLANE('',#4959);
#4233=PLANE('',#4960);
#4234=PLANE('',#4969);
#4235=PLANE('',#4970);
#4236=PLANE('',#4971);
#4237=PLANE('',#4972);
#4238=PLANE('',#4973);
#4239=PLANE('',#4985);
#4240=PLANE('',#4988);
#4241=PLANE('',#4991);
#4242=PLANE('',#4992);
#4243=PLANE('',#4998);
#4244=PLANE('',#4999);
#4245=PLANE('',#5005);
#4246=PLANE('',#5006);
#4247=PLANE('',#5011);
#4248=PLANE('',#5012);
#4249=PLANE('',#5018);
#4250=PLANE('',#5021);
#4251=PLANE('',#5036);
#4252=PLANE('',#5037);
#4253=PLANE('',#5038);
#4254=PLANE('',#5039);
#4255=PLANE('',#5040);
#4256=PLANE('',#5049);
#4257=PLANE('',#5050);
#4258=PLANE('',#5051);
#4259=PLANE('',#5052);
#4260=PLANE('',#5061);
#4261=PLANE('',#5064);
#4262=PLANE('',#5071);
#4263=PLANE('',#5073);
#4264=PLANE('',#5076);
#4265=PLANE('',#5077);
#4266=PLANE('',#5080);
#4267=PLANE('',#5088);
#4268=PLANE('',#5089);
#4269=PLANE('',#5092);
#4270=PLANE('',#5093);
#4271=PLANE('',#5097);
#4272=PLANE('',#5109);
#4273=PLANE('',#5113);
#4274=PLANE('',#5116);
#4275=PLANE('',#5120);
#4276=ADVANCED_FACE('',(#3812,#3813,#3814),#4192,.T.);
#4277=ADVANCED_FACE('',(#3815,#3816,#3817,#3818,#3819,#3820,#3821,#3822,
#3823,#3824,#3825,#3826,#3827,#3828,#3829,#3830),#4193,.F.);
#4278=ADVANCED_FACE('',(#3831,#3832),#121,.F.);
#4279=ADVANCED_FACE('',(#3833,#3834),#122,.F.);
#4280=ADVANCED_FACE('',(#3835),#4194,.F.);
#4281=ADVANCED_FACE('',(#3836),#4195,.F.);
#4282=ADVANCED_FACE('',(#3837),#4196,.F.);
#4283=ADVANCED_FACE('',(#3838),#123,.F.);
#4284=ADVANCED_FACE('',(#3839),#4197,.F.);
#4285=ADVANCED_FACE('',(#3840),#4198,.T.);
#4286=ADVANCED_FACE('',(#3841),#4199,.F.);
#4287=ADVANCED_FACE('',(#3842),#4200,.T.);
#4288=ADVANCED_FACE('',(#3843,#3844),#47,.F.);
#4289=ADVANCED_FACE('',(#3845,#3846,#3847,#3848,#3849,#3850,#3851,#3852,
#3853,#3854,#3855),#4201,.T.);
#4290=ADVANCED_FACE('',(#3856,#3857),#124,.F.);
#4291=ADVANCED_FACE('',(#3858,#3859),#125,.F.);
#4292=ADVANCED_FACE('',(#3860,#3861),#126,.F.);
#4293=ADVANCED_FACE('',(#3862,#3863),#127,.F.);
#4294=ADVANCED_FACE('',(#3864,#3865),#128,.F.);
#4295=ADVANCED_FACE('',(#3866,#3867),#129,.F.);
#4296=ADVANCED_FACE('',(#3868),#31,.T.);
#4297=ADVANCED_FACE('',(#3869),#32,.T.);
#4298=ADVANCED_FACE('',(#3870),#130,.T.);
#4299=ADVANCED_FACE('',(#3871),#33,.T.);
#4300=ADVANCED_FACE('',(#3872),#34,.T.);
#4301=ADVANCED_FACE('',(#3873),#35,.T.);
#4302=ADVANCED_FACE('',(#3874),#36,.T.);
#4303=ADVANCED_FACE('',(#3875),#131,.T.);
#4304=ADVANCED_FACE('',(#3876),#37,.T.);
#4305=ADVANCED_FACE('',(#3877),#38,.T.);
#4306=ADVANCED_FACE('',(#3878),#132,.T.);
#4307=ADVANCED_FACE('',(#3879),#133,.T.);
#4308=ADVANCED_FACE('',(#3880),#134,.T.);
#4309=ADVANCED_FACE('',(#3881),#135,.T.);
#4310=ADVANCED_FACE('',(#3882),#136,.F.);
#4311=ADVANCED_FACE('',(#3883),#137,.F.);
#4312=ADVANCED_FACE('',(#3884),#138,.F.);
#4313=ADVANCED_FACE('',(#3885),#139,.F.);
#4314=ADVANCED_FACE('',(#3886,#3887),#140,.F.);
#4315=ADVANCED_FACE('',(#3888,#3889),#4202,.F.);
#4316=ADVANCED_FACE('',(#3890,#3891),#141,.F.);
#4317=ADVANCED_FACE('',(#3892,#3893),#4203,.F.);
#4318=ADVANCED_FACE('',(#3894),#4204,.F.);
#4319=ADVANCED_FACE('',(#3895),#4205,.T.);
#4320=ADVANCED_FACE('',(#3896),#4206,.F.);
#4321=ADVANCED_FACE('',(#3897),#4207,.T.);
#4322=ADVANCED_FACE('',(#3898),#39,.T.);
#4323=ADVANCED_FACE('',(#3899),#40,.T.);
#4324=ADVANCED_FACE('',(#3900),#142,.T.);
#4325=ADVANCED_FACE('',(#3901),#41,.T.);
#4326=ADVANCED_FACE('',(#3902),#42,.T.);
#4327=ADVANCED_FACE('',(#3903),#29,.T.);
#4328=ADVANCED_FACE('',(#3904),#30,.T.);
#4329=ADVANCED_FACE('',(#3905),#143,.T.);
#4330=ADVANCED_FACE('',(#3906),#43,.T.);
#4331=ADVANCED_FACE('',(#3907),#44,.T.);
#4332=ADVANCED_FACE('',(#3908),#144,.T.);
#4333=ADVANCED_FACE('',(#3909),#145,.T.);
#4334=ADVANCED_FACE('',(#3910),#146,.T.);
#4335=ADVANCED_FACE('',(#3911),#147,.T.);
#4336=ADVANCED_FACE('',(#3912),#148,.F.);
#4337=ADVANCED_FACE('',(#3913),#149,.F.);
#4338=ADVANCED_FACE('',(#3914),#150,.F.);
#4339=ADVANCED_FACE('',(#3915),#151,.F.);
#4340=ADVANCED_FACE('',(#3916,#3917),#152,.F.);
#4341=ADVANCED_FACE('',(#3918,#3919),#4208,.F.);
#4342=ADVANCED_FACE('',(#3920,#3921),#153,.F.);
#4343=ADVANCED_FACE('',(#3922,#3923),#4209,.F.);
#4344=ADVANCED_FACE('',(#3924),#4210,.F.);
#4345=ADVANCED_FACE('',(#3925),#4211,.T.);
#4346=ADVANCED_FACE('',(#3926),#4212,.F.);
#4347=ADVANCED_FACE('',(#3927),#4213,.T.);
#4348=ADVANCED_FACE('',(#3928,#3929),#154,.F.);
#4349=ADVANCED_FACE('',(#3930,#3931),#155,.F.);
#4350=ADVANCED_FACE('',(#3932),#156,.T.);
#4351=ADVANCED_FACE('',(#3933),#157,.T.);
#4352=ADVANCED_FACE('',(#3934),#158,.F.);
#4353=ADVANCED_FACE('',(#3935),#159,.F.);
#4354=ADVANCED_FACE('',(#3936),#160,.T.);
#4355=ADVANCED_FACE('',(#3937),#4214,.T.);
#4356=ADVANCED_FACE('',(#3938),#161,.T.);
#4357=ADVANCED_FACE('',(#3939),#162,.F.);
#4358=ADVANCED_FACE('',(#3940),#163,.F.);
#4359=ADVANCED_FACE('',(#3941),#164,.T.);
#4360=ADVANCED_FACE('',(#3942),#165,.T.);
#4361=ADVANCED_FACE('',(#3943),#4215,.T.);
#4362=ADVANCED_FACE('',(#3944),#166,.F.);
#4363=ADVANCED_FACE('',(#3945),#167,.T.);
#4364=ADVANCED_FACE('',(#3946),#168,.T.);
#4365=ADVANCED_FACE('',(#3947),#169,.F.);
#4366=ADVANCED_FACE('',(#3948),#4216,.T.);
#4367=ADVANCED_FACE('',(#3949),#4217,.T.);
#4368=ADVANCED_FACE('',(#3950),#4218,.F.);
#4369=ADVANCED_FACE('',(#3951,#3952),#170,.F.);
#4370=ADVANCED_FACE('',(#3953),#171,.F.);
#4371=ADVANCED_FACE('',(#3954),#4219,.F.);
#4372=ADVANCED_FACE('',(#3955),#172,.F.);
#4373=ADVANCED_FACE('',(#3956),#4220,.F.);
#4374=ADVANCED_FACE('',(#3957),#173,.F.);
#4375=ADVANCED_FACE('',(#3958),#4221,.F.);
#4376=ADVANCED_FACE('',(#3959),#174,.F.);
#4377=ADVANCED_FACE('',(#3960,#3961),#175,.F.);
#4378=ADVANCED_FACE('',(#3962,#3963),#176,.F.);
#4379=ADVANCED_FACE('',(#3964,#3965),#177,.F.);
#4380=ADVANCED_FACE('',(#3966,#3967),#178,.F.);
#4381=ADVANCED_FACE('',(#3968,#3969),#179,.F.);
#4382=ADVANCED_FACE('',(#3970),#4222,.F.);
#4383=ADVANCED_FACE('',(#3971,#3972),#180,.F.);
#4384=ADVANCED_FACE('',(#3973),#4223,.F.);
#4385=ADVANCED_FACE('',(#3974,#3975),#181,.F.);
#4386=ADVANCED_FACE('',(#3976),#4224,.F.);
#4387=ADVANCED_FACE('',(#3977,#3978),#182,.F.);
#4388=ADVANCED_FACE('',(#3979),#4225,.F.);
#4389=ADVANCED_FACE('',(#3980),#183,.F.);
#4390=ADVANCED_FACE('',(#3981),#184,.F.);
#4391=ADVANCED_FACE('',(#3982),#185,.F.);
#4392=ADVANCED_FACE('',(#3983),#186,.F.);
#4393=ADVANCED_FACE('',(#3984),#187,.F.);
#4394=ADVANCED_FACE('',(#3985),#188,.F.);
#4395=ADVANCED_FACE('',(#3986),#189,.F.);
#4396=ADVANCED_FACE('',(#3987),#190,.F.);
#4397=ADVANCED_FACE('',(#3988),#191,.F.);
#4398=ADVANCED_FACE('',(#3989),#192,.F.);
#4399=ADVANCED_FACE('',(#3990),#193,.T.);
#4400=ADVANCED_FACE('',(#3991),#194,.T.);
#4401=ADVANCED_FACE('',(#3992),#195,.T.);
#4402=ADVANCED_FACE('',(#3993),#196,.T.);
#4403=ADVANCED_FACE('',(#3994),#197,.T.);
#4404=ADVANCED_FACE('',(#3995,#3996,#3997,#3998,#3999,#4000,#4001),#4226,
 .T.);
#4405=ADVANCED_FACE('',(#4002),#4227,.F.);
#4406=ADVANCED_FACE('',(#4003),#4228,.F.);
#4407=ADVANCED_FACE('',(#4004),#4229,.F.);
#4408=ADVANCED_FACE('',(#4005),#4230,.F.);
#4409=ADVANCED_FACE('',(#4006),#198,.F.);
#4410=ADVANCED_FACE('',(#4007,#4008,#4009,#4010,#4011,#4012,#4013,#4014),
#4231,.T.);
#4411=ADVANCED_FACE('',(#4015),#4232,.F.);
#4412=ADVANCED_FACE('',(#4016,#4017,#4018,#4019,#4020,#4021,#4022,#4023,
#4024,#4025,#4026,#4027,#4028,#4029,#4030,#4031),#4233,.F.);
#4413=ADVANCED_FACE('',(#4032),#4234,.F.);
#4414=ADVANCED_FACE('',(#4033),#4235,.F.);
#4415=ADVANCED_FACE('',(#4034),#4236,.F.);
#4416=ADVANCED_FACE('',(#4035,#4036,#4037),#4237,.F.);
#4417=ADVANCED_FACE('',(#4038,#4039,#4040),#4238,.F.);
#4418=ADVANCED_FACE('',(#4041,#4042),#199,.F.);
#4419=ADVANCED_FACE('',(#4043,#4044),#200,.F.);
#4420=ADVANCED_FACE('',(#4045,#4046),#201,.F.);
#4421=ADVANCED_FACE('',(#4047,#4048),#202,.F.);
#4422=ADVANCED_FACE('',(#4049,#4050),#48,.F.);
#4423=ADVANCED_FACE('',(#4051,#4052),#49,.F.);
#4424=ADVANCED_FACE('',(#4053,#4054),#50,.F.);
#4425=ADVANCED_FACE('',(#4055,#4056),#51,.F.);
#4426=ADVANCED_FACE('',(#4057,#4058),#52,.F.);
#4427=ADVANCED_FACE('',(#4059),#53,.F.);
#4428=ADVANCED_FACE('',(#4060),#54,.T.);
#4429=ADVANCED_FACE('',(#4061),#4239,.T.);
#4430=ADVANCED_FACE('',(#4062),#55,.F.);
#4431=ADVANCED_FACE('',(#4063),#56,.F.);
#4432=ADVANCED_FACE('',(#4064),#4240,.T.);
#4433=ADVANCED_FACE('',(#4065),#57,.T.);
#4434=ADVANCED_FACE('',(#4066),#20,.T.);
#4435=ADVANCED_FACE('',(#4067),#58,.F.);
#4436=ADVANCED_FACE('',(#4068),#21,.T.);
#4437=ADVANCED_FACE('',(#4069),#4241,.T.);
#4438=ADVANCED_FACE('',(#4070),#4242,.F.);
#4439=ADVANCED_FACE('',(#4071),#59,.F.);
#4440=ADVANCED_FACE('',(#4072),#60,.T.);
#4441=ADVANCED_FACE('',(#4073),#61,.T.);
#4442=ADVANCED_FACE('',(#4074),#62,.F.);
#4443=ADVANCED_FACE('',(#4075),#63,.F.);
#4444=ADVANCED_FACE('',(#4076),#4243,.T.);
#4445=ADVANCED_FACE('',(#4077),#4244,.T.);
#4446=ADVANCED_FACE('',(#4078),#64,.F.);
#4447=ADVANCED_FACE('',(#4079),#65,.F.);
#4448=ADVANCED_FACE('',(#4080),#66,.T.);
#4449=ADVANCED_FACE('',(#4081),#67,.T.);
#4450=ADVANCED_FACE('',(#4082),#68,.F.);
#4451=ADVANCED_FACE('',(#4083),#4245,.F.);
#4452=ADVANCED_FACE('',(#4084),#4246,.T.);
#4453=ADVANCED_FACE('',(#4085),#69,.T.);
#4454=ADVANCED_FACE('',(#4086),#70,.F.);
#4455=ADVANCED_FACE('',(#4087),#71,.F.);
#4456=ADVANCED_FACE('',(#4088),#72,.T.);
#4457=ADVANCED_FACE('',(#4089),#4247,.T.);
#4458=ADVANCED_FACE('',(#4090),#4248,.F.);
#4459=ADVANCED_FACE('',(#4091),#73,.F.);
#4460=ADVANCED_FACE('',(#4092),#74,.T.);
#4461=ADVANCED_FACE('',(#4093),#75,.T.);
#4462=ADVANCED_FACE('',(#4094),#76,.F.);
#4463=ADVANCED_FACE('',(#4095),#77,.F.);
#4464=ADVANCED_FACE('',(#4096),#4249,.T.);
#4465=ADVANCED_FACE('',(#4097),#78,.F.);
#4466=ADVANCED_FACE('',(#4098),#79,.T.);
#4467=ADVANCED_FACE('',(#4099),#4250,.F.);
#4468=ADVANCED_FACE('',(#4100),#80,.T.);
#4469=ADVANCED_FACE('',(#4101),#81,.F.);
#4470=ADVANCED_FACE('',(#4102,#4103),#203,.F.);
#4471=ADVANCED_FACE('',(#4104,#4105),#204,.F.);
#4472=ADVANCED_FACE('',(#4106,#4107),#205,.F.);
#4473=ADVANCED_FACE('',(#4108,#4109),#206,.F.);
#4474=ADVANCED_FACE('',(#4110),#207,.F.);
#4475=ADVANCED_FACE('',(#4111),#208,.F.);
#4476=ADVANCED_FACE('',(#4112),#209,.F.);
#4477=ADVANCED_FACE('',(#4113),#210,.F.);
#4478=ADVANCED_FACE('',(#4114),#4251,.T.);
#4479=ADVANCED_FACE('',(#4115),#4252,.T.);
#4480=ADVANCED_FACE('',(#4116),#4253,.T.);
#4481=ADVANCED_FACE('',(#4117),#4254,.T.);
#4482=ADVANCED_FACE('',(#4118),#4255,.F.);
#4483=ADVANCED_FACE('',(#4119),#211,.F.);
#4484=ADVANCED_FACE('',(#4120),#212,.F.);
#4485=ADVANCED_FACE('',(#4121),#213,.T.);
#4486=ADVANCED_FACE('',(#4122),#214,.T.);
#4487=ADVANCED_FACE('',(#4123),#4256,.T.);
#4488=ADVANCED_FACE('',(#4124),#4257,.T.);
#4489=ADVANCED_FACE('',(#4125),#4258,.T.);
#4490=ADVANCED_FACE('',(#4126),#4259,.F.);
#4491=ADVANCED_FACE('',(#4127),#215,.F.);
#4492=ADVANCED_FACE('',(#4128),#216,.F.);
#4493=ADVANCED_FACE('',(#4129),#217,.T.);
#4494=ADVANCED_FACE('',(#4130),#218,.T.);
#4495=ADVANCED_FACE('',(#4131),#4260,.T.);
#4496=ADVANCED_FACE('',(#4132,#4133),#219,.F.);
#4497=ADVANCED_FACE('',(#4134),#4261,.F.);
#4498=ADVANCED_FACE('',(#4135),#220,.F.);
#4499=ADVANCED_FACE('',(#4136),#221,.T.);
#4500=ADVANCED_FACE('',(#4137),#222,.T.);
#4501=ADVANCED_FACE('',(#4138),#4262,.T.);
#4502=ADVANCED_FACE('',(#4139),#82,.T.);
#4503=ADVANCED_FACE('',(#4140),#4263,.F.);
#4504=ADVANCED_FACE('',(#4141),#83,.T.);
#4505=ADVANCED_FACE('',(#4142),#84,.F.);
#4506=ADVANCED_FACE('',(#4143),#4264,.T.);
#4507=ADVANCED_FACE('',(#4144),#4265,.F.);
#4508=ADVANCED_FACE('',(#4145,#4146),#223,.F.);
#4509=ADVANCED_FACE('',(#4147),#4266,.F.);
#4510=ADVANCED_FACE('',(#4148),#224,.F.);
#4511=ADVANCED_FACE('',(#4149),#225,.T.);
#4512=ADVANCED_FACE('',(#4150),#226,.T.);
#4513=ADVANCED_FACE('',(#4151),#85,.F.);
#4514=ADVANCED_FACE('',(#4152),#4267,.F.);
#4515=ADVANCED_FACE('',(#4153),#4268,.F.);
#4516=ADVANCED_FACE('',(#4154),#86,.F.);
#4517=ADVANCED_FACE('',(#4155),#87,.F.);
#4518=ADVANCED_FACE('',(#4156),#4269,.F.);
#4519=ADVANCED_FACE('',(#4157),#4270,.F.);
#4520=ADVANCED_FACE('',(#4158),#88,.F.);
#4521=ADVANCED_FACE('',(#4159),#89,.F.);
#4522=ADVANCED_FACE('',(#4160),#90,.T.);
#4523=ADVANCED_FACE('',(#4161),#4271,.T.);
#4524=ADVANCED_FACE('',(#4162),#91,.T.);
#4525=ADVANCED_FACE('',(#4163),#22,.T.);
#4526=ADVANCED_FACE('',(#4164),#23,.T.);
#4527=ADVANCED_FACE('',(#4165),#24,.T.);
#4528=ADVANCED_FACE('',(#4166,#4167),#227,.F.);
#4529=ADVANCED_FACE('',(#4168,#4169),#228,.F.);
#4530=ADVANCED_FACE('',(#4170,#4171),#229,.F.);
#4531=ADVANCED_FACE('',(#4172,#4173),#230,.F.);
#4532=ADVANCED_FACE('',(#4174),#231,.T.);
#4533=ADVANCED_FACE('',(#4175),#232,.F.);
#4534=ADVANCED_FACE('',(#4176),#233,.T.);
#4535=ADVANCED_FACE('',(#4177),#234,.F.);
#4536=ADVANCED_FACE('',(#4178,#4179),#45,.F.);
#4537=ADVANCED_FACE('',(#4180),#4272,.F.);
#4538=ADVANCED_FACE('',(#4181,#4182),#235,.F.);
#4539=ADVANCED_FACE('',(#4183,#4184),#4273,.T.);
#4540=ADVANCED_FACE('',(#4185,#4186),#46,.F.);
#4541=ADVANCED_FACE('',(#4187),#4274,.F.);
#4542=ADVANCED_FACE('',(#4188,#4189),#236,.F.);
#4543=ADVANCED_FACE('',(#4190,#4191),#4275,.T.);
#4544=CLOSED_SHELL('',(#4276,#4277,#4278,#4279,#4280,#4281,#4282,#4283,
#4284,#4285,#4286,#4287,#4288,#4289,#4290,#4291,#4292,#4293,#4294,#4295,
#4296,#4297,#4298,#4299,#4300,#4301,#4302,#4303,#4304,#4305,#4306,#4307,
#4308,#4309,#4310,#4311,#4312,#4313,#4314,#4315,#4316,#4317,#4318,#4319,
#4320,#4321,#4322,#4323,#4324,#4325,#4326,#4327,#4328,#4329,#4330,#4331,
#4332,#4333,#4334,#4335,#4336,#4337,#4338,#4339,#4340,#4341,#4342,#4343,
#4344,#4345,#4346,#4347,#4348,#4349,#4350,#4351,#4352,#4353,#4354,#4355,
#4356,#4357,#4358,#4359,#4360,#4361,#4362,#4363,#4364,#4365,#4366,#4367,
#4368,#4369,#4370,#4371,#4372,#4373,#4374,#4375,#4376,#4377,#4378,#4379,
#4380,#4381,#4382,#4383,#4384,#4385,#4386,#4387,#4388,#4389,#4390,#4391,
#4392,#4393,#4394,#4395,#4396,#4397,#4398,#4399,#4400,#4401,#4402,#4403,
#4404,#4405,#4406,#4407,#4408,#4409,#4410,#4411,#4412,#4413,#4414,#4415,
#4416,#4417,#4418,#4419,#4420,#4421,#4422,#4423,#4424,#4425,#4426,#4427,
#4428,#4429,#4430,#4431,#4432,#4433,#4434,#4435,#4436,#4437,#4438,#4439,
#4440,#4441,#4442,#4443,#4444,#4445,#4446,#4447,#4448,#4449,#4450,#4451,
#4452,#4453,#4454,#4455,#4456,#4457,#4458,#4459,#4460,#4461,#4462,#4463,
#4464,#4465,#4466,#4467,#4468,#4469,#4470,#4471,#4472,#4473,#4474,#4475,
#4476,#4477,#4478,#4479,#4480,#4481,#4482,#4483,#4484,#4485,#4486,#4487,
#4488,#4489,#4490,#4491,#4492,#4493,#4494,#4495,#4496,#4497,#4498,#4499,
#4500,#4501,#4502,#4503,#4504,#4505,#4506,#4507,#4508,#4509,#4510,#4511,
#4512,#4513,#4514,#4515,#4516,#4517,#4518,#4519,#4520,#4521,#4522,#4523,
#4524,#4525,#4526,#4527,#4528,#4529,#4530,#4531,#4532,#4533,#4534,#4535,
#4536,#4537,#4538,#4539,#4540,#4541,#4542,#4543));
#4545=STYLED_ITEM('',(#4546),#4553);
#4546=PRESENTATION_STYLE_ASSIGNMENT((#4547));
#4547=SURFACE_STYLE_USAGE(.BOTH.,#4548);
#4548=SURFACE_SIDE_STYLE('',(#4549));
#4549=SURFACE_STYLE_FILL_AREA(#4550);
#4550=FILL_AREA_STYLE('',(#4551));
#4551=FILL_AREA_STYLE_COLOUR('',#4552);
#4552=COLOUR_RGB('',0.200000002980232,0.200000002980232,0.200000002980232);
#4553=MANIFOLD_SOLID_BREP('',#4544);
#4554=SHAPE_DEFINITION_REPRESENTATION(#8044,#4555);
#4555=SHAPE_REPRESENTATION('Base 3DP v2',(#4556),#8039);
#4556=AXIS2_PLACEMENT_3D('',#6547,#5121,#5122);
#4557=AXIS2_PLACEMENT_3D('',#6548,#5123,#5124);
#4558=AXIS2_PLACEMENT_3D('',#6549,#5125,#5126);
#4559=AXIS2_PLACEMENT_3D('',#6554,#5128,#5129);
#4560=AXIS2_PLACEMENT_3D('',#6558,#5131,#5132);
#4561=AXIS2_PLACEMENT_3D('',#6570,#5138,#5139);
#4562=AXIS2_PLACEMENT_3D('',#6574,#5141,#5142);
#4563=AXIS2_PLACEMENT_3D('',#6578,#5144,#5145);
#4564=AXIS2_PLACEMENT_3D('',#6582,#5147,#5148);
#4565=AXIS2_PLACEMENT_3D('',#6586,#5150,#5151);
#4566=AXIS2_PLACEMENT_3D('',#6590,#5153,#5154);
#4567=AXIS2_PLACEMENT_3D('',#6591,#5155,#5156);
#4568=AXIS2_PLACEMENT_3D('',#6593,#5157,#5158);
#4569=AXIS2_PLACEMENT_3D('',#6601,#5162,#5163);
#4570=AXIS2_PLACEMENT_3D('',#6603,#5164,#5165);
#4571=AXIS2_PLACEMENT_3D('',#6614,#5172,#5173);
#4572=AXIS2_PLACEMENT_3D('',#6616,#5174,#5175);
#4573=AXIS2_PLACEMENT_3D('',#6617,#5176,#5177);
#4574=AXIS2_PLACEMENT_3D('',#6619,#5178,#5179);
#4575=AXIS2_PLACEMENT_3D('',#6621,#5180,#5181);
#4576=AXIS2_PLACEMENT_3D('',#6623,#5182,#5183);
#4577=AXIS2_PLACEMENT_3D('',#6625,#5184,#5185);
#4578=AXIS2_PLACEMENT_3D('',#6627,#5186,#5187);
#4579=AXIS2_PLACEMENT_3D('',#6632,#5189,#5190);
#4580=AXIS2_PLACEMENT_3D('',#6636,#5192,#5193);
#4581=AXIS2_PLACEMENT_3D('',#6640,#5195,#5196);
#4582=AXIS2_PLACEMENT_3D('',#6644,#5198,#5199);
#4583=AXIS2_PLACEMENT_3D('',#6645,#5200,#5201);
#4584=AXIS2_PLACEMENT_3D('',#6647,#5202,#5203);
#4585=AXIS2_PLACEMENT_3D('',#6649,#5204,#5205);
#4586=AXIS2_PLACEMENT_3D('',#6651,#5206,#5207);
#4587=AXIS2_PLACEMENT_3D('',#6653,#5208,#5209);
#4588=AXIS2_PLACEMENT_3D('',#6655,#5210,#5211);
#4589=AXIS2_PLACEMENT_3D('',#6657,#5212,#5213);
#4590=AXIS2_PLACEMENT_3D('',#6659,#5214,#5215);
#4591=AXIS2_PLACEMENT_3D('',#6661,#5216,#5217);
#4592=AXIS2_PLACEMENT_3D('',#6662,#5218,#5219);
#4593=AXIS2_PLACEMENT_3D('',#6664,#5220,#5221);
#4594=AXIS2_PLACEMENT_3D('',#6666,#5222,#5223);
#4595=AXIS2_PLACEMENT_3D('',#6667,#5224,#5225);
#4596=AXIS2_PLACEMENT_3D('',#6669,#5226,#5227);
#4597=AXIS2_PLACEMENT_3D('',#6671,#5228,#5229);
#4598=AXIS2_PLACEMENT_3D('',#6700,#5238,#5239);
#4599=AXIS2_PLACEMENT_3D('',#6709,#5244,#5245);
#4600=AXIS2_PLACEMENT_3D('',#6718,#5250,#5251);
#4601=AXIS2_PLACEMENT_3D('',#6719,#5252,#5253);
#4602=AXIS2_PLACEMENT_3D('',#6724,#5255,#5256);
#4603=AXIS2_PLACEMENT_3D('',#6727,#5258,#5259);
#4604=AXIS2_PLACEMENT_3D('',#6730,#5261,#5262);
#4605=AXIS2_PLACEMENT_3D('',#6732,#5263,#5264);
#4606=AXIS2_PLACEMENT_3D('',#6736,#5266,#5267);
#4607=AXIS2_PLACEMENT_3D('',#6738,#5268,#5269);
#4608=AXIS2_PLACEMENT_3D('',#6746,#5273,#5274);
#4609=AXIS2_PLACEMENT_3D('',#6748,#5275,#5276);
#4610=AXIS2_PLACEMENT_3D('',#6749,#5277,#5278);
#4611=AXIS2_PLACEMENT_3D('',#6751,#5279,#5280);
#4612=AXIS2_PLACEMENT_3D('',#6754,#5282,#5283);
#4613=AXIS2_PLACEMENT_3D('',#6755,#5284,#5285);
#4614=AXIS2_PLACEMENT_3D('',#6764,#5289,#5290);
#4615=AXIS2_PLACEMENT_3D('',#6766,#5291,#5292);
#4616=AXIS2_PLACEMENT_3D('',#6767,#5293,#5294);
#4617=AXIS2_PLACEMENT_3D('',#6769,#5295,#5296);
#4618=AXIS2_PLACEMENT_3D('',#6777,#5300,#5301);
#4619=AXIS2_PLACEMENT_3D('',#6779,#5302,#5303);
#4620=AXIS2_PLACEMENT_3D('',#6783,#5305,#5306);
#4621=AXIS2_PLACEMENT_3D('',#6784,#5307,#5308);
#4622=AXIS2_PLACEMENT_3D('',#6793,#5313,#5314);
#4623=AXIS2_PLACEMENT_3D('',#6802,#5319,#5320);
#4624=AXIS2_PLACEMENT_3D('',#6803,#5321,#5322);
#4625=AXIS2_PLACEMENT_3D('',#6805,#5323,#5324);
#4626=AXIS2_PLACEMENT_3D('',#6807,#5325,#5326);
#4627=AXIS2_PLACEMENT_3D('',#6808,#5327,#5328);
#4628=AXIS2_PLACEMENT_3D('',#6813,#5330,#5331);
#4629=AXIS2_PLACEMENT_3D('',#6815,#5332,#5333);
#4630=AXIS2_PLACEMENT_3D('',#6832,#5334,#5335);
#4631=AXIS2_PLACEMENT_3D('',#6834,#5336,#5337);
#4632=AXIS2_PLACEMENT_3D('',#6838,#5339,#5340);
#4633=AXIS2_PLACEMENT_3D('',#6840,#5341,#5342);
#4634=AXIS2_PLACEMENT_3D('',#6844,#5344,#5345);
#4635=AXIS2_PLACEMENT_3D('',#6846,#5346,#5347);
#4636=AXIS2_PLACEMENT_3D('',#6848,#5348,#5349);
#4637=AXIS2_PLACEMENT_3D('',#6852,#5351,#5352);
#4638=AXIS2_PLACEMENT_3D('',#6854,#5353,#5354);
#4639=AXIS2_PLACEMENT_3D('',#6876,#5357,#5358);
#4640=AXIS2_PLACEMENT_3D('',#6878,#5359,#5360);
#4641=AXIS2_PLACEMENT_3D('',#6880,#5361,#5362);
#4642=AXIS2_PLACEMENT_3D('',#6884,#5364,#5365);
#4643=AXIS2_PLACEMENT_3D('',#6886,#5366,#5367);
#4644=AXIS2_PLACEMENT_3D('',#6888,#5368,#5369);
#4645=AXIS2_PLACEMENT_3D('',#6892,#5371,#5372);
#4646=AXIS2_PLACEMENT_3D('',#6894,#5373,#5374);
#4647=AXIS2_PLACEMENT_3D('',#6896,#5375,#5376);
#4648=AXIS2_PLACEMENT_3D('',#6900,#5378,#5379);
#4649=AXIS2_PLACEMENT_3D('',#6902,#5380,#5381);
#4650=AXIS2_PLACEMENT_3D('',#6906,#5383,#5384);
#4651=AXIS2_PLACEMENT_3D('',#6908,#5385,#5386);
#4652=AXIS2_PLACEMENT_3D('',#6912,#5388,#5389);
#4653=AXIS2_PLACEMENT_3D('',#6914,#5390,#5391);
#4654=AXIS2_PLACEMENT_3D('',#6916,#5392,#5393);
#4655=AXIS2_PLACEMENT_3D('',#6920,#5395,#5396);
#4656=AXIS2_PLACEMENT_3D('',#6922,#5397,#5398);
#4657=AXIS2_PLACEMENT_3D('',#6926,#5400,#5401);
#4658=AXIS2_PLACEMENT_3D('',#6928,#5402,#5403);
#4659=AXIS2_PLACEMENT_3D('',#6932,#5405,#5406);
#4660=AXIS2_PLACEMENT_3D('',#6934,#5407,#5408);
#4661=AXIS2_PLACEMENT_3D('',#6938,#5410,#5411);
#4662=AXIS2_PLACEMENT_3D('',#6941,#5413,#5414);
#4663=AXIS2_PLACEMENT_3D('',#6943,#5415,#5416);
#4664=AXIS2_PLACEMENT_3D('',#6945,#5417,#5418);
#4665=AXIS2_PLACEMENT_3D('',#6947,#5419,#5420);
#4666=AXIS2_PLACEMENT_3D('',#6949,#5421,#5422);
#4667=AXIS2_PLACEMENT_3D('',#6951,#5423,#5424);
#4668=AXIS2_PLACEMENT_3D('',#6953,#5425,#5426);
#4669=AXIS2_PLACEMENT_3D('',#6955,#5427,#5428);
#4670=AXIS2_PLACEMENT_3D('',#6957,#5429,#5430);
#4671=AXIS2_PLACEMENT_3D('',#6959,#5431,#5432);
#4672=AXIS2_PLACEMENT_3D('',#6960,#5433,#5434);
#4673=AXIS2_PLACEMENT_3D('',#6962,#5435,#5436);
#4674=AXIS2_PLACEMENT_3D('',#6963,#5437,#5438);
#4675=AXIS2_PLACEMENT_3D('',#6965,#5439,#5440);
#4676=AXIS2_PLACEMENT_3D('',#6967,#5441,#5442);
#4677=AXIS2_PLACEMENT_3D('',#6968,#5443,#5444);
#4678=AXIS2_PLACEMENT_3D('',#6970,#5445,#5446);
#4679=AXIS2_PLACEMENT_3D('',#6972,#5447,#5448);
#4680=AXIS2_PLACEMENT_3D('',#6973,#5449,#5450);
#4681=AXIS2_PLACEMENT_3D('',#6975,#5451,#5452);
#4682=AXIS2_PLACEMENT_3D('',#6977,#5453,#5454);
#4683=AXIS2_PLACEMENT_3D('',#6978,#5455,#5456);
#4684=AXIS2_PLACEMENT_3D('',#6980,#5457,#5458);
#4685=AXIS2_PLACEMENT_3D('',#6982,#5459,#5460);
#4686=AXIS2_PLACEMENT_3D('',#6983,#5461,#5462);
#4687=AXIS2_PLACEMENT_3D('',#6985,#5463,#5464);
#4688=AXIS2_PLACEMENT_3D('',#6987,#5465,#5466);
#4689=AXIS2_PLACEMENT_3D('',#6988,#5467,#5468);
#4690=AXIS2_PLACEMENT_3D('',#6991,#5469,#5470);
#4691=AXIS2_PLACEMENT_3D('',#6999,#5471,#5472);
#4692=AXIS2_PLACEMENT_3D('',#7000,#5473,#5474);
#4693=AXIS2_PLACEMENT_3D('',#7001,#5475,#5476);
#4694=AXIS2_PLACEMENT_3D('',#7004,#5477,#5478);
#4695=AXIS2_PLACEMENT_3D('',#7005,#5479,#5480);
#4696=AXIS2_PLACEMENT_3D('',#7006,#5481,#5482);
#4697=AXIS2_PLACEMENT_3D('',#7007,#5483,#5484);
#4698=AXIS2_PLACEMENT_3D('',#7014,#5488,#5489);
#4699=AXIS2_PLACEMENT_3D('',#7015,#5490,#5491);
#4700=AXIS2_PLACEMENT_3D('',#7018,#5492,#5493);
#4701=AXIS2_PLACEMENT_3D('',#7019,#5494,#5495);
#4702=AXIS2_PLACEMENT_3D('',#7020,#5496,#5497);
#4703=AXIS2_PLACEMENT_3D('',#7028,#5498,#5499);
#4704=AXIS2_PLACEMENT_3D('',#7029,#5500,#5501);
#4705=AXIS2_PLACEMENT_3D('',#7030,#5502,#5503);
#4706=AXIS2_PLACEMENT_3D('',#7031,#5504,#5505);
#4707=AXIS2_PLACEMENT_3D('',#7033,#5506,#5507);
#4708=AXIS2_PLACEMENT_3D('',#7035,#5508,#5509);
#4709=AXIS2_PLACEMENT_3D('',#7036,#5510,#5511);
#4710=AXIS2_PLACEMENT_3D('',#7037,#5512,#5513);
#4711=AXIS2_PLACEMENT_3D('',#7040,#5514,#5515);
#4712=AXIS2_PLACEMENT_3D('',#7041,#5516,#5517);
#4713=AXIS2_PLACEMENT_3D('',#7042,#5518,#5519);
#4714=AXIS2_PLACEMENT_3D('',#7049,#5523,#5524);
#4715=AXIS2_PLACEMENT_3D('',#7050,#5525,#5526);
#4716=AXIS2_PLACEMENT_3D('',#7051,#5527,#5528);
#4717=AXIS2_PLACEMENT_3D('',#7054,#5529,#5530);
#4718=AXIS2_PLACEMENT_3D('',#7055,#5531,#5532);
#4719=AXIS2_PLACEMENT_3D('',#7056,#5533,#5534);
#4720=AXIS2_PLACEMENT_3D('',#7057,#5535,#5536);
#4721=AXIS2_PLACEMENT_3D('',#7058,#5537,#5538);
#4722=AXIS2_PLACEMENT_3D('',#7059,#5539,#5540);
#4723=AXIS2_PLACEMENT_3D('',#7062,#5542,#5543);
#4724=AXIS2_PLACEMENT_3D('',#7065,#5545,#5546);
#4725=AXIS2_PLACEMENT_3D('',#7068,#5548,#5549);
#4726=AXIS2_PLACEMENT_3D('',#7071,#5551,#5552);
#4727=AXIS2_PLACEMENT_3D('',#7074,#5554,#5555);
#4728=AXIS2_PLACEMENT_3D('',#7077,#5557,#5558);
#4729=AXIS2_PLACEMENT_3D('',#7080,#5560,#5561);
#4730=AXIS2_PLACEMENT_3D('',#7083,#5563,#5564);
#4731=AXIS2_PLACEMENT_3D('',#7084,#5565,#5566);
#4732=AXIS2_PLACEMENT_3D('',#7085,#5567,#5568);
#4733=AXIS2_PLACEMENT_3D('',#7086,#5569,#5570);
#4734=AXIS2_PLACEMENT_3D('',#7087,#5571,#5572);
#4735=AXIS2_PLACEMENT_3D('',#7088,#5573,#5574);
#4736=AXIS2_PLACEMENT_3D('',#7091,#5576,#5577);
#4737=AXIS2_PLACEMENT_3D('',#7094,#5579,#5580);
#4738=AXIS2_PLACEMENT_3D('',#7095,#5581,#5582);
#4739=AXIS2_PLACEMENT_3D('',#7096,#5583,#5584);
#4740=AXIS2_PLACEMENT_3D('',#7098,#5585,#5586);
#4741=AXIS2_PLACEMENT_3D('',#7099,#5587,#5588);
#4742=AXIS2_PLACEMENT_3D('',#7100,#5589,#5590);
#4743=AXIS2_PLACEMENT_3D('',#7102,#5591,#5592);
#4744=AXIS2_PLACEMENT_3D('',#7103,#5593,#5594);
#4745=AXIS2_PLACEMENT_3D('',#7105,#5595,#5596);
#4746=AXIS2_PLACEMENT_3D('',#7106,#5597,#5598);
#4747=AXIS2_PLACEMENT_3D('',#7107,#5599,#5600);
#4748=AXIS2_PLACEMENT_3D('',#7109,#5601,#5602);
#4749=AXIS2_PLACEMENT_3D('',#7111,#5604,#5605);
#4750=AXIS2_PLACEMENT_3D('',#7113,#5607,#5608);
#4751=AXIS2_PLACEMENT_3D('',#7114,#5609,#5610);
#4752=AXIS2_PLACEMENT_3D('',#7116,#5612,#5613);
#4753=AXIS2_PLACEMENT_3D('',#7117,#5614,#5615);
#4754=AXIS2_PLACEMENT_3D('',#7120,#5616,#5617);
#4755=AXIS2_PLACEMENT_3D('',#7128,#5618,#5619);
#4756=AXIS2_PLACEMENT_3D('',#7129,#5620,#5621);
#4757=AXIS2_PLACEMENT_3D('',#7130,#5622,#5623);
#4758=AXIS2_PLACEMENT_3D('',#7133,#5624,#5625);
#4759=AXIS2_PLACEMENT_3D('',#7134,#5626,#5627);
#4760=AXIS2_PLACEMENT_3D('',#7135,#5628,#5629);
#4761=AXIS2_PLACEMENT_3D('',#7136,#5630,#5631);
#4762=AXIS2_PLACEMENT_3D('',#7143,#5635,#5636);
#4763=AXIS2_PLACEMENT_3D('',#7144,#5637,#5638);
#4764=AXIS2_PLACEMENT_3D('',#7147,#5639,#5640);
#4765=AXIS2_PLACEMENT_3D('',#7148,#5641,#5642);
#4766=AXIS2_PLACEMENT_3D('',#7149,#5643,#5644);
#4767=AXIS2_PLACEMENT_3D('',#7157,#5645,#5646);
#4768=AXIS2_PLACEMENT_3D('',#7158,#5647,#5648);
#4769=AXIS2_PLACEMENT_3D('',#7181,#5649,#5650);
#4770=AXIS2_PLACEMENT_3D('',#7183,#5651,#5652);
#4771=AXIS2_PLACEMENT_3D('',#7185,#5653,#5654);
#4772=AXIS2_PLACEMENT_3D('',#7201,#5655,#5656);
#4773=AXIS2_PLACEMENT_3D('',#7204,#5657,#5658);
#4774=AXIS2_PLACEMENT_3D('',#7205,#5659,#5660);
#4775=AXIS2_PLACEMENT_3D('',#7206,#5661,#5662);
#4776=AXIS2_PLACEMENT_3D('',#7213,#5666,#5667);
#4777=AXIS2_PLACEMENT_3D('',#7214,#5668,#5669);
#4778=AXIS2_PLACEMENT_3D('',#7215,#5670,#5671);
#4779=AXIS2_PLACEMENT_3D('',#7218,#5672,#5673);
#4780=AXIS2_PLACEMENT_3D('',#7219,#5674,#5675);
#4781=AXIS2_PLACEMENT_3D('',#7220,#5676,#5677);
#4782=AXIS2_PLACEMENT_3D('',#7228,#5678,#5679);
#4783=AXIS2_PLACEMENT_3D('',#7229,#5680,#5681);
#4784=AXIS2_PLACEMENT_3D('',#7230,#5682,#5683);
#4785=AXIS2_PLACEMENT_3D('',#7233,#5685,#5686);
#4786=AXIS2_PLACEMENT_3D('',#7236,#5688,#5689);
#4787=AXIS2_PLACEMENT_3D('',#7239,#5691,#5692);
#4788=AXIS2_PLACEMENT_3D('',#7242,#5694,#5695);
#4789=AXIS2_PLACEMENT_3D('',#7245,#5697,#5698);
#4790=AXIS2_PLACEMENT_3D('',#7248,#5700,#5701);
#4791=AXIS2_PLACEMENT_3D('',#7258,#5704,#5705);
#4792=AXIS2_PLACEMENT_3D('',#7259,#5706,#5707);
#4793=AXIS2_PLACEMENT_3D('',#7262,#5709,#5710);
#4794=AXIS2_PLACEMENT_3D('',#7263,#5711,#5712);
#4795=AXIS2_PLACEMENT_3D('',#7266,#5714,#5715);
#4796=AXIS2_PLACEMENT_3D('',#7269,#5717,#5718);
#4797=AXIS2_PLACEMENT_3D('',#7270,#5719,#5720);
#4798=AXIS2_PLACEMENT_3D('',#7278,#5722,#5723);
#4799=AXIS2_PLACEMENT_3D('',#7279,#5724,#5725);
#4800=AXIS2_PLACEMENT_3D('',#7281,#5726,#5727);
#4801=AXIS2_PLACEMENT_3D('',#7282,#5728,#5729);
#4802=AXIS2_PLACEMENT_3D('',#7283,#5730,#5731);
#4803=AXIS2_PLACEMENT_3D('',#7285,#5732,#5733);
#4804=AXIS2_PLACEMENT_3D('',#7286,#5734,#5735);
#4805=AXIS2_PLACEMENT_3D('',#7288,#5736,#5737);
#4806=AXIS2_PLACEMENT_3D('',#7289,#5738,#5739);
#4807=AXIS2_PLACEMENT_3D('',#7290,#5740,#5741);
#4808=AXIS2_PLACEMENT_3D('',#7292,#5742,#5743);
#4809=AXIS2_PLACEMENT_3D('',#7294,#5745,#5746);
#4810=AXIS2_PLACEMENT_3D('',#7296,#5748,#5749);
#4811=AXIS2_PLACEMENT_3D('',#7298,#5751,#5752);
#4812=AXIS2_PLACEMENT_3D('',#7300,#5754,#5755);
#4813=AXIS2_PLACEMENT_3D('',#7301,#5756,#5757);
#4814=AXIS2_PLACEMENT_3D('',#7303,#5758,#5759);
#4815=AXIS2_PLACEMENT_3D('',#7304,#5760,#5761);
#4816=AXIS2_PLACEMENT_3D('',#7306,#5762,#5763);
#4817=AXIS2_PLACEMENT_3D('',#7307,#5764,#5765);
#4818=AXIS2_PLACEMENT_3D('',#7311,#5767,#5768);
#4819=AXIS2_PLACEMENT_3D('',#7312,#5769,#5770);
#4820=AXIS2_PLACEMENT_3D('',#7313,#5771,#5772);
#4821=AXIS2_PLACEMENT_3D('',#7315,#5773,#5774);
#4822=AXIS2_PLACEMENT_3D('',#7318,#5776,#5777);
#4823=AXIS2_PLACEMENT_3D('',#7319,#5778,#5779);
#4824=AXIS2_PLACEMENT_3D('',#7320,#5780,#5781);
#4825=AXIS2_PLACEMENT_3D('',#7321,#5782,#5783);
#4826=AXIS2_PLACEMENT_3D('',#7322,#5784,#5785);
#4827=AXIS2_PLACEMENT_3D('',#7326,#5787,#5788);
#4828=AXIS2_PLACEMENT_3D('',#7327,#5789,#5790);
#4829=AXIS2_PLACEMENT_3D('',#7328,#5791,#5792);
#4830=AXIS2_PLACEMENT_3D('',#7332,#5794,#5795);
#4831=AXIS2_PLACEMENT_3D('',#7333,#5796,#5797);
#4832=AXIS2_PLACEMENT_3D('',#7336,#5800,#5801);
#4833=AXIS2_PLACEMENT_3D('',#7337,#5802,#5803);
#4834=AXIS2_PLACEMENT_3D('',#7339,#5804,#5805);
#4835=AXIS2_PLACEMENT_3D('',#7342,#5807,#5808);
#4836=AXIS2_PLACEMENT_3D('',#7343,#5809,#5810);
#4837=AXIS2_PLACEMENT_3D('',#7344,#5811,#5812);
#4838=AXIS2_PLACEMENT_3D('',#7345,#5813,#5814);
#4839=AXIS2_PLACEMENT_3D('',#7346,#5815,#5816);
#4840=AXIS2_PLACEMENT_3D('',#7351,#5819,#5820);
#4841=AXIS2_PLACEMENT_3D('',#7352,#5821,#5822);
#4842=AXIS2_PLACEMENT_3D('',#7353,#5823,#5824);
#4843=AXIS2_PLACEMENT_3D('',#7354,#5825,#5826);
#4844=AXIS2_PLACEMENT_3D('',#7357,#5828,#5829);
#4845=AXIS2_PLACEMENT_3D('',#7360,#5832,#5833);
#4846=AXIS2_PLACEMENT_3D('',#7368,#5836,#5837);
#4847=AXIS2_PLACEMENT_3D('',#7369,#5838,#5839);
#4848=AXIS2_PLACEMENT_3D('',#7371,#5841,#5842);
#4849=AXIS2_PLACEMENT_3D('',#7378,#5844,#5845);
#4850=AXIS2_PLACEMENT_3D('',#7381,#5848,#5849);
#4851=AXIS2_PLACEMENT_3D('',#7382,#5850,#5851);
#4852=AXIS2_PLACEMENT_3D('',#7386,#5853,#5854);
#4853=AXIS2_PLACEMENT_3D('',#7390,#5856,#5857);
#4854=AXIS2_PLACEMENT_3D('',#7394,#5859,#5860);
#4855=AXIS2_PLACEMENT_3D('',#7395,#5861,#5862);
#4856=AXIS2_PLACEMENT_3D('',#7396,#5863,#5864);
#4857=AXIS2_PLACEMENT_3D('',#7398,#5865,#5866);
#4858=AXIS2_PLACEMENT_3D('',#7399,#5867,#5868);
#4859=AXIS2_PLACEMENT_3D('',#7401,#5869,#5870);
#4860=AXIS2_PLACEMENT_3D('',#7402,#5871,#5872);
#4861=AXIS2_PLACEMENT_3D('',#7407,#5875,#5876);
#4862=AXIS2_PLACEMENT_3D('',#7411,#5879,#5880);
#4863=AXIS2_PLACEMENT_3D('',#7412,#5881,#5882);
#4864=AXIS2_PLACEMENT_3D('',#7415,#5884,#5885);
#4865=AXIS2_PLACEMENT_3D('',#7419,#5888,#5889);
#4866=AXIS2_PLACEMENT_3D('',#7420,#5890,#5891);
#4867=AXIS2_PLACEMENT_3D('',#7423,#5893,#5894);
#4868=AXIS2_PLACEMENT_3D('',#7427,#5897,#5898);
#4869=AXIS2_PLACEMENT_3D('',#7428,#5899,#5900);
#4870=AXIS2_PLACEMENT_3D('',#7431,#5902,#5903);
#4871=AXIS2_PLACEMENT_3D('',#7432,#5904,#5905);
#4872=AXIS2_PLACEMENT_3D('',#7434,#5906,#5907);
#4873=AXIS2_PLACEMENT_3D('',#7435,#5908,#5909);
#4874=AXIS2_PLACEMENT_3D('',#7437,#5910,#5911);
#4875=AXIS2_PLACEMENT_3D('',#7438,#5912,#5913);
#4876=AXIS2_PLACEMENT_3D('',#7440,#5914,#5915);
#4877=AXIS2_PLACEMENT_3D('',#7441,#5916,#5917);
#4878=AXIS2_PLACEMENT_3D('',#7443,#5918,#5919);
#4879=AXIS2_PLACEMENT_3D('',#7444,#5920,#5921);
#4880=AXIS2_PLACEMENT_3D('',#7446,#5922,#5923);
#4881=AXIS2_PLACEMENT_3D('',#7448,#5924,#5925);
#4882=AXIS2_PLACEMENT_3D('',#7449,#5926,#5927);
#4883=AXIS2_PLACEMENT_3D('',#7450,#5928,#5929);
#4884=AXIS2_PLACEMENT_3D('',#7452,#5930,#5931);
#4885=AXIS2_PLACEMENT_3D('',#7454,#5932,#5933);
#4886=AXIS2_PLACEMENT_3D('',#7455,#5934,#5935);
#4887=AXIS2_PLACEMENT_3D('',#7456,#5936,#5937);
#4888=AXIS2_PLACEMENT_3D('',#7458,#5938,#5939);
#4889=AXIS2_PLACEMENT_3D('',#7460,#5940,#5941);
#4890=AXIS2_PLACEMENT_3D('',#7461,#5942,#5943);
#4891=AXIS2_PLACEMENT_3D('',#7462,#5944,#5945);
#4892=AXIS2_PLACEMENT_3D('',#7464,#5946,#5947);
#4893=AXIS2_PLACEMENT_3D('',#7466,#5948,#5949);
#4894=AXIS2_PLACEMENT_3D('',#7467,#5950,#5951);
#4895=AXIS2_PLACEMENT_3D('',#7471,#5953,#5954);
#4896=AXIS2_PLACEMENT_3D('',#7475,#5956,#5957);
#4897=AXIS2_PLACEMENT_3D('',#7476,#5958,#5959);
#4898=AXIS2_PLACEMENT_3D('',#7480,#5961,#5962);
#4899=AXIS2_PLACEMENT_3D('',#7484,#5964,#5965);
#4900=AXIS2_PLACEMENT_3D('',#7485,#5966,#5967);
#4901=AXIS2_PLACEMENT_3D('',#7489,#5969,#5970);
#4902=AXIS2_PLACEMENT_3D('',#7493,#5972,#5973);
#4903=AXIS2_PLACEMENT_3D('',#7494,#5974,#5975);
#4904=AXIS2_PLACEMENT_3D('',#7498,#5977,#5978);
#4905=AXIS2_PLACEMENT_3D('',#7502,#5980,#5981);
#4906=AXIS2_PLACEMENT_3D('',#7503,#5982,#5983);
#4907=AXIS2_PLACEMENT_3D('',#7507,#5985,#5986);
#4908=AXIS2_PLACEMENT_3D('',#7511,#5988,#5989);
#4909=AXIS2_PLACEMENT_3D('',#7512,#5990,#5991);
#4910=AXIS2_PLACEMENT_3D('',#7516,#5993,#5994);
#4911=AXIS2_PLACEMENT_3D('',#7520,#5996,#5997);
#4912=AXIS2_PLACEMENT_3D('',#7521,#5998,#5999);
#4913=AXIS2_PLACEMENT_3D('',#7525,#6001,#6002);
#4914=AXIS2_PLACEMENT_3D('',#7529,#6004,#6005);
#4915=AXIS2_PLACEMENT_3D('',#7530,#6006,#6007);
#4916=AXIS2_PLACEMENT_3D('',#7531,#6008,#6009);
#4917=AXIS2_PLACEMENT_3D('',#7535,#6011,#6012);
#4918=AXIS2_PLACEMENT_3D('',#7536,#6013,#6014);
#4919=AXIS2_PLACEMENT_3D('',#7540,#6016,#6017);
#4920=AXIS2_PLACEMENT_3D('',#7544,#6019,#6020);
#4921=AXIS2_PLACEMENT_3D('',#7545,#6021,#6022);
#4922=AXIS2_PLACEMENT_3D('',#7549,#6024,#6025);
#4923=AXIS2_PLACEMENT_3D('',#7553,#6027,#6028);
#4924=AXIS2_PLACEMENT_3D('',#7554,#6029,#6030);
#4925=AXIS2_PLACEMENT_3D('',#7555,#6031,#6032);
#4926=AXIS2_PLACEMENT_3D('',#7556,#6033,#6034);
#4927=AXIS2_PLACEMENT_3D('',#7557,#6035,#6036);
#4928=AXIS2_PLACEMENT_3D('',#7558,#6037,#6038);
#4929=AXIS2_PLACEMENT_3D('',#7559,#6039,#6040);
#4930=AXIS2_PLACEMENT_3D('',#7560,#6041,#6042);
#4931=AXIS2_PLACEMENT_3D('',#7561,#6043,#6044);
#4932=AXIS2_PLACEMENT_3D('',#7562,#6045,#6046);
#4933=AXIS2_PLACEMENT_3D('',#7563,#6047,#6048);
#4934=AXIS2_PLACEMENT_3D('',#7564,#6049,#6050);
#4935=AXIS2_PLACEMENT_3D('',#7565,#6051,#6052);
#4936=AXIS2_PLACEMENT_3D('',#7566,#6053,#6054);
#4937=AXIS2_PLACEMENT_3D('',#7567,#6055,#6056);
#4938=AXIS2_PLACEMENT_3D('',#7568,#6057,#6058);
#4939=AXIS2_PLACEMENT_3D('',#7569,#6059,#6060);
#4940=AXIS2_PLACEMENT_3D('',#7573,#6062,#6063);
#4941=AXIS2_PLACEMENT_3D('',#7577,#6065,#6066);
#4942=AXIS2_PLACEMENT_3D('',#7581,#6068,#6069);
#4943=AXIS2_PLACEMENT_3D('',#7585,#6071,#6072);
#4944=AXIS2_PLACEMENT_3D('',#7586,#6073,#6074);
#4945=AXIS2_PLACEMENT_3D('',#7592,#6078,#6079);
#4946=AXIS2_PLACEMENT_3D('',#7598,#6083,#6084);
#4947=AXIS2_PLACEMENT_3D('',#7601,#6087,#6088);
#4948=AXIS2_PLACEMENT_3D('',#7604,#6091,#6092);
#4949=AXIS2_PLACEMENT_3D('',#7607,#6094,#6095);
#4950=AXIS2_PLACEMENT_3D('',#7608,#6096,#6097);
#4951=AXIS2_PLACEMENT_3D('',#7611,#6099,#6100);
#4952=AXIS2_PLACEMENT_3D('',#7615,#6102,#6103);
#4953=AXIS2_PLACEMENT_3D('',#7617,#6104,#6105);
#4954=AXIS2_PLACEMENT_3D('',#7623,#6110,#6111);
#4955=AXIS2_PLACEMENT_3D('',#7625,#6112,#6113);
#4956=AXIS2_PLACEMENT_3D('',#7629,#6115,#6116);
#4957=AXIS2_PLACEMENT_3D('',#7632,#6118,#6119);
#4958=AXIS2_PLACEMENT_3D('',#7634,#6120,#6121);
#4959=AXIS2_PLACEMENT_3D('',#7636,#6122,#6123);
#4960=AXIS2_PLACEMENT_3D('',#7638,#6125,#6126);
#4961=AXIS2_PLACEMENT_3D('',#7639,#6127,#6128);
#4962=AXIS2_PLACEMENT_3D('',#7641,#6129,#6130);
#4963=AXIS2_PLACEMENT_3D('',#7643,#6131,#6132);
#4964=AXIS2_PLACEMENT_3D('',#7645,#6133,#6134);
#4965=AXIS2_PLACEMENT_3D('',#7652,#6138,#6139);
#4966=AXIS2_PLACEMENT_3D('',#7654,#6140,#6141);
#4967=AXIS2_PLACEMENT_3D('',#7656,#6142,#6143);
#4968=AXIS2_PLACEMENT_3D('',#7658,#6144,#6145);
#4969=AXIS2_PLACEMENT_3D('',#7660,#6146,#6147);
#4970=AXIS2_PLACEMENT_3D('',#7663,#6150,#6151);
#4971=AXIS2_PLACEMENT_3D('',#7691,#6154,#6155);
#4972=AXIS2_PLACEMENT_3D('',#7694,#6158,#6159);
#4973=AXIS2_PLACEMENT_3D('',#7700,#6163,#6164);
#4974=AXIS2_PLACEMENT_3D('',#7702,#6166,#6167);
#4975=AXIS2_PLACEMENT_3D('',#7703,#6168,#6169);
#4976=AXIS2_PLACEMENT_3D('',#7704,#6170,#6171);
#4977=AXIS2_PLACEMENT_3D('',#7705,#6172,#6173);
#4978=AXIS2_PLACEMENT_3D('',#7706,#6174,#6175);
#4979=AXIS2_PLACEMENT_3D('',#7707,#6176,#6177);
#4980=AXIS2_PLACEMENT_3D('',#7708,#6178,#6179);
#4981=AXIS2_PLACEMENT_3D('',#7709,#6180,#6181);
#4982=AXIS2_PLACEMENT_3D('',#7710,#6182,#6183);
#4983=AXIS2_PLACEMENT_3D('',#7711,#6184,#6185);
#4984=AXIS2_PLACEMENT_3D('',#7714,#6188,#6189);
#4985=AXIS2_PLACEMENT_3D('',#7716,#6191,#6192);
#4986=AXIS2_PLACEMENT_3D('',#7718,#6194,#6195);
#4987=AXIS2_PLACEMENT_3D('',#7720,#6197,#6198);
#4988=AXIS2_PLACEMENT_3D('',#7722,#6200,#6201);
#4989=AXIS2_PLACEMENT_3D('',#7727,#6202,#6203);
#4990=AXIS2_PLACEMENT_3D('',#7745,#6205,#6206);
#4991=AXIS2_PLACEMENT_3D('',#7763,#6208,#6209);
#4992=AXIS2_PLACEMENT_3D('',#7765,#6211,#6212);
#4993=AXIS2_PLACEMENT_3D('',#7767,#6214,#6215);
#4994=AXIS2_PLACEMENT_3D('',#7769,#6217,#6218);
#4995=AXIS2_PLACEMENT_3D('',#7771,#6220,#6221);
#4996=AXIS2_PLACEMENT_3D('',#7773,#6223,#6224);
#4997=AXIS2_PLACEMENT_3D('',#7775,#6226,#6227);
#4998=AXIS2_PLACEMENT_3D('',#7777,#6229,#6230);
#4999=AXIS2_PLACEMENT_3D('',#7779,#6232,#6233);
#5000=AXIS2_PLACEMENT_3D('',#7781,#6235,#6236);
#5001=AXIS2_PLACEMENT_3D('',#7783,#6238,#6239);
#5002=AXIS2_PLACEMENT_3D('',#7785,#6241,#6242);
#5003=AXIS2_PLACEMENT_3D('',#7787,#6244,#6245);
#5004=AXIS2_PLACEMENT_3D('',#7789,#6247,#6248);
#5005=AXIS2_PLACEMENT_3D('',#7791,#6250,#6251);
#5006=AXIS2_PLACEMENT_3D('',#7793,#6253,#6254);
#5007=AXIS2_PLACEMENT_3D('',#7795,#6256,#6257);
#5008=AXIS2_PLACEMENT_3D('',#7797,#6259,#6260);
#5009=AXIS2_PLACEMENT_3D('',#7799,#6262,#6263);
#5010=AXIS2_PLACEMENT_3D('',#7801,#6265,#6266);
#5011=AXIS2_PLACEMENT_3D('',#7803,#6268,#6269);
#5012=AXIS2_PLACEMENT_3D('',#7805,#6271,#6272);
#5013=AXIS2_PLACEMENT_3D('',#7807,#6274,#6275);
#5014=AXIS2_PLACEMENT_3D('',#7809,#6277,#6278);
#5015=AXIS2_PLACEMENT_3D('',#7811,#6280,#6281);
#5016=AXIS2_PLACEMENT_3D('',#7813,#6283,#6284);
#5017=AXIS2_PLACEMENT_3D('',#7818,#6285,#6286);
#5018=AXIS2_PLACEMENT_3D('',#7820,#6288,#6289);
#5019=AXIS2_PLACEMENT_3D('',#7822,#6291,#6292);
#5020=AXIS2_PLACEMENT_3D('',#7824,#6294,#6295);
#5021=AXIS2_PLACEMENT_3D('',#7826,#6297,#6298);
#5022=AXIS2_PLACEMENT_3D('',#7828,#6300,#6301);
#5023=AXIS2_PLACEMENT_3D('',#7830,#6303,#6304);
#5024=AXIS2_PLACEMENT_3D('',#7832,#6306,#6307);
#5025=AXIS2_PLACEMENT_3D('',#7833,#6308,#6309);
#5026=AXIS2_PLACEMENT_3D('',#7834,#6310,#6311);
#5027=AXIS2_PLACEMENT_3D('',#7835,#6312,#6313);
#5028=AXIS2_PLACEMENT_3D('',#7836,#6314,#6315);
#5029=AXIS2_PLACEMENT_3D('',#7837,#6316,#6317);
#5030=AXIS2_PLACEMENT_3D('',#7838,#6318,#6319);
#5031=AXIS2_PLACEMENT_3D('',#7839,#6320,#6321);
#5032=AXIS2_PLACEMENT_3D('',#7840,#6322,#6323);
#5033=AXIS2_PLACEMENT_3D('',#7841,#6324,#6325);
#5034=AXIS2_PLACEMENT_3D('',#7842,#6326,#6327);
#5035=AXIS2_PLACEMENT_3D('',#7843,#6328,#6329);
#5036=AXIS2_PLACEMENT_3D('',#7844,#6330,#6331);
#5037=AXIS2_PLACEMENT_3D('',#7847,#6334,#6335);
#5038=AXIS2_PLACEMENT_3D('',#7853,#6339,#6340);
#5039=AXIS2_PLACEMENT_3D('',#7859,#6344,#6345);
#5040=AXIS2_PLACEMENT_3D('',#7865,#6349,#6350);
#5041=AXIS2_PLACEMENT_3D('',#7866,#6351,#6352);
#5042=AXIS2_PLACEMENT_3D('',#7867,#6353,#6354);
#5043=AXIS2_PLACEMENT_3D('',#7868,#6355,#6356);
#5044=AXIS2_PLACEMENT_3D('',#7869,#6357,#6358);
#5045=AXIS2_PLACEMENT_3D('',#7870,#6359,#6360);
#5046=AXIS2_PLACEMENT_3D('',#7871,#6361,#6362);
#5047=AXIS2_PLACEMENT_3D('',#7872,#6363,#6364);
#5048=AXIS2_PLACEMENT_3D('',#7873,#6365,#6366);
#5049=AXIS2_PLACEMENT_3D('',#7874,#6367,#6368);
#5050=AXIS2_PLACEMENT_3D('',#7880,#6372,#6373);
#5051=AXIS2_PLACEMENT_3D('',#7886,#6377,#6378);
#5052=AXIS2_PLACEMENT_3D('',#7892,#6382,#6383);
#5053=AXIS2_PLACEMENT_3D('',#7893,#6384,#6385);
#5054=AXIS2_PLACEMENT_3D('',#7894,#6386,#6387);
#5055=AXIS2_PLACEMENT_3D('',#7895,#6388,#6389);
#5056=AXIS2_PLACEMENT_3D('',#7896,#6390,#6391);
#5057=AXIS2_PLACEMENT_3D('',#7897,#6392,#6393);
#5058=AXIS2_PLACEMENT_3D('',#7898,#6394,#6395);
#5059=AXIS2_PLACEMENT_3D('',#7899,#6396,#6397);
#5060=AXIS2_PLACEMENT_3D('',#7900,#6398,#6399);
#5061=AXIS2_PLACEMENT_3D('',#7901,#6400,#6401);
#5062=AXIS2_PLACEMENT_3D('',#7907,#6405,#6406);
#5063=AXIS2_PLACEMENT_3D('',#7908,#6407,#6408);
#5064=AXIS2_PLACEMENT_3D('',#7910,#6409,#6410);
#5065=AXIS2_PLACEMENT_3D('',#7911,#6411,#6412);
#5066=AXIS2_PLACEMENT_3D('',#7914,#6414,#6415);
#5067=AXIS2_PLACEMENT_3D('',#7915,#6416,#6417);
#5068=AXIS2_PLACEMENT_3D('',#7916,#6418,#6419);
#5069=AXIS2_PLACEMENT_3D('',#7917,#6420,#6421);
#5070=AXIS2_PLACEMENT_3D('',#7918,#6422,#6423);
#5071=AXIS2_PLACEMENT_3D('',#7919,#6424,#6425);
#5072=AXIS2_PLACEMENT_3D('',#7922,#6428,#6429);
#5073=AXIS2_PLACEMENT_3D('',#7924,#6431,#6432);
#5074=AXIS2_PLACEMENT_3D('',#7926,#6434,#6435);
#5075=AXIS2_PLACEMENT_3D('',#7928,#6437,#6438);
#5076=AXIS2_PLACEMENT_3D('',#7930,#6440,#6441);
#5077=AXIS2_PLACEMENT_3D('',#7931,#6442,#6443);
#5078=AXIS2_PLACEMENT_3D('',#7937,#6447,#6448);
#5079=AXIS2_PLACEMENT_3D('',#7938,#6449,#6450);
#5080=AXIS2_PLACEMENT_3D('',#7940,#6451,#6452);
#5081=AXIS2_PLACEMENT_3D('',#7941,#6453,#6454);
#5082=AXIS2_PLACEMENT_3D('',#7942,#6455,#6456);
#5083=AXIS2_PLACEMENT_3D('',#7945,#6458,#6459);
#5084=AXIS2_PLACEMENT_3D('',#7946,#6460,#6461);
#5085=AXIS2_PLACEMENT_3D('',#7947,#6462,#6463);
#5086=AXIS2_PLACEMENT_3D('',#7948,#6464,#6465);
#5087=AXIS2_PLACEMENT_3D('',#7949,#6466,#6467);
#5088=AXIS2_PLACEMENT_3D('',#7952,#6470,#6471);
#5089=AXIS2_PLACEMENT_3D('',#7954,#6473,#6474);
#5090=AXIS2_PLACEMENT_3D('',#7956,#6476,#6477);
#5091=AXIS2_PLACEMENT_3D('',#7958,#6479,#6480);
#5092=AXIS2_PLACEMENT_3D('',#7960,#6482,#6483);
#5093=AXIS2_PLACEMENT_3D('',#7962,#6485,#6486);
#5094=AXIS2_PLACEMENT_3D('',#7964,#6488,#6489);
#5095=AXIS2_PLACEMENT_3D('',#7965,#6490,#6491);
#5096=AXIS2_PLACEMENT_3D('',#7971,#6493,#6494);
#5097=AXIS2_PLACEMENT_3D('',#7973,#6496,#6497);
#5098=AXIS2_PLACEMENT_3D('',#7975,#6499,#6500);
#5099=AXIS2_PLACEMENT_3D('',#8008,#6501,#6502);
#5100=AXIS2_PLACEMENT_3D('',#8009,#6503,#6504);
#5101=AXIS2_PLACEMENT_3D('',#8010,#6505,#6506);
#5102=AXIS2_PLACEMENT_3D('',#8011,#6507,#6508);
#5103=AXIS2_PLACEMENT_3D('',#8012,#6509,#6510);
#5104=AXIS2_PLACEMENT_3D('',#8014,#6512,#6513);
#5105=AXIS2_PLACEMENT_3D('',#8015,#6514,#6515);
#5106=AXIS2_PLACEMENT_3D('',#8017,#6517,#6518);
#5107=AXIS2_PLACEMENT_3D('',#8018,#6519,#6520);
#5108=AXIS2_PLACEMENT_3D('',#8019,#6521,#6522);
#5109=AXIS2_PLACEMENT_3D('',#8021,#6523,#6524);
#5110=AXIS2_PLACEMENT_3D('',#8022,#6525,#6526);
#5111=AXIS2_PLACEMENT_3D('',#8024,#6527,#6528);
#5112=AXIS2_PLACEMENT_3D('',#8025,#6529,#6530);
#5113=AXIS2_PLACEMENT_3D('',#8027,#6531,#6532);
#5114=AXIS2_PLACEMENT_3D('',#8028,#6533,#6534);
#5115=AXIS2_PLACEMENT_3D('',#8029,#6535,#6536);
#5116=AXIS2_PLACEMENT_3D('',#8031,#6537,#6538);
#5117=AXIS2_PLACEMENT_3D('',#8032,#6539,#6540);
#5118=AXIS2_PLACEMENT_3D('',#8034,#6541,#6542);
#5119=AXIS2_PLACEMENT_3D('',#8035,#6543,#6544);
#5120=AXIS2_PLACEMENT_3D('',#8037,#6545,#6546);
#5121=DIRECTION('',(0.,0.,1.));
#5122=DIRECTION('',(1.,0.,0.));
#5123=DIRECTION('',(0.,1.1393993464038E-16,1.));
#5124=DIRECTION('',(0.,-1.,1.1393993464038E-16));
#5125=DIRECTION('',(0.,1.1393993464038E-16,1.));
#5126=DIRECTION('',(0.,-1.,1.1393993464038E-16));
#5127=DIRECTION('',(1.2317746409106E-16,-1.,1.78935317468667E-47));
#5128=DIRECTION('',(0.,1.1393993464038E-16,1.));
#5129=DIRECTION('',(0.,-1.,1.1393993464038E-16));
#5130=DIRECTION('',(1.,1.16401154967714E-15,-5.15745938608198E-32));
#5131=DIRECTION('',(0.,1.1393993464038E-16,1.));
#5132=DIRECTION('',(0.,-1.,1.1393993464038E-16));
#5133=DIRECTION('',(0.,1.,-1.1393993464038E-16));
#5134=DIRECTION('',(-1.,0.,0.));
#5135=DIRECTION('',(0.,1.,-1.1393993464038E-16));
#5136=DIRECTION('',(-1.,0.,0.));
#5137=DIRECTION('',(0.,1.,-1.1393993464038E-16));
#5138=DIRECTION('',(0.,1.1393993464038E-16,1.));
#5139=DIRECTION('',(0.,-1.,1.1393993464038E-16));
#5140=DIRECTION('',(-1.,1.26460131669039E-15,5.15745938608198E-32));
#5141=DIRECTION('',(0.,1.1393993464038E-16,1.));
#5142=DIRECTION('',(0.,-1.,1.1393993464038E-16));
#5143=DIRECTION('',(1.2317746409106E-16,-1.,1.78935317468667E-47));
#5144=DIRECTION('',(0.,1.1393993464038E-16,1.));
#5145=DIRECTION('',(0.,-1.,1.1393993464038E-16));
#5146=DIRECTION('',(1.,1.33748389727483E-15,-5.15745938608198E-32));
#5147=DIRECTION('',(0.,1.1393993464038E-16,1.));
#5148=DIRECTION('',(0.,-1.,1.1393993464038E-16));
#5149=DIRECTION('',(0.,1.,-1.1393993464038E-16));
#5150=DIRECTION('',(0.,1.1393993464038E-16,1.));
#5151=DIRECTION('',(0.,-1.,1.1393993464038E-16));
#5152=DIRECTION('',(-1.,-4.70122159286421E-16,5.15745938608198E-32));
#5153=DIRECTION('',(0.,1.1393993464038E-16,1.));
#5154=DIRECTION('',(0.,-1.,1.1393993464038E-16));
#5155=DIRECTION('',(0.,1.1393993464038E-16,1.));
#5156=DIRECTION('',(0.,-1.,1.1393993464038E-16));
#5157=DIRECTION('',(1.,0.,0.));
#5158=DIRECTION('',(0.,0.,-1.));
#5159=DIRECTION('',(0.,0.,1.));
#5160=DIRECTION('',(0.,-1.,0.));
#5161=DIRECTION('',(0.,0.,1.));
#5162=DIRECTION('',(1.,0.,0.));
#5163=DIRECTION('',(0.,0.,-1.));
#5164=DIRECTION('',(-1.,0.,0.));
#5165=DIRECTION('',(0.,-1.,0.));
#5166=DIRECTION('',(0.,-1.55432633005434E-16,-1.));
#5167=DIRECTION('',(-1.23177464091059E-16,1.,-1.78935317468667E-47));
#5168=DIRECTION('',(0.,-1.55432633005434E-16,-1.));
#5169=DIRECTION('',(0.,-1.55432633005434E-16,-1.));
#5170=DIRECTION('',(5.02948835066214E-17,1.,-2.68402976203001E-47));
#5171=DIRECTION('',(0.,-1.55432633005434E-16,-1.));
#5172=DIRECTION('',(-1.,0.,0.));
#5173=DIRECTION('',(0.,-1.,0.));
#5174=DIRECTION('',(1.,0.,0.));
#5175=DIRECTION('',(0.,0.,-1.));
#5176=DIRECTION('',(1.,0.,0.));
#5177=DIRECTION('',(0.,0.,-1.));
#5178=DIRECTION('',(1.,0.,0.));
#5179=DIRECTION('',(0.,0.,-1.));
#5180=DIRECTION('',(1.,0.,0.));
#5181=DIRECTION('',(0.,0.,-1.));
#5182=DIRECTION('',(1.,0.,0.));
#5183=DIRECTION('',(0.,0.,-1.));
#5184=DIRECTION('',(1.,0.,0.));
#5185=DIRECTION('',(0.,0.,-1.));
#5186=DIRECTION('',(1.,0.,0.));
#5187=DIRECTION('',(0.,0.,-1.));
#5188=DIRECTION('',(0.,3.09773750378401E-16,-1.));
#5189=DIRECTION('',(1.,0.,0.));
#5190=DIRECTION('',(0.,0.,-1.));
#5191=DIRECTION('',(0.,1.,1.47636851244189E-16));
#5192=DIRECTION('',(1.,0.,0.));
#5193=DIRECTION('',(0.,0.,-1.));
#5194=DIRECTION('',(0.,-3.09773750378401E-16,1.));
#5195=DIRECTION('',(1.,0.,0.));
#5196=DIRECTION('',(0.,0.,-1.));
#5197=DIRECTION('',(0.,-1.,0.));
#5198=DIRECTION('',(1.,0.,0.));
#5199=DIRECTION('',(0.,0.,-1.));
#5200=DIRECTION('',(1.,0.,0.));
#5201=DIRECTION('',(0.,0.,-1.));
#5202=DIRECTION('',(1.,0.,0.));
#5203=DIRECTION('',(0.,0.,-1.));
#5204=DIRECTION('',(1.,0.,0.));
#5205=DIRECTION('',(0.,0.,-1.));
#5206=DIRECTION('',(1.,0.,0.));
#5207=DIRECTION('',(0.,0.,-1.));
#5208=DIRECTION('',(1.,0.,0.));
#5209=DIRECTION('',(0.,0.,-1.));
#5210=DIRECTION('',(1.,0.,0.));
#5211=DIRECTION('',(0.,0.,-1.));
#5212=DIRECTION('',(1.,0.,0.));
#5213=DIRECTION('',(0.,0.,-1.));
#5214=DIRECTION('',(1.,0.,0.));
#5215=DIRECTION('',(0.,0.,-1.));
#5216=DIRECTION('',(1.,0.,0.));
#5217=DIRECTION('',(0.,0.,-1.));
#5218=DIRECTION('',(1.,0.,0.));
#5219=DIRECTION('',(0.,0.,-1.));
#5220=DIRECTION('',(-1.,0.,0.));
#5221=DIRECTION('',(0.,0.,1.));
#5222=DIRECTION('',(1.,0.,0.));
#5223=DIRECTION('',(0.,0.,-1.));
#5224=DIRECTION('',(1.,0.,0.));
#5225=DIRECTION('',(0.,0.,-1.));
#5226=DIRECTION('',(-1.,0.,0.));
#5227=DIRECTION('',(0.,0.,1.));
#5228=DIRECTION('',(0.,-1.,0.));
#5229=DIRECTION('',(0.,0.,-1.));
#5230=DIRECTION('',(0.,0.,1.));
#5231=DIRECTION('',(-1.,0.,0.));
#5232=DIRECTION('',(0.,0.,-1.));
#5233=DIRECTION('',(1.,0.,0.));
#5234=DIRECTION('',(0.,0.,1.));
#5235=DIRECTION('',(-1.,0.,0.));
#5236=DIRECTION('',(0.,0.,1.));
#5237=DIRECTION('',(1.,0.,0.));
#5238=DIRECTION('',(0.,-1.1393993464038E-16,-1.));
#5239=DIRECTION('',(0.,1.,-1.1393993464038E-16));
#5240=DIRECTION('',(0.,-1.,1.1393993464038E-16));
#5241=DIRECTION('',(1.,0.,0.));
#5242=DIRECTION('',(0.,1.,-1.1393993464038E-16));
#5243=DIRECTION('',(1.,0.,0.));
#5244=DIRECTION('',(0.,-1.,0.));
#5245=DIRECTION('',(0.,0.,-1.));
#5246=DIRECTION('',(1.,8.41078048958452E-17,0.));
#5247=DIRECTION('',(-4.62592926927148E-15,0.,-1.));
#5248=DIRECTION('',(-1.,0.,0.));
#5249=DIRECTION('',(4.62592926927149E-15,0.,1.));
#5250=DIRECTION('',(0.,0.,-1.));
#5251=DIRECTION('',(-1.,0.,0.));
#5252=DIRECTION('',(0.,0.,1.));
#5253=DIRECTION('',(-1.,0.,0.));
#5254=DIRECTION('',(0.,0.,-1.));
#5255=DIRECTION('',(0.,8.78113289181623E-17,-1.));
#5256=DIRECTION('',(0.,1.,8.78113289181623E-17));
#5257=DIRECTION('',(0.,0.,-1.));
#5258=DIRECTION('',(1.,0.,0.));
#5259=DIRECTION('',(0.,0.,-1.));
#5260=DIRECTION('',(0.,1.,0.));
#5261=DIRECTION('',(1.,0.,0.));
#5262=DIRECTION('',(0.,0.,-1.));
#5263=DIRECTION('',(1.,0.,0.));
#5264=DIRECTION('',(0.,0.,-1.));
#5265=DIRECTION('',(0.,-1.,0.));
#5266=DIRECTION('',(1.,0.,0.));
#5267=DIRECTION('',(0.,0.,-1.));
#5268=DIRECTION('',(1.,0.,0.));
#5269=DIRECTION('',(0.,0.,-1.));
#5270=DIRECTION('',(0.,1.,0.));
#5271=DIRECTION('',(0.,0.,1.));
#5272=DIRECTION('',(0.,1.,-8.78113289181425E-17));
#5273=DIRECTION('',(1.,0.,0.));
#5274=DIRECTION('',(0.,0.,-1.));
#5275=DIRECTION('',(-1.,0.,0.));
#5276=DIRECTION('',(0.,1.,0.));
#5277=DIRECTION('',(-1.,0.,0.));
#5278=DIRECTION('',(0.,1.,0.));
#5279=DIRECTION('',(1.,0.,0.));
#5280=DIRECTION('',(0.,0.,-1.));
#5281=DIRECTION('',(0.,1.,8.78113289181622E-17));
#5282=DIRECTION('',(1.,0.,0.));
#5283=DIRECTION('',(0.,0.,-1.));
#5284=DIRECTION('',(1.,0.,0.));
#5285=DIRECTION('',(0.,0.,-1.));
#5286=DIRECTION('',(0.,-1.,0.));
#5287=DIRECTION('',(0.,0.,-1.));
#5288=DIRECTION('',(0.,1.,0.));
#5289=DIRECTION('',(1.,0.,0.));
#5290=DIRECTION('',(0.,0.,-1.));
#5291=DIRECTION('',(-1.,0.,0.));
#5292=DIRECTION('',(0.,-1.,0.));
#5293=DIRECTION('',(-1.,0.,0.));
#5294=DIRECTION('',(0.,-1.,0.));
#5295=DIRECTION('',(1.,0.,0.));
#5296=DIRECTION('',(0.,0.,-1.));
#5297=DIRECTION('',(0.,1.,0.));
#5298=DIRECTION('',(0.,0.,-1.));
#5299=DIRECTION('',(0.,-1.,0.));
#5300=DIRECTION('',(1.,0.,0.));
#5301=DIRECTION('',(0.,0.,-1.));
#5302=DIRECTION('',(1.,0.,0.));
#5303=DIRECTION('',(0.,0.,-1.));
#5304=DIRECTION('',(0.,-1.,0.));
#5305=DIRECTION('',(1.,0.,0.));
#5306=DIRECTION('',(0.,0.,-1.));
#5307=DIRECTION('',(1.,0.,0.));
#5308=DIRECTION('',(0.,0.,-1.));
#5309=DIRECTION('',(0.,0.,-1.));
#5310=DIRECTION('',(0.,1.,0.));
#5311=DIRECTION('',(0.,0.,-1.));
#5312=DIRECTION('',(0.,-1.,0.));
#5313=DIRECTION('',(1.,0.,0.));
#5314=DIRECTION('',(0.,0.,-1.));
#5315=DIRECTION('',(0.,-1.,0.));
#5316=DIRECTION('',(0.,0.,1.));
#5317=DIRECTION('',(0.,-1.,0.));
#5318=DIRECTION('',(0.,0.,-1.));
#5319=DIRECTION('',(0.,0.,-1.));
#5320=DIRECTION('',(0.,-1.,0.));
#5321=DIRECTION('',(0.,0.,-1.));
#5322=DIRECTION('',(0.,-1.,0.));
#5323=DIRECTION('',(0.,0.,1.));
#5324=DIRECTION('',(1.,0.,0.));
#5325=DIRECTION('',(0.,0.,-1.));
#5326=DIRECTION('',(-1.,0.,0.));
#5327=DIRECTION('',(0.,0.,-1.));
#5328=DIRECTION('',(-1.,0.,0.));
#5329=DIRECTION('',(-1.,-1.73472347597681E-15,0.));
#5330=DIRECTION('',(0.,0.,-1.));
#5331=DIRECTION('',(-1.,0.,0.));
#5332=DIRECTION('',(0.,0.,-1.));
#5333=DIRECTION('',(-1.,0.,0.));
#5334=DIRECTION('',(0.,0.,-1.));
#5335=DIRECTION('',(-1.,0.,0.));
#5336=DIRECTION('',(0.,0.,-1.));
#5337=DIRECTION('',(-1.,0.,0.));
#5338=DIRECTION('',(-1.,0.,0.));
#5339=DIRECTION('',(0.,0.,-1.));
#5340=DIRECTION('',(-1.,0.,0.));
#5341=DIRECTION('',(0.,0.,-1.));
#5342=DIRECTION('',(-1.,0.,0.));
#5343=DIRECTION('',(-1.,0.,0.));
#5344=DIRECTION('',(0.,0.,-1.));
#5345=DIRECTION('',(-1.,0.,0.));
#5346=DIRECTION('',(0.,0.,-1.));
#5347=DIRECTION('',(-1.,0.,0.));
#5348=DIRECTION('',(0.,0.,-1.));
#5349=DIRECTION('',(-1.,0.,0.));
#5350=DIRECTION('',(-1.,0.,0.));
#5351=DIRECTION('',(0.,0.,-1.));
#5352=DIRECTION('',(-1.,0.,0.));
#5353=DIRECTION('',(0.,0.,-1.));
#5354=DIRECTION('',(-1.,0.,0.));
#5355=DIRECTION('',(-1.,0.,0.));
#5356=DIRECTION('',(-1.,0.,0.));
#5357=DIRECTION('',(0.,0.,-1.));
#5358=DIRECTION('',(-1.,0.,0.));
#5359=DIRECTION('',(0.,0.,-1.));
#5360=DIRECTION('',(-1.,0.,0.));
#5361=DIRECTION('',(0.,0.,-1.));
#5362=DIRECTION('',(-1.,0.,0.));
#5363=DIRECTION('',(0.,1.,0.));
#5364=DIRECTION('',(0.,0.,-1.));
#5365=DIRECTION('',(-1.,0.,0.));
#5366=DIRECTION('',(0.,0.,-1.));
#5367=DIRECTION('',(-1.,0.,0.));
#5368=DIRECTION('',(0.,0.,-1.));
#5369=DIRECTION('',(-1.,0.,0.));
#5370=DIRECTION('',(0.,1.,0.));
#5371=DIRECTION('',(0.,0.,-1.));
#5372=DIRECTION('',(-1.,0.,0.));
#5373=DIRECTION('',(0.,0.,-1.));
#5374=DIRECTION('',(-1.,0.,0.));
#5375=DIRECTION('',(0.,0.,-1.));
#5376=DIRECTION('',(-1.,0.,0.));
#5377=DIRECTION('',(1.,0.,0.));
#5378=DIRECTION('',(0.,0.,-1.));
#5379=DIRECTION('',(-1.,0.,0.));
#5380=DIRECTION('',(0.,0.,-1.));
#5381=DIRECTION('',(-1.,0.,0.));
#5382=DIRECTION('',(1.,0.,0.));
#5383=DIRECTION('',(0.,0.,-1.));
#5384=DIRECTION('',(-1.,0.,0.));
#5385=DIRECTION('',(0.,0.,-1.));
#5386=DIRECTION('',(-1.,0.,0.));
#5387=DIRECTION('',(1.,0.,0.));
#5388=DIRECTION('',(0.,0.,-1.));
#5389=DIRECTION('',(-1.,0.,0.));
#5390=DIRECTION('',(0.,0.,-1.));
#5391=DIRECTION('',(-1.,0.,0.));
#5392=DIRECTION('',(0.,0.,-1.));
#5393=DIRECTION('',(-1.,0.,0.));
#5394=DIRECTION('',(1.,0.,0.));
#5395=DIRECTION('',(0.,0.,-1.));
#5396=DIRECTION('',(-1.,0.,0.));
#5397=DIRECTION('',(0.,0.,-1.));
#5398=DIRECTION('',(-1.,0.,0.));
#5399=DIRECTION('',(1.,0.,0.));
#5400=DIRECTION('',(0.,0.,-1.));
#5401=DIRECTION('',(-1.,0.,0.));
#5402=DIRECTION('',(0.,0.,-1.));
#5403=DIRECTION('',(-1.,0.,0.));
#5404=DIRECTION('',(1.,0.,0.));
#5405=DIRECTION('',(0.,0.,-1.));
#5406=DIRECTION('',(-1.,0.,0.));
#5407=DIRECTION('',(0.,0.,-1.));
#5408=DIRECTION('',(-1.,0.,0.));
#5409=DIRECTION('',(-1.,0.,0.));
#5410=DIRECTION('',(0.,0.,-1.));
#5411=DIRECTION('',(-1.,0.,0.));
#5412=DIRECTION('',(0.,-1.,0.));
#5413=DIRECTION('',(0.,0.,1.));
#5414=DIRECTION('',(1.,0.,0.));
#5415=DIRECTION('',(0.,0.,1.));
#5416=DIRECTION('',(1.,0.,0.));
#5417=DIRECTION('',(0.,0.,1.));
#5418=DIRECTION('',(1.,0.,0.));
#5419=DIRECTION('',(0.,0.,1.));
#5420=DIRECTION('',(1.,0.,0.));
#5421=DIRECTION('',(0.,0.,1.));
#5422=DIRECTION('',(1.,0.,0.));
#5423=DIRECTION('',(0.,0.,1.));
#5424=DIRECTION('',(1.,0.,0.));
#5425=DIRECTION('',(0.,0.,1.));
#5426=DIRECTION('',(1.,0.,0.));
#5427=DIRECTION('',(0.,0.,1.));
#5428=DIRECTION('',(1.,0.,0.));
#5429=DIRECTION('',(0.,0.,1.));
#5430=DIRECTION('',(1.,0.,0.));
#5431=DIRECTION('',(0.,0.,-1.));
#5432=DIRECTION('',(-1.,0.,0.));
#5433=DIRECTION('',(0.,0.,1.));
#5434=DIRECTION('',(1.,0.,0.));
#5435=DIRECTION('',(0.,0.,-1.));
#5436=DIRECTION('',(-1.,0.,0.));
#5437=DIRECTION('',(0.,0.,-1.));
#5438=DIRECTION('',(0.,-1.,0.));
#5439=DIRECTION('',(0.,0.,1.));
#5440=DIRECTION('',(1.,0.,0.));
#5441=DIRECTION('',(0.,0.,-1.));
#5442=DIRECTION('',(-1.,0.,0.));
#5443=DIRECTION('',(0.,0.,-1.));
#5444=DIRECTION('',(0.,-1.,0.));
#5445=DIRECTION('',(0.,0.,1.));
#5446=DIRECTION('',(1.,0.,0.));
#5447=DIRECTION('',(0.,0.,-1.));
#5448=DIRECTION('',(-1.,0.,0.));
#5449=DIRECTION('',(0.,0.,-1.));
#5450=DIRECTION('',(0.,-1.,0.));
#5451=DIRECTION('',(0.,0.,1.));
#5452=DIRECTION('',(1.,0.,0.));
#5453=DIRECTION('',(0.,0.,-1.));
#5454=DIRECTION('',(-1.,0.,0.));
#5455=DIRECTION('',(0.,0.,-1.));
#5456=DIRECTION('',(0.,-1.,0.));
#5457=DIRECTION('',(0.,0.,1.));
#5458=DIRECTION('',(1.,0.,0.));
#5459=DIRECTION('',(0.,0.,-1.));
#5460=DIRECTION('',(-1.,0.,0.));
#5461=DIRECTION('',(0.,0.,-1.));
#5462=DIRECTION('',(0.,-1.,0.));
#5463=DIRECTION('',(0.,0.,1.));
#5464=DIRECTION('',(1.,0.,0.));
#5465=DIRECTION('',(-2.60208521396521E-16,0.,-1.));
#5466=DIRECTION('',(-1.,0.,2.60208521396521E-16));
#5467=DIRECTION('',(-0.583333333333337,-0.812232862067411,0.));
#5468=DIRECTION('',(0.812232862067411,-0.583333333333337,0.));
#5469=DIRECTION('',(-2.60208521396521E-16,0.,-1.));
#5470=DIRECTION('',(-1.,0.,2.60208521396521E-16));
#5471=DIRECTION('',(-2.60208521396521E-16,0.,-1.));
#5472=DIRECTION('',(-1.,0.,2.60208521396521E-16));
#5473=DIRECTION('',(-2.60208521396521E-16,0.,-1.));
#5474=DIRECTION('',(-1.,0.,2.60208521396521E-16));
#5475=DIRECTION('',(-1.,0.,0.));
#5476=DIRECTION('',(0.,0.,1.));
#5477=DIRECTION('',(-2.60208521396521E-16,0.,-1.));
#5478=DIRECTION('',(-1.,0.,2.60208521396521E-16));
#5479=DIRECTION('',(-2.60208521396521E-16,0.,-1.));
#5480=DIRECTION('',(-1.,0.,2.60208521396521E-16));
#5481=DIRECTION('',(-1.,0.,2.60208521396521E-16));
#5482=DIRECTION('',(2.60208521396521E-16,0.,1.));
#5483=DIRECTION('',(-1.,0.,0.));
#5484=DIRECTION('',(0.,0.,1.));
#5485=DIRECTION('',(1.,0.,-2.60208521396521E-16));
#5486=DIRECTION('',(1.,0.,-2.60208521396521E-16));
#5487=DIRECTION('',(1.,0.,-2.60208521396521E-16));
#5488=DIRECTION('',(-2.60208521396521E-16,0.,-1.));
#5489=DIRECTION('',(-1.,0.,2.60208521396521E-16));
#5490=DIRECTION('',(-0.583333333333338,0.81223286206741,0.));
#5491=DIRECTION('',(-0.81223286206741,-0.583333333333338,0.));
#5492=DIRECTION('',(-2.60208521396521E-16,0.,-1.));
#5493=DIRECTION('',(-1.,0.,2.60208521396521E-16));
#5494=DIRECTION('',(-2.60208521396521E-16,0.,-1.));
#5495=DIRECTION('',(-1.,0.,2.60208521396521E-16));
#5496=DIRECTION('',(-2.60208521396521E-16,0.,-1.));
#5497=DIRECTION('',(-1.,0.,2.60208521396521E-16));
#5498=DIRECTION('',(-2.60208521396521E-16,0.,-1.));
#5499=DIRECTION('',(-1.,0.,2.60208521396521E-16));
#5500=DIRECTION('',(-2.60208521396521E-16,0.,-1.));
#5501=DIRECTION('',(-1.,0.,2.60208521396521E-16));
#5502=DIRECTION('',(0.,0.,-1.));
#5503=DIRECTION('',(-1.,0.,0.));
#5504=DIRECTION('',(0.,0.,-1.));
#5505=DIRECTION('',(-1.,0.,0.));
#5506=DIRECTION('',(0.583333333333337,-0.812232862067411,0.));
#5507=DIRECTION('',(0.812232862067411,0.583333333333337,0.));
#5508=DIRECTION('',(0.,0.,-1.));
#5509=DIRECTION('',(-1.,0.,0.));
#5510=DIRECTION('',(0.,0.,-1.));
#5511=DIRECTION('',(-1.,0.,0.));
#5512=DIRECTION('',(1.,0.,0.));
#5513=DIRECTION('',(0.,0.,-1.));
#5514=DIRECTION('',(0.,0.,-1.));
#5515=DIRECTION('',(-1.,0.,0.));
#5516=DIRECTION('',(0.,0.,-1.));
#5517=DIRECTION('',(-1.,0.,0.));
#5518=DIRECTION('',(-1.,0.,0.));
#5519=DIRECTION('',(0.,0.,1.));
#5520=DIRECTION('',(1.,0.,0.));
#5521=DIRECTION('',(1.,0.,0.));
#5522=DIRECTION('',(1.,0.,0.));
#5523=DIRECTION('',(1.,0.,0.));
#5524=DIRECTION('',(0.,0.,-1.));
#5525=DIRECTION('',(0.,0.,-1.));
#5526=DIRECTION('',(-1.,0.,0.));
#5527=DIRECTION('',(0.583333333333337,0.812232862067411,4.04768811061258E-15));
#5528=DIRECTION('',(-0.812232862067411,0.583333333333337,0.));
#5529=DIRECTION('',(0.,0.,-1.));
#5530=DIRECTION('',(-1.,0.,0.));
#5531=DIRECTION('',(0.,0.,-1.));
#5532=DIRECTION('',(-1.,0.,0.));
#5533=DIRECTION('',(0.,0.,-1.));
#5534=DIRECTION('',(-1.,0.,0.));
#5535=DIRECTION('',(0.,0.,-1.));
#5536=DIRECTION('',(-1.,0.,0.));
#5537=DIRECTION('',(0.,0.,-1.));
#5538=DIRECTION('',(-1.,0.,0.));
#5539=DIRECTION('',(0.,0.,-1.));
#5540=DIRECTION('',(-1.,0.,0.));
#5541=DIRECTION('',(0.,0.,-1.));
#5542=DIRECTION('',(0.,0.,-1.));
#5543=DIRECTION('',(-1.,0.,0.));
#5544=DIRECTION('',(0.,0.,1.));
#5545=DIRECTION('',(0.,0.,1.));
#5546=DIRECTION('',(1.,0.,0.));
#5547=DIRECTION('',(0.,0.,-1.));
#5548=DIRECTION('',(0.,0.,-1.));
#5549=DIRECTION('',(-1.,0.,0.));
#5550=DIRECTION('',(0.,0.,1.));
#5551=DIRECTION('',(-6.93889390390723E-16,0.,-1.));
#5552=DIRECTION('',(-1.,0.,6.93889390390723E-16));
#5553=DIRECTION('',(-6.93889390390723E-16,0.,-1.));
#5554=DIRECTION('',(0.,0.,-1.));
#5555=DIRECTION('',(-1.,0.,0.));
#5556=DIRECTION('',(6.93889390390723E-16,0.,1.));
#5557=DIRECTION('',(0.,0.,1.));
#5558=DIRECTION('',(1.,0.,0.));
#5559=DIRECTION('',(0.,0.,-1.));
#5560=DIRECTION('',(0.,0.,-1.));
#5561=DIRECTION('',(-1.,0.,0.));
#5562=DIRECTION('',(0.,0.,1.));
#5563=DIRECTION('',(0.,0.,-1.));
#5564=DIRECTION('',(-1.,0.,0.));
#5565=DIRECTION('',(0.,0.,-1.));
#5566=DIRECTION('',(-1.,0.,0.));
#5567=DIRECTION('',(0.,0.,1.));
#5568=DIRECTION('',(1.,0.,0.));
#5569=DIRECTION('',(0.,0.,-1.));
#5570=DIRECTION('',(-1.,0.,0.));
#5571=DIRECTION('',(0.,0.,1.));
#5572=DIRECTION('',(1.,0.,0.));
#5573=DIRECTION('',(0.,0.,-1.));
#5574=DIRECTION('',(-1.,0.,0.));
#5575=DIRECTION('',(0.,0.,1.));
#5576=DIRECTION('',(-6.93889390390723E-16,0.,-1.));
#5577=DIRECTION('',(-1.,0.,6.93889390390723E-16));
#5578=DIRECTION('',(-6.93889390390723E-16,0.,-1.));
#5579=DIRECTION('',(0.,0.,-1.));
#5580=DIRECTION('',(-1.,0.,0.));
#5581=DIRECTION('',(0.,0.,-1.));
#5582=DIRECTION('',(0.,-1.,0.));
#5583=DIRECTION('',(0.,0.,1.));
#5584=DIRECTION('',(0.,-1.,0.));
#5585=DIRECTION('',(0.,0.,-1.));
#5586=DIRECTION('',(0.,-1.,0.));
#5587=DIRECTION('',(0.,0.,-1.));
#5588=DIRECTION('',(-1.,0.,0.));
#5589=DIRECTION('',(0.,0.,1.));
#5590=DIRECTION('',(1.,0.,0.));
#5591=DIRECTION('',(0.,0.,-1.));
#5592=DIRECTION('',(0.,-1.,0.));
#5593=DIRECTION('',(0.,0.,1.));
#5594=DIRECTION('',(0.,-1.,0.));
#5595=DIRECTION('',(0.,0.,-1.));
#5596=DIRECTION('',(0.,-1.,0.));
#5597=DIRECTION('',(0.,0.,-1.));
#5598=DIRECTION('',(-1.,0.,0.));
#5599=DIRECTION('',(0.,0.,1.));
#5600=DIRECTION('',(1.,0.,0.));
#5601=DIRECTION('',(-2.60208521396521E-16,0.,-1.));
#5602=DIRECTION('',(-1.,0.,2.60208521396521E-16));
#5603=DIRECTION('',(1.,0.,-2.60208521396521E-16));
#5604=DIRECTION('',(0.,1.,0.));
#5605=DIRECTION('',(0.,0.,1.));
#5606=DIRECTION('',(-1.,0.,0.));
#5607=DIRECTION('',(0.,0.,-1.));
#5608=DIRECTION('',(-1.,0.,0.));
#5609=DIRECTION('',(0.,1.,0.));
#5610=DIRECTION('',(0.,0.,1.));
#5611=DIRECTION('',(-1.,0.,0.));
#5612=DIRECTION('',(2.16840434497101E-16,0.,-1.));
#5613=DIRECTION('',(-1.,0.,-2.16840434497101E-16));
#5614=DIRECTION('',(0.583333333333337,0.812232862067411,0.));
#5615=DIRECTION('',(-0.812232862067411,0.583333333333337,0.));
#5616=DIRECTION('',(2.16840434497101E-16,0.,-1.));
#5617=DIRECTION('',(-1.,0.,-2.16840434497101E-16));
#5618=DIRECTION('',(2.16840434497101E-16,0.,-1.));
#5619=DIRECTION('',(-1.,0.,-2.16840434497101E-16));
#5620=DIRECTION('',(2.16840434497101E-16,0.,-1.));
#5621=DIRECTION('',(-1.,0.,-2.16840434497101E-16));
#5622=DIRECTION('',(1.,0.,0.));
#5623=DIRECTION('',(0.,0.,-1.));
#5624=DIRECTION('',(2.16840434497101E-16,0.,-1.));
#5625=DIRECTION('',(-1.,0.,-2.16840434497101E-16));
#5626=DIRECTION('',(2.16840434497101E-16,0.,-1.));
#5627=DIRECTION('',(-1.,0.,-2.16840434497101E-16));
#5628=DIRECTION('',(1.,0.,2.16840434497101E-16));
#5629=DIRECTION('',(2.16840434497101E-16,0.,-1.));
#5630=DIRECTION('',(1.,0.,0.));
#5631=DIRECTION('',(0.,0.,-1.));
#5632=DIRECTION('',(-1.,0.,-2.16840434497101E-16));
#5633=DIRECTION('',(-1.,0.,-2.16840434497101E-16));
#5634=DIRECTION('',(-1.,0.,-2.16840434497101E-16));
#5635=DIRECTION('',(2.16840434497101E-16,0.,-1.));
#5636=DIRECTION('',(-1.,0.,-2.16840434497101E-16));
#5637=DIRECTION('',(0.583333333333337,-0.812232862067411,0.));
#5638=DIRECTION('',(0.812232862067411,0.583333333333337,0.));
#5639=DIRECTION('',(2.16840434497101E-16,0.,-1.));
#5640=DIRECTION('',(-1.,0.,-2.16840434497101E-16));
#5641=DIRECTION('',(2.16840434497101E-16,0.,-1.));
#5642=DIRECTION('',(-1.,0.,-2.16840434497101E-16));
#5643=DIRECTION('',(2.16840434497101E-16,0.,-1.));
#5644=DIRECTION('',(-1.,0.,-2.16840434497101E-16));
#5645=DIRECTION('',(2.16840434497101E-16,0.,-1.));
#5646=DIRECTION('',(-1.,0.,-2.16840434497101E-16));
#5647=DIRECTION('',(2.16840434497101E-16,0.,-1.));
#5648=DIRECTION('',(-1.,0.,-2.16840434497101E-16));
#5649=DIRECTION('',(-0.000179316349537158,0.,0.999999983922823));
#5650=DIRECTION('',(-0.999999983922823,0.,-0.000179316349537158));
#5651=DIRECTION('',(-0.583334224283759,0.812232222199578,0.));
#5652=DIRECTION('',(-0.812232222199578,-0.583334224283759,0.));
#5653=DIRECTION('',(0.,0.,-1.));
#5654=DIRECTION('',(-1.,0.,0.));
#5655=DIRECTION('',(-1.,0.,0.));
#5656=DIRECTION('',(0.,0.,1.));
#5657=DIRECTION('',(0.,0.,-1.));
#5658=DIRECTION('',(-1.,0.,0.));
#5659=DIRECTION('',(0.000179316487917188,0.,0.999999983922798));
#5660=DIRECTION('',(-0.999999983922798,0.,0.000179316487917188));
#5661=DIRECTION('',(1.,0.,0.));
#5662=DIRECTION('',(0.,0.,-1.));
#5663=DIRECTION('',(-1.,0.,0.));
#5664=DIRECTION('',(-1.,0.,0.));
#5665=DIRECTION('',(-1.,0.,0.));
#5666=DIRECTION('',(-1.,0.,0.));
#5667=DIRECTION('',(0.,0.,1.));
#5668=DIRECTION('',(0.,0.,-1.));
#5669=DIRECTION('',(-1.,0.,0.));
#5670=DIRECTION('',(-0.583333333333337,-0.812232862067411,0.));
#5671=DIRECTION('',(0.812232862067411,-0.583333333333337,0.));
#5672=DIRECTION('',(0.,0.,-1.));
#5673=DIRECTION('',(-1.,0.,0.));
#5674=DIRECTION('',(0.,0.,-1.));
#5675=DIRECTION('',(-1.,0.,0.));
#5676=DIRECTION('',(0.,0.,-1.));
#5677=DIRECTION('',(-1.,0.,0.));
#5678=DIRECTION('',(0.,0.,-1.));
#5679=DIRECTION('',(-1.,0.,0.));
#5680=DIRECTION('',(0.,0.,-1.));
#5681=DIRECTION('',(-1.,0.,0.));
#5682=DIRECTION('',(0.,0.,1.));
#5683=DIRECTION('',(1.,0.,0.));
#5684=DIRECTION('',(0.,0.,-1.));
#5685=DIRECTION('',(0.,0.,-1.));
#5686=DIRECTION('',(-1.,0.,0.));
#5687=DIRECTION('',(0.,0.,1.));
#5688=DIRECTION('',(0.,0.,-1.));
#5689=DIRECTION('',(-1.,0.,0.));
#5690=DIRECTION('',(0.,0.,-1.));
#5691=DIRECTION('',(0.,0.,-1.));
#5692=DIRECTION('',(-1.,0.,0.));
#5693=DIRECTION('',(0.,0.,1.));
#5694=DIRECTION('',(0.,0.,1.));
#5695=DIRECTION('',(1.,0.,0.));
#5696=DIRECTION('',(0.,0.,-1.));
#5697=DIRECTION('',(0.,0.,-1.));
#5698=DIRECTION('',(-1.,0.,0.));
#5699=DIRECTION('',(0.,0.,1.));
#5700=DIRECTION('',(-0.00215180204101906,0.,-0.999997684871308));
#5701=DIRECTION('',(-0.999997684871308,0.,0.00215180204101906));
#5702=DIRECTION('',(-0.00215180204101906,0.,-0.999997684871308));
#5703=DIRECTION('',(0.00215180204101906,0.,0.999997684871308));
#5704=DIRECTION('',(0.,0.,1.));
#5705=DIRECTION('',(1.,0.,0.));
#5706=DIRECTION('',(0.,0.,-1.));
#5707=DIRECTION('',(-1.,0.,0.));
#5708=DIRECTION('',(0.,0.,1.));
#5709=DIRECTION('',(0.,0.,1.));
#5710=DIRECTION('',(1.,0.,0.));
#5711=DIRECTION('',(0.,0.,-1.));
#5712=DIRECTION('',(-1.,0.,0.));
#5713=DIRECTION('',(0.,0.,1.));
#5714=DIRECTION('',(0.,0.,-1.));
#5715=DIRECTION('',(-1.,0.,0.));
#5716=DIRECTION('',(0.,0.,-1.));
#5717=DIRECTION('',(0.,0.,-1.));
#5718=DIRECTION('',(-1.,0.,0.));
#5719=DIRECTION('',(-0.00215180204101906,0.,-0.999997684871308));
#5720=DIRECTION('',(-0.999997684871308,0.,0.00215180204101906));
#5721=DIRECTION('',(-0.00215180204101906,0.,-0.999997684871308));
#5722=DIRECTION('',(0.,0.,-1.));
#5723=DIRECTION('',(0.,-1.,0.));
#5724=DIRECTION('',(0.,0.,1.));
#5725=DIRECTION('',(0.,-1.,0.));
#5726=DIRECTION('',(0.,0.,-1.));
#5727=DIRECTION('',(0.,-1.,0.));
#5728=DIRECTION('',(0.,0.,-1.));
#5729=DIRECTION('',(-1.,0.,0.));
#5730=DIRECTION('',(0.,0.,1.));
#5731=DIRECTION('',(1.,0.,0.));
#5732=DIRECTION('',(0.,0.,-1.));
#5733=DIRECTION('',(0.,-1.,0.));
#5734=DIRECTION('',(0.,0.,1.));
#5735=DIRECTION('',(0.,-1.,0.));
#5736=DIRECTION('',(0.,0.,-1.));
#5737=DIRECTION('',(0.,-1.,0.));
#5738=DIRECTION('',(0.,0.,-1.));
#5739=DIRECTION('',(-1.,0.,0.));
#5740=DIRECTION('',(0.,0.,1.));
#5741=DIRECTION('',(1.,0.,0.));
#5742=DIRECTION('',(2.16840434497101E-16,0.,-1.));
#5743=DIRECTION('',(-1.,0.,-2.16840434497101E-16));
#5744=DIRECTION('',(1.,-6.93889390390723E-16,2.16840434497101E-16));
#5745=DIRECTION('',(0.,-1.,0.));
#5746=DIRECTION('',(0.,0.,-1.));
#5747=DIRECTION('',(1.,0.,0.));
#5748=DIRECTION('',(0.,0.,-1.));
#5749=DIRECTION('',(-1.,0.,0.));
#5750=DIRECTION('',(-1.,0.,0.));
#5751=DIRECTION('',(0.,-1.,0.));
#5752=DIRECTION('',(0.,0.,-1.));
#5753=DIRECTION('',(1.,0.,0.));
#5754=DIRECTION('',(1.,0.,0.));
#5755=DIRECTION('',(0.,0.,-1.));
#5756=DIRECTION('',(-1.,0.,0.));
#5757=DIRECTION('',(0.,0.,1.));
#5758=DIRECTION('',(1.,0.,0.));
#5759=DIRECTION('',(0.,0.,-1.));
#5760=DIRECTION('',(-1.,0.,0.));
#5761=DIRECTION('',(0.,1.,0.));
#5762=DIRECTION('',(0.,0.,1.));
#5763=DIRECTION('',(1.,0.,0.));
#5764=DIRECTION('',(0.,0.,1.));
#5765=DIRECTION('',(1.,0.,0.));
#5766=DIRECTION('',(0.,0.,-1.));
#5767=DIRECTION('',(0.,0.,1.));
#5768=DIRECTION('',(1.,0.,0.));
#5769=DIRECTION('',(0.,0.,1.));
#5770=DIRECTION('',(1.,0.,0.));
#5771=DIRECTION('',(0.,0.,1.));
#5772=DIRECTION('',(1.,0.,0.));
#5773=DIRECTION('',(0.,0.,1.));
#5774=DIRECTION('',(1.,0.,0.));
#5775=DIRECTION('',(0.,0.,-1.));
#5776=DIRECTION('',(0.,0.,-1.));
#5777=DIRECTION('',(-1.,0.,0.));
#5778=DIRECTION('',(0.,0.,1.));
#5779=DIRECTION('',(1.,0.,0.));
#5780=DIRECTION('',(0.,0.,1.));
#5781=DIRECTION('',(1.,0.,0.));
#5782=DIRECTION('',(0.,0.,-1.));
#5783=DIRECTION('',(-1.,0.,0.));
#5784=DIRECTION('',(0.,0.,1.));
#5785=DIRECTION('',(1.,0.,0.));
#5786=DIRECTION('',(0.,0.,-1.));
#5787=DIRECTION('',(0.,0.,1.));
#5788=DIRECTION('',(1.,0.,0.));
#5789=DIRECTION('',(0.,0.,-1.));
#5790=DIRECTION('',(-1.,0.,0.));
#5791=DIRECTION('',(0.,0.,1.));
#5792=DIRECTION('',(1.,0.,0.));
#5793=DIRECTION('',(0.,0.,-1.));
#5794=DIRECTION('',(0.,0.,1.));
#5795=DIRECTION('',(1.,0.,0.));
#5796=DIRECTION('',(0.,-1.,0.));
#5797=DIRECTION('',(0.,0.,-1.));
#5798=DIRECTION('',(-1.,8.41078048958452E-17,0.));
#5799=DIRECTION('',(-1.,0.,0.));
#5800=DIRECTION('',(0.,0.,-1.));
#5801=DIRECTION('',(-1.,0.,0.));
#5802=DIRECTION('',(0.,0.,1.));
#5803=DIRECTION('',(1.,0.,0.));
#5804=DIRECTION('',(0.,0.,1.));
#5805=DIRECTION('',(1.,0.,0.));
#5806=DIRECTION('',(0.,0.,-1.));
#5807=DIRECTION('',(0.,0.,-1.));
#5808=DIRECTION('',(-1.,0.,0.));
#5809=DIRECTION('',(0.,0.,1.));
#5810=DIRECTION('',(-1.,0.,0.));
#5811=DIRECTION('',(0.,0.,1.));
#5812=DIRECTION('',(0.,1.,0.));
#5813=DIRECTION('',(1.,0.,0.));
#5814=DIRECTION('',(0.,0.,-1.));
#5815=DIRECTION('',(-1.,0.,0.));
#5816=DIRECTION('',(0.,0.,1.));
#5817=DIRECTION('',(1.,0.,0.));
#5818=DIRECTION('',(1.,0.,0.));
#5819=DIRECTION('',(1.,0.,0.));
#5820=DIRECTION('',(0.,0.,-1.));
#5821=DIRECTION('',(-1.,0.,0.));
#5822=DIRECTION('',(0.,0.,1.));
#5823=DIRECTION('',(1.,0.,0.));
#5824=DIRECTION('',(0.,0.,-1.));
#5825=DIRECTION('',(-1.,0.,0.));
#5826=DIRECTION('',(0.,0.,1.));
#5827=DIRECTION('',(1.,0.,0.));
#5828=DIRECTION('',(0.,-1.,0.));
#5829=DIRECTION('',(0.,0.,-1.));
#5830=DIRECTION('',(-1.,0.,0.));
#5831=DIRECTION('',(-1.,0.,0.));
#5832=DIRECTION('',(-1.,0.,0.));
#5833=DIRECTION('',(0.,0.,1.));
#5834=DIRECTION('',(-1.,0.,0.));
#5835=DIRECTION('',(-1.,0.,0.));
#5836=DIRECTION('',(-1.,0.,0.));
#5837=DIRECTION('',(0.,0.,1.));
#5838=DIRECTION('',(-1.,0.,0.));
#5839=DIRECTION('',(0.,0.,1.));
#5840=DIRECTION('',(-1.,0.,0.));
#5841=DIRECTION('',(-1.,0.,0.));
#5842=DIRECTION('',(0.,0.,1.));
#5843=DIRECTION('',(1.,0.,0.));
#5844=DIRECTION('',(0.,1.,0.));
#5845=DIRECTION('',(0.,0.,1.));
#5846=DIRECTION('',(1.,0.,0.));
#5847=DIRECTION('',(1.,0.,0.));
#5848=DIRECTION('',(0.,0.,1.));
#5849=DIRECTION('',(1.,0.,0.));
#5850=DIRECTION('',(0.,0.,1.));
#5851=DIRECTION('',(1.,0.,0.));
#5852=DIRECTION('',(-1.,0.,0.));
#5853=DIRECTION('',(0.,0.,1.));
#5854=DIRECTION('',(1.,0.,0.));
#5855=DIRECTION('',(0.,-1.,0.));
#5856=DIRECTION('',(0.,0.,1.));
#5857=DIRECTION('',(1.,0.,0.));
#5858=DIRECTION('',(1.,0.,0.));
#5859=DIRECTION('',(0.,0.,1.));
#5860=DIRECTION('',(1.,0.,0.));
#5861=DIRECTION('',(0.,0.,-1.));
#5862=DIRECTION('',(-1.,0.,0.));
#5863=DIRECTION('',(0.,0.,-1.));
#5864=DIRECTION('',(-1.,0.,0.));
#5865=DIRECTION('',(0.,0.,1.));
#5866=DIRECTION('',(1.,0.,0.));
#5867=DIRECTION('',(0.,0.,-1.));
#5868=DIRECTION('',(-1.,0.,0.));
#5869=DIRECTION('',(1.,0.,0.));
#5870=DIRECTION('',(0.,0.,-1.));
#5871=DIRECTION('',(-1.,0.,0.));
#5872=DIRECTION('',(0.,0.,1.));
#5873=DIRECTION('',(1.,0.,0.));
#5874=DIRECTION('',(1.,0.,0.));
#5875=DIRECTION('',(0.,1.,3.09773750378401E-16));
#5876=DIRECTION('',(0.,-3.09773750378401E-16,1.));
#5877=DIRECTION('',(0.,-3.09773750378401E-16,1.));
#5878=DIRECTION('',(1.,0.,0.));
#5879=DIRECTION('',(1.,0.,0.));
#5880=DIRECTION('',(0.,0.,-1.));
#5881=DIRECTION('',(-1.,0.,0.));
#5882=DIRECTION('',(0.,0.,1.));
#5883=DIRECTION('',(1.,0.,0.));
#5884=DIRECTION('',(0.,1.47636851244189E-16,-1.));
#5885=DIRECTION('',(0.,1.,1.47636851244189E-16));
#5886=DIRECTION('',(0.,1.,1.47636851244189E-16));
#5887=DIRECTION('',(1.,0.,0.));
#5888=DIRECTION('',(1.,0.,0.));
#5889=DIRECTION('',(0.,0.,-1.));
#5890=DIRECTION('',(-1.,0.,0.));
#5891=DIRECTION('',(0.,0.,1.));
#5892=DIRECTION('',(1.,0.,0.));
#5893=DIRECTION('',(0.,-1.,-3.09773750378401E-16));
#5894=DIRECTION('',(0.,3.09773750378401E-16,-1.));
#5895=DIRECTION('',(0.,3.09773750378401E-16,-1.));
#5896=DIRECTION('',(1.,0.,0.));
#5897=DIRECTION('',(1.,0.,0.));
#5898=DIRECTION('',(0.,0.,-1.));
#5899=DIRECTION('',(-1.,0.,0.));
#5900=DIRECTION('',(0.,0.,1.));
#5901=DIRECTION('',(1.,0.,0.));
#5902=DIRECTION('',(1.,0.,0.));
#5903=DIRECTION('',(0.,0.,-1.));
#5904=DIRECTION('',(-1.,0.,0.));
#5905=DIRECTION('',(0.,0.,1.));
#5906=DIRECTION('',(1.,0.,0.));
#5907=DIRECTION('',(0.,0.,-1.));
#5908=DIRECTION('',(-1.,0.,0.));
#5909=DIRECTION('',(0.,0.,1.));
#5910=DIRECTION('',(1.,0.,0.));
#5911=DIRECTION('',(0.,0.,-1.));
#5912=DIRECTION('',(-1.,0.,0.));
#5913=DIRECTION('',(0.,0.,1.));
#5914=DIRECTION('',(1.,0.,0.));
#5915=DIRECTION('',(0.,0.,-1.));
#5916=DIRECTION('',(-1.,0.,0.));
#5917=DIRECTION('',(0.,0.,1.));
#5918=DIRECTION('',(0.,0.,1.));
#5919=DIRECTION('',(1.,0.,0.));
#5920=DIRECTION('',(0.,0.,-1.));
#5921=DIRECTION('',(0.,1.,0.));
#5922=DIRECTION('',(0.,0.,-1.));
#5923=DIRECTION('',(0.,1.,0.));
#5924=DIRECTION('',(0.,0.,-1.));
#5925=DIRECTION('',(-1.,0.,0.));
#5926=DIRECTION('',(0.,0.,1.));
#5927=DIRECTION('',(1.,0.,0.));
#5928=DIRECTION('',(0.,0.,-1.));
#5929=DIRECTION('',(0.,1.,0.));
#5930=DIRECTION('',(0.,0.,-1.));
#5931=DIRECTION('',(0.,1.,0.));
#5932=DIRECTION('',(0.,0.,-1.));
#5933=DIRECTION('',(-1.,0.,0.));
#5934=DIRECTION('',(0.,0.,1.));
#5935=DIRECTION('',(1.,0.,0.));
#5936=DIRECTION('',(0.,0.,-1.));
#5937=DIRECTION('',(0.,1.,0.));
#5938=DIRECTION('',(0.,0.,-1.));
#5939=DIRECTION('',(0.,-1.,0.));
#5940=DIRECTION('',(0.,0.,-1.));
#5941=DIRECTION('',(-1.,0.,0.));
#5942=DIRECTION('',(0.,0.,1.));
#5943=DIRECTION('',(1.,0.,0.));
#5944=DIRECTION('',(0.,0.,-1.));
#5945=DIRECTION('',(0.,1.,0.));
#5946=DIRECTION('',(0.,0.,-1.));
#5947=DIRECTION('',(0.,-1.,0.));
#5948=DIRECTION('',(0.,0.,-1.));
#5949=DIRECTION('',(-1.,0.,0.));
#5950=DIRECTION('',(0.,0.,1.));
#5951=DIRECTION('',(1.,0.,0.));
#5952=DIRECTION('',(0.,0.,1.));
#5953=DIRECTION('',(0.,0.,-1.));
#5954=DIRECTION('',(-1.,0.,0.));
#5955=DIRECTION('',(0.,0.,-1.));
#5956=DIRECTION('',(0.,0.,1.));
#5957=DIRECTION('',(1.,0.,0.));
#5958=DIRECTION('',(0.,0.,1.));
#5959=DIRECTION('',(1.,0.,0.));
#5960=DIRECTION('',(0.,0.,-1.));
#5961=DIRECTION('',(0.,0.,-1.));
#5962=DIRECTION('',(-1.,0.,0.));
#5963=DIRECTION('',(0.,0.,1.));
#5964=DIRECTION('',(0.,0.,1.));
#5965=DIRECTION('',(1.,0.,0.));
#5966=DIRECTION('',(0.,0.,1.));
#5967=DIRECTION('',(1.,0.,0.));
#5968=DIRECTION('',(0.,0.,1.));
#5969=DIRECTION('',(0.,0.,-1.));
#5970=DIRECTION('',(-1.,0.,0.));
#5971=DIRECTION('',(0.,0.,1.));
#5972=DIRECTION('',(0.,0.,1.));
#5973=DIRECTION('',(1.,0.,0.));
#5974=DIRECTION('',(0.,0.,1.));
#5975=DIRECTION('',(1.,0.,0.));
#5976=DIRECTION('',(0.,0.,1.));
#5977=DIRECTION('',(0.,0.,-1.));
#5978=DIRECTION('',(-1.,0.,0.));
#5979=DIRECTION('',(0.,0.,1.));
#5980=DIRECTION('',(0.,0.,1.));
#5981=DIRECTION('',(1.,0.,0.));
#5982=DIRECTION('',(0.,0.,1.));
#5983=DIRECTION('',(1.,0.,0.));
#5984=DIRECTION('',(0.,0.,1.));
#5985=DIRECTION('',(0.,0.,-1.));
#5986=DIRECTION('',(-1.,0.,0.));
#5987=DIRECTION('',(0.,0.,-1.));
#5988=DIRECTION('',(0.,0.,1.));
#5989=DIRECTION('',(1.,0.,0.));
#5990=DIRECTION('',(0.,0.,1.));
#5991=DIRECTION('',(1.,0.,0.));
#5992=DIRECTION('',(0.,0.,-1.));
#5993=DIRECTION('',(0.,0.,-1.));
#5994=DIRECTION('',(-1.,0.,0.));
#5995=DIRECTION('',(0.,0.,1.));
#5996=DIRECTION('',(0.,0.,1.));
#5997=DIRECTION('',(1.,0.,0.));
#5998=DIRECTION('',(0.,0.,1.));
#5999=DIRECTION('',(1.,0.,0.));
#6000=DIRECTION('',(0.,0.,1.));
#6001=DIRECTION('',(0.,0.,-1.));
#6002=DIRECTION('',(-1.,0.,0.));
#6003=DIRECTION('',(0.,0.,1.));
#6004=DIRECTION('',(0.,0.,1.));
#6005=DIRECTION('',(1.,0.,0.));
#6006=DIRECTION('',(0.,0.,1.));
#6007=DIRECTION('',(1.,0.,0.));
#6008=DIRECTION('',(0.,0.,-1.));
#6009=DIRECTION('',(-1.,0.,0.));
#6010=DIRECTION('',(0.,0.,1.));
#6011=DIRECTION('',(0.,0.,1.));
#6012=DIRECTION('',(1.,0.,0.));
#6013=DIRECTION('',(0.,0.,1.));
#6014=DIRECTION('',(1.,0.,0.));
#6015=DIRECTION('',(0.,0.,1.));
#6016=DIRECTION('',(0.,0.,-1.));
#6017=DIRECTION('',(-1.,0.,0.));
#6018=DIRECTION('',(0.,0.,1.));
#6019=DIRECTION('',(0.,0.,1.));
#6020=DIRECTION('',(1.,0.,0.));
#6021=DIRECTION('',(0.,0.,1.));
#6022=DIRECTION('',(1.,0.,0.));
#6023=DIRECTION('',(0.,0.,1.));
#6024=DIRECTION('',(0.,0.,-1.));
#6025=DIRECTION('',(-1.,0.,0.));
#6026=DIRECTION('',(0.,0.,1.));
#6027=DIRECTION('',(0.,0.,1.));
#6028=DIRECTION('',(1.,0.,0.));
#6029=DIRECTION('',(0.,0.,1.));
#6030=DIRECTION('',(1.,0.,0.));
#6031=DIRECTION('',(0.,0.,-1.));
#6032=DIRECTION('',(-1.,0.,0.));
#6033=DIRECTION('',(0.,0.,1.));
#6034=DIRECTION('',(1.,0.,0.));
#6035=DIRECTION('',(0.,0.,1.));
#6036=DIRECTION('',(1.,0.,0.));
#6037=DIRECTION('',(0.,0.,-1.));
#6038=DIRECTION('',(-1.,0.,0.));
#6039=DIRECTION('',(0.,0.,1.));
#6040=DIRECTION('',(1.,0.,0.));
#6041=DIRECTION('',(0.,0.,1.));
#6042=DIRECTION('',(1.,0.,0.));
#6043=DIRECTION('',(0.,0.,-1.));
#6044=DIRECTION('',(-1.,0.,0.));
#6045=DIRECTION('',(0.,0.,1.));
#6046=DIRECTION('',(1.,0.,0.));
#6047=DIRECTION('',(0.,0.,1.));
#6048=DIRECTION('',(1.,0.,0.));
#6049=DIRECTION('',(0.,0.,-1.));
#6050=DIRECTION('',(-1.,0.,0.));
#6051=DIRECTION('',(0.,0.,1.));
#6052=DIRECTION('',(1.,0.,0.));
#6053=DIRECTION('',(0.,0.,1.));
#6054=DIRECTION('',(1.,0.,0.));
#6055=DIRECTION('',(0.,0.,-1.));
#6056=DIRECTION('',(-1.,0.,0.));
#6057=DIRECTION('',(0.,0.,1.));
#6058=DIRECTION('',(1.,0.,0.));
#6059=DIRECTION('',(0.,0.,1.));
#6060=DIRECTION('',(1.,0.,0.));
#6061=DIRECTION('',(0.,-1.,0.));
#6062=DIRECTION('',(0.,0.,1.));
#6063=DIRECTION('',(1.,0.,0.));
#6064=DIRECTION('',(1.,0.,0.));
#6065=DIRECTION('',(0.,0.,1.));
#6066=DIRECTION('',(1.,0.,0.));
#6067=DIRECTION('',(0.,1.,0.));
#6068=DIRECTION('',(0.,0.,1.));
#6069=DIRECTION('',(1.,0.,0.));
#6070=DIRECTION('',(-1.,0.,0.));
#6071=DIRECTION('',(0.,0.,1.));
#6072=DIRECTION('',(1.,0.,0.));
#6073=DIRECTION('',(0.,1.,0.));
#6074=DIRECTION('',(0.,0.,1.));
#6075=DIRECTION('',(0.,0.,1.));
#6076=DIRECTION('',(1.,0.,0.));
#6077=DIRECTION('',(0.,0.,1.));
#6078=DIRECTION('',(0.,-1.,0.));
#6079=DIRECTION('',(0.,0.,-1.));
#6080=DIRECTION('',(0.,0.,1.));
#6081=DIRECTION('',(-1.,0.,0.));
#6082=DIRECTION('',(0.,0.,1.));
#6083=DIRECTION('',(1.,0.,0.));
#6084=DIRECTION('',(0.,0.,-1.));
#6085=DIRECTION('',(0.,-1.,0.));
#6086=DIRECTION('',(0.,-1.,0.));
#6087=DIRECTION('',(0.,0.,-1.));
#6088=DIRECTION('',(-1.,0.,0.));
#6089=DIRECTION('',(-1.,-4.62592926927148E-15,0.));
#6090=DIRECTION('',(1.,2.31296463463574E-15,0.));
#6091=DIRECTION('',(1.,0.,0.));
#6092=DIRECTION('',(0.,0.,-1.));
#6093=DIRECTION('',(-1.,0.,0.));
#6094=DIRECTION('',(-1.,0.,0.));
#6095=DIRECTION('',(0.,0.,1.));
#6096=DIRECTION('',(0.,0.,1.));
#6097=DIRECTION('',(1.,0.,0.));
#6098=DIRECTION('',(0.,1.,0.));
#6099=DIRECTION('',(0.,0.,1.));
#6100=DIRECTION('',(1.,0.,0.));
#6101=DIRECTION('',(1.,0.,0.));
#6102=DIRECTION('',(0.,0.,1.));
#6103=DIRECTION('',(1.,0.,0.));
#6104=DIRECTION('',(0.,0.,1.));
#6105=DIRECTION('',(1.,0.,0.));
#6106=DIRECTION('',(-1.,0.,0.));
#6107=DIRECTION('',(0.,-1.,0.));
#6108=DIRECTION('',(-1.,0.,0.));
#6109=DIRECTION('',(1.,0.,0.));
#6110=DIRECTION('',(0.,0.,1.));
#6111=DIRECTION('',(1.,0.,0.));
#6112=DIRECTION('',(0.,0.,1.));
#6113=DIRECTION('',(1.,0.,0.));
#6114=DIRECTION('',(-1.,-1.73472347597681E-15,0.));
#6115=DIRECTION('',(0.,0.,1.));
#6116=DIRECTION('',(1.,0.,0.));
#6117=DIRECTION('',(0.,1.,0.));
#6118=DIRECTION('',(0.,0.,-1.));
#6119=DIRECTION('',(-1.73472347597681E-15,-1.,0.));
#6120=DIRECTION('',(0.,0.,-1.));
#6121=DIRECTION('',(-1.73472347597681E-15,-1.,0.));
#6122=DIRECTION('',(0.,0.,1.));
#6123=DIRECTION('',(1.,0.,0.));
#6124=DIRECTION('',(0.,-1.,3.94666712473679E-16));
#6125=DIRECTION('',(-1.,0.,0.));
#6126=DIRECTION('',(0.,0.,1.));
#6127=DIRECTION('',(-1.,0.,0.));
#6128=DIRECTION('',(0.,-1.,0.));
#6129=DIRECTION('',(-1.,0.,0.));
#6130=DIRECTION('',(0.,1.,0.));
#6131=DIRECTION('',(-1.,0.,0.));
#6132=DIRECTION('',(0.,1.,0.));
#6133=DIRECTION('',(-1.,0.,0.));
#6134=DIRECTION('',(0.,-1.,0.));
#6135=DIRECTION('',(0.,0.,1.));
#6136=DIRECTION('',(0.,1.,0.));
#6137=DIRECTION('',(0.,0.,1.));
#6138=DIRECTION('',(-1.,0.,0.));
#6139=DIRECTION('',(0.,1.,0.));
#6140=DIRECTION('',(-1.,0.,0.));
#6141=DIRECTION('',(0.,-1.,0.));
#6142=DIRECTION('',(-1.,0.,0.));
#6143=DIRECTION('',(0.,-1.,0.));
#6144=DIRECTION('',(-1.,0.,0.));
#6145=DIRECTION('',(0.,1.,0.));
#6146=DIRECTION('',(0.,1.,0.));
#6147=DIRECTION('',(0.,0.,1.));
#6148=DIRECTION('',(1.,0.,0.));
#6149=DIRECTION('',(1.,0.,0.));
#6150=DIRECTION('',(0.,1.,0.));
#6151=DIRECTION('',(0.,0.,1.));
#6152=DIRECTION('',(0.,0.,1.));
#6153=DIRECTION('',(1.,0.,0.));
#6154=DIRECTION('',(0.,-1.,0.));
#6155=DIRECTION('',(0.,0.,-1.));
#6156=DIRECTION('',(-1.,0.,0.));
#6157=DIRECTION('',(-1.,0.,0.));
#6158=DIRECTION('',(-1.,0.,0.));
#6159=DIRECTION('',(0.,0.,1.));
#6160=DIRECTION('',(0.,0.,1.));
#6161=DIRECTION('',(0.,1.,0.));
#6162=DIRECTION('',(0.,0.,1.));
#6163=DIRECTION('',(1.,0.,0.));
#6164=DIRECTION('',(0.,0.,-1.));
#6165=DIRECTION('',(0.,-1.,0.));
#6166=DIRECTION('',(0.,0.,1.));
#6167=DIRECTION('',(1.,0.,0.));
#6168=DIRECTION('',(0.,0.,1.));
#6169=DIRECTION('',(1.,0.,0.));
#6170=DIRECTION('',(0.,0.,1.));
#6171=DIRECTION('',(1.,0.,0.));
#6172=DIRECTION('',(0.,0.,1.));
#6173=DIRECTION('',(1.,0.,0.));
#6174=DIRECTION('',(0.,0.,-1.));
#6175=DIRECTION('',(0.,-1.,0.));
#6176=DIRECTION('',(0.,0.,-1.));
#6177=DIRECTION('',(0.,-1.,0.));
#6178=DIRECTION('',(0.,0.,-1.));
#6179=DIRECTION('',(0.,-1.,0.));
#6180=DIRECTION('',(0.,0.,-1.));
#6181=DIRECTION('',(0.,-1.,0.));
#6182=DIRECTION('',(0.,0.,-1.));
#6183=DIRECTION('',(0.,-1.,0.));
#6184=DIRECTION('',(0.,0.,-1.));
#6185=DIRECTION('',(-1.,0.,0.));
#6186=DIRECTION('',(-0.707106781186548,0.,0.707106781186547));
#6187=DIRECTION('',(0.498239168609976,-0.501754652059001,-0.707106781186541));
#6188=DIRECTION('',(0.,0.,1.));
#6189=DIRECTION('',(1.,0.,0.));
#6190=DIRECTION('',(-0.586394177569906,0.395147907133667,-0.707106781186545));
#6191=DIRECTION('',(-0.707106781186538,0.,-0.707106781186557));
#6192=DIRECTION('',(0.,1.,0.));
#6193=DIRECTION('',(-0.707106781186557,0.,0.707106781186538));
#6194=DIRECTION('',(0.,0.,-1.));
#6195=DIRECTION('',(-1.,0.,0.));
#6196=DIRECTION('',(0.,0.707106781186548,-0.707106781186547));
#6197=DIRECTION('',(0.,0.,-1.));
#6198=DIRECTION('',(-1.,0.,0.));
#6199=DIRECTION('',(-0.395147700996736,-0.586394316477407,0.70710678118654));
#6200=DIRECTION('',(0.,-0.707106371925391,-0.707107190447467));
#6201=DIRECTION('',(-1.,0.,0.));
#6202=DIRECTION('',(0.,0.,1.));
#6203=DIRECTION('',(1.,0.,0.));
#6204=DIRECTION('',(-0.395148577051711,0.586393726137999,0.707106781186549));
#6205=DIRECTION('',(0.,0.,-1.));
#6206=DIRECTION('',(-1.,0.,0.));
#6207=DIRECTION('',(-0.707106781186557,0.,0.707106781186537));
#6208=DIRECTION('',(-0.707106781186538,0.,-0.707106781186557));
#6209=DIRECTION('',(0.,1.,0.));
#6210=DIRECTION('',(-0.707106781186557,0.,0.707106781186538));
#6211=DIRECTION('',(0.,0.707106781186547,0.707106781186548));
#6212=DIRECTION('',(1.,0.,0.));
#6213=DIRECTION('',(0.,0.707106781186548,-0.707106781186547));
#6214=DIRECTION('',(0.,0.,-1.));
#6215=DIRECTION('',(-1.,0.,0.));
#6216=DIRECTION('',(-0.498239168609976,-0.501754652059001,0.707106781186541));
#6217=DIRECTION('',(0.,0.,1.));
#6218=DIRECTION('',(1.,0.,0.));
#6219=DIRECTION('',(-0.574335364670434,0.412478955692145,-0.707106781186546));
#6220=DIRECTION('',(0.,0.,1.));
#6221=DIRECTION('',(1.,0.,0.));
#6222=DIRECTION('',(0.586394177569911,0.395147907133651,0.707106781186551));
#6223=DIRECTION('',(0.,0.,-1.));
#6224=DIRECTION('',(-1.,0.,0.));
#6225=DIRECTION('',(0.,0.707106781186548,-0.707106781186547));
#6226=DIRECTION('',(0.,0.,-1.));
#6227=DIRECTION('',(-1.,0.,0.));
#6228=DIRECTION('',(0.,0.707106781186538,0.707106781186557));
#6229=DIRECTION('',(0.,-0.707106781186547,-0.707106781186548));
#6230=DIRECTION('',(-1.,0.,0.));
#6231=DIRECTION('',(0.,0.707106781186548,-0.707106781186547));
#6232=DIRECTION('',(0.,0.707106781186557,-0.707106781186538));
#6233=DIRECTION('',(1.,0.,0.));
#6234=DIRECTION('',(0.,0.707106781186538,0.707106781186557));
#6235=DIRECTION('',(0.,0.,-1.));
#6236=DIRECTION('',(-1.,0.,0.));
#6237=DIRECTION('',(0.612372047173334,0.353554063533764,-0.707106781186196));
#6238=DIRECTION('',(0.,0.,-1.));
#6239=DIRECTION('',(-1.,0.,0.));
#6240=DIRECTION('',(-0.574335364670414,0.412478955692152,0.707106781186558));
#6241=DIRECTION('',(0.,0.,1.));
#6242=DIRECTION('',(1.,0.,0.));
#6243=DIRECTION('',(-0.612372555249705,0.353553183520578,-0.707106781186131));
#6244=DIRECTION('',(0.,0.,1.));
#6245=DIRECTION('',(1.,0.,0.));
#6246=DIRECTION('',(0.,0.707106781186548,0.707106781186547));
#6247=DIRECTION('',(0.,0.,-1.));
#6248=DIRECTION('',(-1.,0.,0.));
#6249=DIRECTION('',(0.,0.707106781186548,-0.707106781186547));
#6250=DIRECTION('',(0.,-0.707106781186538,0.707106781186557));
#6251=DIRECTION('',(-1.,0.,0.));
#6252=DIRECTION('',(0.,0.707106781186557,0.707106781186538));
#6253=DIRECTION('',(0.,-0.707106781186547,-0.707106781186548));
#6254=DIRECTION('',(-1.,0.,0.));
#6255=DIRECTION('',(0.,0.707106781186548,-0.707106781186547));
#6256=DIRECTION('',(0.,0.,1.));
#6257=DIRECTION('',(1.,0.,0.));
#6258=DIRECTION('',(0.574335364670426,0.412478955692163,0.707106781186542));
#6259=DIRECTION('',(0.,0.,-1.));
#6260=DIRECTION('',(-1.,0.,0.));
#6261=DIRECTION('',(0.574335364670427,0.412478955692147,-0.707106781186549));
#6262=DIRECTION('',(0.,0.,-1.));
#6263=DIRECTION('',(-1.,0.,0.));
#6264=DIRECTION('',(0.,0.707106781186548,0.707106781186547));
#6265=DIRECTION('',(0.,0.,1.));
#6266=DIRECTION('',(1.,0.,0.));
#6267=DIRECTION('',(0.,0.707106781186538,-0.707106781186557));
#6268=DIRECTION('',(0.,0.707106781186557,-0.707106781186538));
#6269=DIRECTION('',(1.,0.,0.));
#6270=DIRECTION('',(0.,0.707106781186538,0.707106781186557));
#6271=DIRECTION('',(0.,0.707106781186547,0.707106781186548));
#6272=DIRECTION('',(1.,0.,0.));
#6273=DIRECTION('',(0.,0.707106781186548,-0.707106781186547));
#6274=DIRECTION('',(0.,0.,-1.));
#6275=DIRECTION('',(-1.,0.,0.));
#6276=DIRECTION('',(-0.61237230134927,0.353553623288163,0.707106781186555));
#6277=DIRECTION('',(0.,0.,1.));
#6278=DIRECTION('',(1.,0.,0.));
#6279=DIRECTION('',(-0.574335364670434,0.412478955692145,-0.707106781186546));
#6280=DIRECTION('',(0.,0.,1.));
#6281=DIRECTION('',(1.,0.,0.));
#6282=DIRECTION('',(0.612372872346417,0.353552634291138,0.707106781186544));
#6283=DIRECTION('',(0.,0.,-1.));
#6284=DIRECTION('',(-1.,0.,0.));
#6285=DIRECTION('',(0.,0.,-1.));
#6286=DIRECTION('',(-1.,0.,0.));
#6287=DIRECTION('',(0.,0.707106781186538,0.707106781186557));
#6288=DIRECTION('',(0.,0.707106781186557,-0.707106781186538));
#6289=DIRECTION('',(1.,0.,0.));
#6290=DIRECTION('',(0.,0.707106781186538,0.707106781186557));
#6291=DIRECTION('',(0.,0.,-1.));
#6292=DIRECTION('',(-1.,0.,0.));
#6293=DIRECTION('',(-0.574335364670421,0.41247895569215,0.707106781186553));
#6294=DIRECTION('',(0.,0.,1.));
#6295=DIRECTION('',(1.,0.,0.));
#6296=DIRECTION('',(0.,0.707106781186548,0.707106781186547));
#6297=DIRECTION('',(0.,-0.707106781186538,0.707106781186557));
#6298=DIRECTION('',(-1.,0.,0.));
#6299=DIRECTION('',(0.,0.707106781186557,0.707106781186538));
#6300=DIRECTION('',(0.,0.,1.));
#6301=DIRECTION('',(1.,0.,0.));
#6302=DIRECTION('',(0.574335364670429,0.412478955692161,0.70710678118654));
#6303=DIRECTION('',(0.,0.,-1.));
#6304=DIRECTION('',(-1.,0.,0.));
#6305=DIRECTION('',(0.,-0.707106781186538,-0.707106781186557));
#6306=DIRECTION('',(1.,0.,0.));
#6307=DIRECTION('',(0.,0.,-1.));
#6308=DIRECTION('',(1.,0.,0.));
#6309=DIRECTION('',(0.,0.,-1.));
#6310=DIRECTION('',(1.,0.,0.));
#6311=DIRECTION('',(0.,0.,-1.));
#6312=DIRECTION('',(1.,0.,0.));
#6313=DIRECTION('',(0.,0.,-1.));
#6314=DIRECTION('',(0.,0.,-1.));
#6315=DIRECTION('',(-1.,0.,0.));
#6316=DIRECTION('',(0.,0.,1.));
#6317=DIRECTION('',(1.,0.,0.));
#6318=DIRECTION('',(0.,0.,-1.));
#6319=DIRECTION('',(-1.,0.,0.));
#6320=DIRECTION('',(0.,0.,1.));
#6321=DIRECTION('',(1.,0.,0.));
#6322=DIRECTION('',(0.,0.,-1.));
#6323=DIRECTION('',(-1.,0.,0.));
#6324=DIRECTION('',(0.,0.,1.));
#6325=DIRECTION('',(1.,0.,0.));
#6326=DIRECTION('',(0.,0.,-1.));
#6327=DIRECTION('',(-1.,0.,0.));
#6328=DIRECTION('',(0.,0.,1.));
#6329=DIRECTION('',(1.,0.,0.));
#6330=DIRECTION('',(0.,0.,1.));
#6331=DIRECTION('',(1.,0.,0.));
#6332=DIRECTION('',(-1.,6.93889390390727E-15,0.));
#6333=DIRECTION('',(1.,0.,0.));
#6334=DIRECTION('',(1.26460131669039E-15,1.,-1.55432633005434E-16));
#6335=DIRECTION('',(-1.,1.26460131669039E-15,0.));
#6336=DIRECTION('',(-1.,1.26460131669039E-15,5.15745938608198E-32));
#6337=DIRECTION('',(-2.14977311912687E-32,1.55432633005434E-16,1.));
#6338=DIRECTION('',(0.,-1.55432633005434E-16,-1.));
#6339=DIRECTION('',(-1.,-1.2317746409106E-16,-2.35193362066288E-33));
#6340=DIRECTION('',(1.2317746409106E-16,-1.,0.));
#6341=DIRECTION('',(1.2317746409106E-16,-1.,1.78935317468667E-47));
#6342=DIRECTION('',(-2.14977311912687E-32,1.55432633005434E-16,1.));
#6343=DIRECTION('',(-2.14977311912687E-32,1.55432633005434E-16,1.));
#6344=DIRECTION('',(1.33748389727483E-15,-1.,1.55432633005434E-16));
#6345=DIRECTION('',(1.,1.33748389727483E-15,0.));
#6346=DIRECTION('',(-2.14977311912687E-32,1.55432633005434E-16,1.));
#6347=DIRECTION('',(1.,1.33748389727483E-15,-5.15745938608198E-32));
#6348=DIRECTION('',(0.,-1.55432633005434E-16,-1.));
#6349=DIRECTION('',(5.15745938608198E-32,2.42463594301688E-47,1.));
#6350=DIRECTION('',(1.,0.,-5.15745938608198E-32));
#6351=DIRECTION('',(5.15745938608198E-32,2.42463594301688E-47,1.));
#6352=DIRECTION('',(1.,0.,-5.15745938608198E-32));
#6353=DIRECTION('',(5.15745938608198E-32,2.42463594301688E-47,1.));
#6354=DIRECTION('',(1.,0.,-5.15745938608198E-32));
#6355=DIRECTION('',(5.15745938608198E-32,2.42463594301688E-47,1.));
#6356=DIRECTION('',(1.,0.,-5.15745938608198E-32));
#6357=DIRECTION('',(5.15745938608198E-32,2.42463594301688E-47,1.));
#6358=DIRECTION('',(1.,0.,-5.15745938608198E-32));
#6359=DIRECTION('',(0.,-1.55432633005434E-16,-1.));
#6360=DIRECTION('',(0.,1.,-1.55432633005434E-16));
#6361=DIRECTION('',(0.,-1.55432633005434E-16,-1.));
#6362=DIRECTION('',(0.,1.,-1.55432633005434E-16));
#6363=DIRECTION('',(-2.14977311912687E-32,1.55432633005434E-16,1.));
#6364=DIRECTION('',(0.,-1.,1.55432633005434E-16));
#6365=DIRECTION('',(-2.14977311912687E-32,1.55432633005434E-16,1.));
#6366=DIRECTION('',(0.,-1.,1.55432633005434E-16));
#6367=DIRECTION('',(-4.70122159286421E-16,1.,-1.55432633005434E-16));
#6368=DIRECTION('',(-1.,-4.70122159286421E-16,0.));
#6369=DIRECTION('',(-1.,-4.70122159286421E-16,5.15745938608198E-32));
#6370=DIRECTION('',(-2.14977311912687E-32,1.55432633005434E-16,1.));
#6371=DIRECTION('',(0.,-1.55432633005434E-16,-1.));
#6372=DIRECTION('',(-1.,-1.2317746409106E-16,-2.35193362066296E-33));
#6373=DIRECTION('',(1.2317746409106E-16,-1.,0.));
#6374=DIRECTION('',(1.2317746409106E-16,-1.,1.78935317468667E-47));
#6375=DIRECTION('',(-2.14977311912687E-32,1.55432633005434E-16,1.));
#6376=DIRECTION('',(-2.14977311912687E-32,1.55432633005434E-16,1.));
#6377=DIRECTION('',(1.16401154967714E-15,-1.,1.55432633005434E-16));
#6378=DIRECTION('',(1.,1.16401154967714E-15,0.));
#6379=DIRECTION('',(-2.14977311912687E-32,1.55432633005434E-16,1.));
#6380=DIRECTION('',(1.,1.16401154967714E-15,-5.15745938608198E-32));
#6381=DIRECTION('',(0.,-1.55432633005434E-16,-1.));
#6382=DIRECTION('',(5.15745938608198E-32,2.42463594301688E-47,1.));
#6383=DIRECTION('',(1.,0.,-5.15745938608198E-32));
#6384=DIRECTION('',(5.15745938608198E-32,2.42463594301688E-47,1.));
#6385=DIRECTION('',(1.,0.,-5.15745938608198E-32));
#6386=DIRECTION('',(5.15745938608198E-32,2.42463594301688E-47,1.));
#6387=DIRECTION('',(1.,0.,-5.15745938608198E-32));
#6388=DIRECTION('',(5.15745938608198E-32,2.42463594301688E-47,1.));
#6389=DIRECTION('',(1.,0.,-5.15745938608198E-32));
#6390=DIRECTION('',(5.15745938608198E-32,2.42463594301688E-47,1.));
#6391=DIRECTION('',(1.,0.,-5.15745938608198E-32));
#6392=DIRECTION('',(0.,-1.55432633005434E-16,-1.));
#6393=DIRECTION('',(0.,1.,-1.55432633005434E-16));
#6394=DIRECTION('',(0.,-1.55432633005434E-16,-1.));
#6395=DIRECTION('',(0.,1.,-1.55432633005434E-16));
#6396=DIRECTION('',(-2.14977311912687E-32,1.55432633005434E-16,1.));
#6397=DIRECTION('',(0.,-1.,1.55432633005434E-16));
#6398=DIRECTION('',(-2.14977311912687E-32,1.55432633005434E-16,1.));
#6399=DIRECTION('',(0.,-1.,1.55432633005434E-16));
#6400=DIRECTION('',(0.,1.,0.));
#6401=DIRECTION('',(0.,0.,1.));
#6402=DIRECTION('',(0.,0.,1.));
#6403=DIRECTION('',(1.,0.,0.));
#6404=DIRECTION('',(0.,0.,-1.));
#6405=DIRECTION('',(0.,0.,1.));
#6406=DIRECTION('',(1.,0.,0.));
#6407=DIRECTION('',(0.,0.,-1.));
#6408=DIRECTION('',(-1.73472347597681E-15,-1.,0.));
#6409=DIRECTION('',(0.,0.,-1.));
#6410=DIRECTION('',(-1.,0.,0.));
#6411=DIRECTION('',(0.,0.,1.));
#6412=DIRECTION('',(1.,0.,0.));
#6413=DIRECTION('',(0.,0.,1.));
#6414=DIRECTION('',(0.,0.,-1.));
#6415=DIRECTION('',(-1.,0.,0.));
#6416=DIRECTION('',(0.,0.,-1.));
#6417=DIRECTION('',(-1.,0.,0.));
#6418=DIRECTION('',(0.,0.,1.));
#6419=DIRECTION('',(1.,0.,0.));
#6420=DIRECTION('',(0.,0.,1.));
#6421=DIRECTION('',(1.,0.,0.));
#6422=DIRECTION('',(0.,0.,1.));
#6423=DIRECTION('',(1.,0.,0.));
#6424=DIRECTION('',(0.707106781186547,0.,-0.707106781186548));
#6425=DIRECTION('',(-0.707106781186548,0.,-0.707106781186547));
#6426=DIRECTION('',(-0.707106781186548,0.,-0.707106781186547));
#6427=DIRECTION('',(-0.707106781186548,0.,-0.707106781186547));
#6428=DIRECTION('',(0.,0.,1.));
#6429=DIRECTION('',(1.,0.,0.));
#6430=DIRECTION('',(0.,-0.707106781186548,-0.707106781186547));
#6431=DIRECTION('',(0.,-0.707106781186557,0.707106781186538));
#6432=DIRECTION('',(0.,-0.707106781186538,-0.707106781186557));
#6433=DIRECTION('',(0.,-0.707106781186548,-0.707106781186547));
#6434=DIRECTION('',(0.,0.,1.));
#6435=DIRECTION('',(1.,0.,0.));
#6436=DIRECTION('',(0.666666666666666,-0.23570226039551,-0.70710678118655));
#6437=DIRECTION('',(0.,0.,-1.));
#6438=DIRECTION('',(-1.,0.,0.));
#6439=DIRECTION('',(0.,-0.707106781186548,-0.707106781186547));
#6440=DIRECTION('',(0.,0.707106781186557,-0.707106781186538));
#6441=DIRECTION('',(0.,0.707106781186538,0.707106781186557));
#6442=DIRECTION('',(-1.73472347597681E-15,1.,0.));
#6443=DIRECTION('',(-1.,-1.73472347597681E-15,0.));
#6444=DIRECTION('',(0.,0.,-1.));
#6445=DIRECTION('',(1.,1.73472347597681E-15,0.));
#6446=DIRECTION('',(0.,0.,1.));
#6447=DIRECTION('',(0.,0.,1.));
#6448=DIRECTION('',(1.,0.,0.));
#6449=DIRECTION('',(0.,0.,-1.));
#6450=DIRECTION('',(-1.73472347597681E-15,-1.,0.));
#6451=DIRECTION('',(0.,0.,-1.));
#6452=DIRECTION('',(-1.,0.,0.));
#6453=DIRECTION('',(0.,0.,-1.));
#6454=DIRECTION('',(-1.,0.,0.));
#6455=DIRECTION('',(0.,0.,-1.));
#6456=DIRECTION('',(-1.,0.,0.));
#6457=DIRECTION('',(0.,0.,-1.));
#6458=DIRECTION('',(0.,0.,1.));
#6459=DIRECTION('',(1.,0.,0.));
#6460=DIRECTION('',(0.,0.,-1.));
#6461=DIRECTION('',(-1.,0.,0.));
#6462=DIRECTION('',(0.,0.,-1.));
#6463=DIRECTION('',(-1.,0.,0.));
#6464=DIRECTION('',(0.,0.,-1.));
#6465=DIRECTION('',(-1.,0.,0.));
#6466=DIRECTION('',(0.,0.,1.));
#6467=DIRECTION('',(1.,0.,0.));
#6468=DIRECTION('',(-0.707106781186557,0.,-0.707106781186538));
#6469=DIRECTION('',(0.,0.70710678118656,0.707106781186535));
#6470=DIRECTION('',(0.,0.707106781186535,-0.70710678118656));
#6471=DIRECTION('',(-1.,0.,0.));
#6472=DIRECTION('',(0.,0.70710678118656,0.707106781186535));
#6473=DIRECTION('',(0.707106781186538,0.,-0.707106781186557));
#6474=DIRECTION('',(-0.707106781186557,0.,-0.707106781186538));
#6475=DIRECTION('',(-0.707106781186557,0.,-0.707106781186538));
#6476=DIRECTION('',(0.,0.,1.));
#6477=DIRECTION('',(1.,0.,0.));
#6478=DIRECTION('',(-0.707106781186557,0.,0.707106781186538));
#6479=DIRECTION('',(0.,0.,1.));
#6480=DIRECTION('',(1.,0.,0.));
#6481=DIRECTION('',(0.,-0.70710678118656,0.707106781186535));
#6482=DIRECTION('',(-0.707106781186538,0.,-0.707106781186557));
#6483=DIRECTION('',(-0.707106781186557,0.,0.707106781186538));
#6484=DIRECTION('',(-0.707106781186557,0.,0.707106781186538));
#6485=DIRECTION('',(0.,-0.707106781186535,-0.70710678118656));
#6486=DIRECTION('',(1.,0.,0.));
#6487=DIRECTION('',(0.,-0.70710678118656,0.707106781186535));
#6488=DIRECTION('',(0.,0.,1.));
#6489=DIRECTION('',(1.,0.,0.));
#6490=DIRECTION('',(0.,0.,-1.));
#6491=DIRECTION('',(-1.,0.,0.));
#6492=DIRECTION('',(0.666666666666666,0.23570226039551,-0.70710678118655));
#6493=DIRECTION('',(0.,0.,1.));
#6494=DIRECTION('',(1.,0.,0.));
#6495=DIRECTION('',(0.,0.707106781186548,-0.707106781186547));
#6496=DIRECTION('',(1.2266347333467E-15,-0.707106781186551,-0.707106781186544));
#6497=DIRECTION('',(1.,1.73472347597681E-15,0.));
#6498=DIRECTION('',(0.,0.707106781186538,-0.707106781186557));
#6499=DIRECTION('',(0.,0.,1.));
#6500=DIRECTION('',(1.,0.,0.));
#6501=DIRECTION('',(1.,0.,0.));
#6502=DIRECTION('',(0.,0.,-1.));
#6503=DIRECTION('',(1.,0.,0.));
#6504=DIRECTION('',(0.,0.,-1.));
#6505=DIRECTION('',(1.,0.,0.));
#6506=DIRECTION('',(0.,0.,-1.));
#6507=DIRECTION('',(1.,0.,0.));
#6508=DIRECTION('',(0.,0.,-1.));
#6509=DIRECTION('',(-1.,0.,0.));
#6510=DIRECTION('',(0.,0.,1.));
#6511=DIRECTION('',(-1.,0.,0.));
#6512=DIRECTION('',(-1.,0.,0.));
#6513=DIRECTION('',(0.,0.,1.));
#6514=DIRECTION('',(-1.,0.,0.));
#6515=DIRECTION('',(0.,0.,1.));
#6516=DIRECTION('',(-1.,0.,0.));
#6517=DIRECTION('',(-1.,0.,0.));
#6518=DIRECTION('',(0.,0.,1.));
#6519=DIRECTION('',(0.,0.,1.));
#6520=DIRECTION('',(1.,0.,0.));
#6521=DIRECTION('',(0.,-1.1393993464038E-16,-1.));
#6522=DIRECTION('',(0.,1.,-1.1393993464038E-16));
#6523=DIRECTION('',(-5.15745938608198E-32,-2.42463594301688E-47,-1.));
#6524=DIRECTION('',(-1.,0.,5.15745938608198E-32));
#6525=DIRECTION('',(-5.15745938608198E-32,-2.42463594301688E-47,-1.));
#6526=DIRECTION('',(4.70122159286421E-16,-1.,0.));
#6527=DIRECTION('',(-2.14977311912687E-32,1.55432633005434E-16,1.));
#6528=DIRECTION('',(0.,-1.,1.55432633005434E-16));
#6529=DIRECTION('',(-5.15745938608198E-32,-2.42463594301688E-47,-1.));
#6530=DIRECTION('',(4.70122159286421E-16,-1.,0.));
#6531=DIRECTION('',(0.,1.1393993464038E-16,1.));
#6532=DIRECTION('',(0.,-1.,1.1393993464038E-16));
#6533=DIRECTION('',(0.,0.,1.));
#6534=DIRECTION('',(1.,0.,0.));
#6535=DIRECTION('',(0.,-1.1393993464038E-16,-1.));
#6536=DIRECTION('',(0.,1.,-1.1393993464038E-16));
#6537=DIRECTION('',(-5.15745938608198E-32,-2.42463594301688E-47,-1.));
#6538=DIRECTION('',(-1.,0.,5.15745938608198E-32));
#6539=DIRECTION('',(-5.15745938608198E-32,-2.42463594301688E-47,-1.));
#6540=DIRECTION('',(-4.70122159286421E-16,1.,0.));
#6541=DIRECTION('',(-2.14977311912687E-32,1.55432633005434E-16,1.));
#6542=DIRECTION('',(0.,-1.,1.55432633005434E-16));
#6543=DIRECTION('',(-5.15745938608198E-32,-2.42463594301688E-47,-1.));
#6544=DIRECTION('',(-4.70122159286421E-16,1.,0.));
#6545=DIRECTION('',(0.,1.1393993464038E-16,1.));
#6546=DIRECTION('',(0.,-1.,1.1393993464038E-16));
#6547=CARTESIAN_POINT('',(0.,0.,0.));
#6548=CARTESIAN_POINT('',(83.,-30.4497888550091,49.5));
#6549=CARTESIAN_POINT('',(76.5,59.1993972409566,49.5));
#6550=CARTESIAN_POINT('',(76.5,54.4493972409566,49.5));
#6551=CARTESIAN_POINT('',(70.3,-49.9237103902045,49.5));
#6552=CARTESIAN_POINT('',(70.3,-52.9237103902045,49.5));
#6553=CARTESIAN_POINT('',(70.3,-56.9237103902045,49.5));
#6554=CARTESIAN_POINT('',(74.3,-56.9237103902045,49.5));
#6555=CARTESIAN_POINT('',(74.3,-60.9237103902045,49.5));
#6556=CARTESIAN_POINT('',(71.5,-60.9237103902045,49.5));
#6557=CARTESIAN_POINT('',(80.5,-60.9237103902045,49.5));
#6558=CARTESIAN_POINT('',(80.5,-61.9237103902045,49.5));
#6559=CARTESIAN_POINT('',(81.5,-61.9237103902045,49.5));
#6560=CARTESIAN_POINT('',(81.5,-30.4497888550091,49.5));
#6561=CARTESIAN_POINT('',(81.5,-66.9636784413023,49.5));
#6562=CARTESIAN_POINT('',(83.,-66.9636784413023,49.5));
#6563=CARTESIAN_POINT('',(83.,-66.9636784413023,49.5));
#6564=CARTESIAN_POINT('',(83.,-30.4497888550091,49.5));
#6565=CARTESIAN_POINT('',(83.,66.9636784413023,49.5));
#6566=CARTESIAN_POINT('',(83.,66.9636784413023,49.5));
#6567=CARTESIAN_POINT('',(81.5,66.9636784413023,49.5));
#6568=CARTESIAN_POINT('',(81.5,-30.4497888550091,49.5));
#6569=CARTESIAN_POINT('',(81.5,66.1993972409566,49.5));
#6570=CARTESIAN_POINT('',(80.5,66.1993972409566,49.5));
#6571=CARTESIAN_POINT('',(80.5,65.1993972409566,49.5));
#6572=CARTESIAN_POINT('',(81.5,65.1993972409566,49.5));
#6573=CARTESIAN_POINT('',(74.3,65.1993972409566,49.5));
#6574=CARTESIAN_POINT('',(74.3,61.1993972409566,49.5));
#6575=CARTESIAN_POINT('',(70.3,61.1993972409566,49.5));
#6576=CARTESIAN_POINT('',(70.3,64.1993972409566,49.5));
#6577=CARTESIAN_POINT('',(70.3,57.1993972409566,49.5));
#6578=CARTESIAN_POINT('',(74.3,57.1993972409566,49.5));
#6579=CARTESIAN_POINT('',(74.3,53.1993972409566,49.5));
#6580=CARTESIAN_POINT('',(73.5,53.1993972409566,49.5));
#6581=CARTESIAN_POINT('',(80.5,53.1993972409566,49.5));
#6582=CARTESIAN_POINT('',(80.5,52.1993972409566,49.5));
#6583=CARTESIAN_POINT('',(81.5,52.1993972409566,49.5));
#6584=CARTESIAN_POINT('',(81.5,-30.4497888550091,49.5));
#6585=CARTESIAN_POINT('',(81.5,-47.9237103902045,49.5));
#6586=CARTESIAN_POINT('',(80.5,-47.9237103902045,49.5));
#6587=CARTESIAN_POINT('',(80.5,-48.9237103902045,49.5));
#6588=CARTESIAN_POINT('',(81.5,-48.9237103902045,49.5));
#6589=CARTESIAN_POINT('',(74.3,-48.9237103902045,49.5));
#6590=CARTESIAN_POINT('',(74.3,-52.9237103902045,49.5));
#6591=CARTESIAN_POINT('',(76.5,-54.9237103902045,49.5));
#6592=CARTESIAN_POINT('',(76.5,-59.6737103902045,49.5));
#6593=CARTESIAN_POINT('',(81.5,-93.,2.));
#6594=CARTESIAN_POINT('',(81.5,92.7,2.));
#6595=CARTESIAN_POINT('',(81.5,92.7,23.5034769204692));
#6596=CARTESIAN_POINT('',(81.5,92.7,2.2));
#6597=CARTESIAN_POINT('',(81.5,0.,2.2));
#6598=CARTESIAN_POINT('',(81.5,-92.7,2.2));
#6599=CARTESIAN_POINT('',(81.5,-92.7,20.));
#6600=CARTESIAN_POINT('',(81.5,-92.7,23.5034769204692));
#6601=CARTESIAN_POINT('',(81.5,-92.9636784413023,33.5));
#6602=CARTESIAN_POINT('',(81.5,-82.9636784413023,33.50000285173));
#6603=CARTESIAN_POINT('',(81.5,-66.9636784413023,33.5));
#6604=CARTESIAN_POINT('',(81.5,-61.9237103902045,1.99999999999999));
#6605=CARTESIAN_POINT('',(81.5,-61.9237103902045,34.5));
#6606=CARTESIAN_POINT('',(81.5,-59.9237103902045,34.5));
#6607=CARTESIAN_POINT('',(81.5,-47.9237103902045,34.5));
#6608=CARTESIAN_POINT('',(81.5,-47.9237103902045,1.99999999999999));
#6609=CARTESIAN_POINT('',(81.5,52.1993972409566,1.99999999999998));
#6610=CARTESIAN_POINT('',(81.5,52.1993972409566,34.5));
#6611=CARTESIAN_POINT('',(81.5,54.1993972409566,34.5));
#6612=CARTESIAN_POINT('',(81.5,66.1993972409566,34.5));
#6613=CARTESIAN_POINT('',(81.5,66.1993972409566,1.99999999999997));
#6614=CARTESIAN_POINT('',(81.5,66.9636784413023,33.5));
#6615=CARTESIAN_POINT('',(81.5,82.9636784413023,33.50000285173));
#6616=CARTESIAN_POINT('',(81.5,92.9636784413023,33.5));
#6617=CARTESIAN_POINT('',(81.5,49.1993972409566,34.04));
#6618=CARTESIAN_POINT('',(81.5,49.1993972409566,32.44));
#6619=CARTESIAN_POINT('',(81.5,69.1993972409566,34.04));
#6620=CARTESIAN_POINT('',(81.5,69.1993972409566,32.44));
#6621=CARTESIAN_POINT('',(81.5,69.1993972409566,14.5));
#6622=CARTESIAN_POINT('',(81.5,69.1993972409566,12.9));
#6623=CARTESIAN_POINT('',(81.5,49.1993972409566,14.5));
#6624=CARTESIAN_POINT('',(81.5,49.1993972409566,12.9));
#6625=CARTESIAN_POINT('',(81.5,59.1993972409566,24.5));
#6626=CARTESIAN_POINT('',(81.5,59.1993972409566,16.));
#6627=CARTESIAN_POINT('',(81.5,-54.9237103902045,23.54));
#6628=CARTESIAN_POINT('',(81.5,-54.9237103902045,14.44));
#6629=CARTESIAN_POINT('',(81.5,-30.699839650619,2.50000000000002));
#6630=CARTESIAN_POINT('',(81.5,-30.699839650619,26.675864599856));
#6631=CARTESIAN_POINT('',(81.5,-30.699839650619,15.475926103726));
#6632=CARTESIAN_POINT('',(81.5,-23.499870951696,15.475926103726));
#6633=CARTESIAN_POINT('',(81.5,-23.499870951696,8.27595740480301));
#6634=CARTESIAN_POINT('',(81.5,-93.,8.275957404803));
#6635=CARTESIAN_POINT('',(81.5,23.499870951702,8.27595740480302));
#6636=CARTESIAN_POINT('',(81.5,23.4998709517019,15.475926103726));
#6637=CARTESIAN_POINT('',(81.5,30.6998396506249,15.475926103726));
#6638=CARTESIAN_POINT('',(81.5,30.6998396506249,2.50000000000004));
#6639=CARTESIAN_POINT('',(81.5,30.6998396506249,26.675864599856));
#6640=CARTESIAN_POINT('',(81.5,23.4998709517019,26.675864599856));
#6641=CARTESIAN_POINT('',(81.5,23.4998709517019,33.875833298779));
#6642=CARTESIAN_POINT('',(81.5,-93.,33.875833298779));
#6643=CARTESIAN_POINT('',(81.5,-23.499870951696,33.875833298779));
#6644=CARTESIAN_POINT('',(81.5,-23.499870951696,26.675864599856));
#6645=CARTESIAN_POINT('',(81.5,-31.699825922079,31.875836044487));
#6646=CARTESIAN_POINT('',(81.5,-31.699825922079,30.225836044487));
#6647=CARTESIAN_POINT('',(81.5,31.6998259220829,31.875836044487));
#6648=CARTESIAN_POINT('',(81.5,31.6998259220829,30.225836044487));
#6649=CARTESIAN_POINT('',(81.5,-33.199817684949,13.775935439135));
#6650=CARTESIAN_POINT('',(81.5,-33.199817684949,12.125935439135));
#6651=CARTESIAN_POINT('',(81.5,33.1998176849569,13.775935439135));
#6652=CARTESIAN_POINT('',(81.5,33.1998176849569,12.125935439135));
#6653=CARTESIAN_POINT('',(81.5,-44.4237103902045,13.04));
#6654=CARTESIAN_POINT('',(81.5,-44.4237103902045,10.94));
#6655=CARTESIAN_POINT('',(81.5,-65.4237103902045,13.04));
#6656=CARTESIAN_POINT('',(81.5,-65.4237103902045,10.94));
#6657=CARTESIAN_POINT('',(81.5,-65.4237103902045,34.04));
#6658=CARTESIAN_POINT('',(81.5,-65.4237103902045,31.94));
#6659=CARTESIAN_POINT('',(81.5,-44.4237103902045,34.04));
#6660=CARTESIAN_POINT('',(81.5,-44.4237103902045,31.94));
#6661=CARTESIAN_POINT('',(-92.0852300527015,-25.9543360169729,16.04));
#6662=CARTESIAN_POINT('',(-85.,-25.9543360169729,16.04));
#6663=CARTESIAN_POINT('',(-85.,-25.9543360169729,13.04));
#6664=CARTESIAN_POINT('',(-80.6999999999999,-25.9543360169729,16.04));
#6665=CARTESIAN_POINT('',(-80.6999999999999,-25.9543360169729,19.04));
#6666=CARTESIAN_POINT('',(-92.0852300527015,-39.6782067565583,16.04));
#6667=CARTESIAN_POINT('',(-85.,-39.6782067565583,16.04));
#6668=CARTESIAN_POINT('',(-85.,-39.6782067565583,13.04));
#6669=CARTESIAN_POINT('',(-80.6999999999999,-39.6782067565583,16.04));
#6670=CARTESIAN_POINT('',(-80.6999999999999,-39.6782067565583,19.04));
#6671=CARTESIAN_POINT('',(83.,98.,26.));
#6672=CARTESIAN_POINT('',(70.,98.,26.));
#6673=CARTESIAN_POINT('',(70.,98.,23.5));
#6674=CARTESIAN_POINT('',(70.,98.,0.25));
#6675=CARTESIAN_POINT('',(83.,98.,0.25));
#6676=CARTESIAN_POINT('',(64.9051997689888,98.,0.250000000000001));
#6677=CARTESIAN_POINT('',(64.9051997689888,98.,26.));
#6678=CARTESIAN_POINT('',(64.9051997689888,98.,9.));
#6679=CARTESIAN_POINT('',(59.9051997689888,98.,10.));
#6680=CARTESIAN_POINT('',(60.7614955331292,98.,10.));
#6681=CARTESIAN_POINT('',(62.4458637210385,98.,9.70840909887809));
#6682=CARTESIAN_POINT('',(64.0876072137272,98.,9.2360174668347));
#6683=CARTESIAN_POINT('',(64.9051997689888,98.,9.));
#6684=CARTESIAN_POINT('',(59.9051997689888,98.,10.));
#6685=CARTESIAN_POINT('',(33.0730402027895,98.,10.));
#6686=CARTESIAN_POINT('',(26.2408806365903,98.,10.));
#6687=CARTESIAN_POINT('',(26.2408806365903,98.,10.));
#6688=CARTESIAN_POINT('',(25.3845848724498,98.,10.));
#6689=CARTESIAN_POINT('',(23.7002166845405,98.,9.70840909887843));
#6690=CARTESIAN_POINT('',(22.0584731918521,98.,9.23601746683402));
#6691=CARTESIAN_POINT('',(21.2408806365903,98.,9.));
#6692=CARTESIAN_POINT('',(21.2408806365903,98.,9.));
#6693=CARTESIAN_POINT('',(21.2408806365903,98.,26.));
#6694=CARTESIAN_POINT('',(21.2408806365903,98.,0.25));
#6695=CARTESIAN_POINT('',(15.2224318643355,98.,0.25));
#6696=CARTESIAN_POINT('',(15.2224318643355,98.,0.25));
#6697=CARTESIAN_POINT('',(15.2224318643355,98.,3.46944695195361E-15));
#6698=CARTESIAN_POINT('',(15.2224318643355,98.,23.5));
#6699=CARTESIAN_POINT('',(0.,98.,23.5));
#6700=CARTESIAN_POINT('',(85.,-30.4497888550091,49.5));
#6701=CARTESIAN_POINT('',(86.,-98.,49.5));
#6702=CARTESIAN_POINT('',(86.,66.9636784413023,49.5));
#6703=CARTESIAN_POINT('',(86.,-66.9636784413023,49.5));
#6704=CARTESIAN_POINT('',(85.,66.9636784413023,49.5));
#6705=CARTESIAN_POINT('',(85.,66.9636784413023,49.5));
#6706=CARTESIAN_POINT('',(85.,-30.4497888550091,49.5));
#6707=CARTESIAN_POINT('',(85.,-66.9636784413023,49.5));
#6708=CARTESIAN_POINT('',(85.,-66.9636784413023,49.5));
#6709=CARTESIAN_POINT('',(0.,-97.,5.));
#6710=CARTESIAN_POINT('',(-82.,-97.,22.));
#6711=CARTESIAN_POINT('',(-82.,-97.,22.));
#6712=CARTESIAN_POINT('',(83.,-97.,22.));
#6713=CARTESIAN_POINT('',(-82.,-97.,25.));
#6714=CARTESIAN_POINT('',(-82.,-97.,23.5));
#6715=CARTESIAN_POINT('',(83.,-97.,23.5));
#6716=CARTESIAN_POINT('',(83.,-97.,23.5));
#6717=CARTESIAN_POINT('',(83.,-97.,22.));
#6718=CARTESIAN_POINT('',(83.,95.,35.));
#6719=CARTESIAN_POINT('',(83.,95.,22.));
#6720=CARTESIAN_POINT('',(85.,95.,22.));
#6721=CARTESIAN_POINT('',(83.,97.,22.));
#6722=CARTESIAN_POINT('',(85.,95.,35.));
#6723=CARTESIAN_POINT('',(85.,95.,23.5));
#6724=CARTESIAN_POINT('',(83.,95.,23.5));
#6725=CARTESIAN_POINT('',(83.,97.,23.5));
#6726=CARTESIAN_POINT('',(83.,97.,5.));
#6727=CARTESIAN_POINT('',(85.,-55.4897569061069,35.));
#6728=CARTESIAN_POINT('',(85.,95.,22.));
#6729=CARTESIAN_POINT('',(85.,92.9636784413023,22.));
#6730=CARTESIAN_POINT('',(85.,92.9636784413023,33.5));
#6731=CARTESIAN_POINT('',(85.,81.4636784413023,33.5));
#6732=CARTESIAN_POINT('',(85.,66.9636784413023,33.5));
#6733=CARTESIAN_POINT('',(85.,66.9636784413025,48.));
#6734=CARTESIAN_POINT('',(85.,30.449788855018,48.));
#6735=CARTESIAN_POINT('',(85.,-66.9636784413022,48.));
#6736=CARTESIAN_POINT('',(85.,-66.9636784413023,33.5));
#6737=CARTESIAN_POINT('',(85.,-81.4636784413023,33.5));
#6738=CARTESIAN_POINT('',(85.,-92.9636784413023,33.5));
#6739=CARTESIAN_POINT('',(85.,-92.9636784413023,22.));
#6740=CARTESIAN_POINT('',(85.,-92.9636784413023,22.));
#6741=CARTESIAN_POINT('',(85.,-95.,22.));
#6742=CARTESIAN_POINT('',(85.,-95.,22.));
#6743=CARTESIAN_POINT('',(85.,-95.,23.5));
#6744=CARTESIAN_POINT('',(85.,-95.,23.5));
#6745=CARTESIAN_POINT('',(85.,-92.9636784413023,23.5));
#6746=CARTESIAN_POINT('',(85.,-92.9636784413023,33.5));
#6747=CARTESIAN_POINT('',(85.,-82.9636784413023,33.5000028519606));
#6748=CARTESIAN_POINT('',(85.,-66.9636784413023,33.5));
#6749=CARTESIAN_POINT('',(85.,66.9636784413023,33.5));
#6750=CARTESIAN_POINT('',(85.,82.9636784413023,33.5000028519606));
#6751=CARTESIAN_POINT('',(85.,92.9636784413023,33.5));
#6752=CARTESIAN_POINT('',(85.,92.9636784413023,23.5));
#6753=CARTESIAN_POINT('',(85.,55.4897569061158,23.5));
#6754=CARTESIAN_POINT('',(83.,-55.4897569061069,35.));
#6755=CARTESIAN_POINT('',(83.,92.9636784413023,33.5));
#6756=CARTESIAN_POINT('',(83.,81.4636784413023,33.5));
#6757=CARTESIAN_POINT('',(83.,92.9636784413023,22.));
#6758=CARTESIAN_POINT('',(83.,92.9636784413023,22.));
#6759=CARTESIAN_POINT('',(83.,94.25,22.));
#6760=CARTESIAN_POINT('',(83.,94.25,35.));
#6761=CARTESIAN_POINT('',(83.,94.25,23.5));
#6762=CARTESIAN_POINT('',(83.,93.,23.5));
#6763=CARTESIAN_POINT('',(83.,92.9636784413023,23.5));
#6764=CARTESIAN_POINT('',(83.,92.9636784413023,33.5));
#6765=CARTESIAN_POINT('',(83.,82.9636784413023,33.50000285173));
#6766=CARTESIAN_POINT('',(83.,66.9636784413023,33.5));
#6767=CARTESIAN_POINT('',(83.,-66.9636784413023,33.5));
#6768=CARTESIAN_POINT('',(83.,-82.9636784413023,33.50000285173));
#6769=CARTESIAN_POINT('',(83.,-92.9636784413023,33.5));
#6770=CARTESIAN_POINT('',(83.,-92.9636784413023,23.5));
#6771=CARTESIAN_POINT('',(83.,-96.,23.5));
#6772=CARTESIAN_POINT('',(83.,-94.25,23.5));
#6773=CARTESIAN_POINT('',(83.,-94.25,35.));
#6774=CARTESIAN_POINT('',(83.,-94.25,22.));
#6775=CARTESIAN_POINT('',(83.,-94.25,22.));
#6776=CARTESIAN_POINT('',(83.,-92.9636784413023,22.));
#6777=CARTESIAN_POINT('',(83.,-92.9636784413023,33.5));
#6778=CARTESIAN_POINT('',(83.,-81.4636784413023,33.5));
#6779=CARTESIAN_POINT('',(83.,-66.9636784413023,33.5));
#6780=CARTESIAN_POINT('',(83.,-66.9636784413023,48.));
#6781=CARTESIAN_POINT('',(83.,0.,48.));
#6782=CARTESIAN_POINT('',(83.,66.9636784413024,48.));
#6783=CARTESIAN_POINT('',(83.,66.9636784413023,33.5));
#6784=CARTESIAN_POINT('',(-81.9999999999999,0.,22.));
#6785=CARTESIAN_POINT('',(-81.9999999999999,94.25,22.));
#6786=CARTESIAN_POINT('',(-81.9999999999999,94.25,23.5));
#6787=CARTESIAN_POINT('',(-81.9999999999999,94.25,22.));
#6788=CARTESIAN_POINT('',(-81.9999999999999,-94.25,22.));
#6789=CARTESIAN_POINT('',(-81.9999999999999,-94.25,22.));
#6790=CARTESIAN_POINT('',(-81.9999999999999,-94.25,5.));
#6791=CARTESIAN_POINT('',(-81.9999999999999,-94.25,23.5));
#6792=CARTESIAN_POINT('',(-81.9999999999999,-93.,23.5));
#6793=CARTESIAN_POINT('',(-84.,0.,5.));
#6794=CARTESIAN_POINT('',(-84.,-95.,22.));
#6795=CARTESIAN_POINT('',(-84.,95.,22.));
#6796=CARTESIAN_POINT('',(-84.,-95.,22.));
#6797=CARTESIAN_POINT('',(-84.,95.,22.));
#6798=CARTESIAN_POINT('',(-84.,95.,23.5));
#6799=CARTESIAN_POINT('',(-84.,95.,23.5));
#6800=CARTESIAN_POINT('',(-84.,-95.,23.5));
#6801=CARTESIAN_POINT('',(-84.,-95.,25.));
#6802=CARTESIAN_POINT('',(-64.5,-85.,-0.25));
#6803=CARTESIAN_POINT('',(-64.5,-85.,1.62));
#6804=CARTESIAN_POINT('',(-64.5,-86.6,1.62));
#6805=CARTESIAN_POINT('',(-64.5,-85.,-0.25));
#6806=CARTESIAN_POINT('',(-61.03,-85.,-0.25));
#6807=CARTESIAN_POINT('',(40.7344693262072,-96.,-0.25));
#6808=CARTESIAN_POINT('',(82.,-102.,-0.25));
#6809=CARTESIAN_POINT('',(85.5,-102.,-0.25));
#6810=CARTESIAN_POINT('',(82.,-105.5,-0.25));
#6811=CARTESIAN_POINT('',(81.3137084989847,-105.5,-0.25));
#6812=CARTESIAN_POINT('',(81.3137084989847,-105.5,-0.25));
#6813=CARTESIAN_POINT('',(81.3137084989847,-102.,-0.25));
#6814=CARTESIAN_POINT('',(78.0138768534475,-103.166666666667,-0.25));
#6815=CARTESIAN_POINT('',(70.,-106.,-0.25));
#6816=CARTESIAN_POINT('',(68.8227070612699,-97.5819253189096,-0.25));
#6817=CARTESIAN_POINT('',(68.8227070610664,-97.5819253174547,-0.25));
#6818=CARTESIAN_POINT('',(68.6005595424638,-97.598808212248,-0.25));
#6819=CARTESIAN_POINT('',(68.3784120238612,-97.6156911070412,-0.25));
#6820=CARTESIAN_POINT('',(68.1562645052586,-97.6325740018344,-0.25));
#6821=CARTESIAN_POINT('',(68.1562599981573,-97.632514860039,-0.25000326530488));
#6822=CARTESIAN_POINT('',(68.1562560273371,-97.6324622848604,-0.25));
#6823=CARTESIAN_POINT('',(67.8233112970224,-97.6353310376127,-0.25));
#6824=CARTESIAN_POINT('',(67.4903665667077,-97.638199790365,-0.25));
#6825=CARTESIAN_POINT('',(67.157421836393,-97.6410685431173,-0.25));
#6826=CARTESIAN_POINT('',(67.1574220986598,-97.6410647160555,-0.250035607448956));
#6827=CARTESIAN_POINT('',(67.1574180749251,-97.6411328515477,-0.25));
#6828=CARTESIAN_POINT('',(66.9398783001048,-97.6283456191108,-0.25));
#6829=CARTESIAN_POINT('',(66.7223385252845,-97.6155583866739,-0.25));
#6830=CARTESIAN_POINT('',(66.5047987504642,-97.6027711542369,-0.25));
#6831=CARTESIAN_POINT('',(66.5047987506906,-97.6027711524819,-0.25));
#6832=CARTESIAN_POINT('',(64.9051997689878,-110.,-0.25));
#6833=CARTESIAN_POINT('',(54.7522889931451,-102.708333333333,-0.25));
#6834=CARTESIAN_POINT('',(45.4116110793699,-96.,-0.25));
#6835=CARTESIAN_POINT('',(45.4116110793699,-107.5,-0.25));
#6836=CARTESIAN_POINT('',(40.7344693262072,-107.5,-0.25));
#6837=CARTESIAN_POINT('',(40.7344693262072,-107.5,-0.25));
#6838=CARTESIAN_POINT('',(40.7344693262072,-96.,-0.25));
#6839=CARTESIAN_POINT('',(31.393791412432,-102.708333333333,-0.25));
#6840=CARTESIAN_POINT('',(21.2408806365893,-110.,-0.25));
#6841=CARTESIAN_POINT('',(21.2408806365893,-97.5,-0.25));
#6842=CARTESIAN_POINT('',(15.2224318643355,-97.5,-0.25));
#6843=CARTESIAN_POINT('',(15.2224318643355,-97.5,-0.25));
#6844=CARTESIAN_POINT('',(15.2224318643355,-111.,-0.25));
#6845=CARTESIAN_POINT('',(3.53108663073997,-104.25000395341,-0.25));
#6846=CARTESIAN_POINT('',(0.5,-102.5,-0.25));
#6847=CARTESIAN_POINT('',(-2.53108699015826,-104.250003330886,-0.25));
#6848=CARTESIAN_POINT('',(-14.2224318643355,-111.,-0.25));
#6849=CARTESIAN_POINT('',(-14.2224318643355,-97.5,-0.25));
#6850=CARTESIAN_POINT('',(-21.2408806365854,-97.5,-0.25));
#6851=CARTESIAN_POINT('',(-21.2408806365854,-97.5,-0.25));
#6852=CARTESIAN_POINT('',(-21.2408806365854,-110.,-0.25));
#6853=CARTESIAN_POINT('',(-31.3937914124281,-102.708333333333,-0.25));
#6854=CARTESIAN_POINT('',(-40.7344693262033,-96.,-0.25));
#6855=CARTESIAN_POINT('',(-40.7344693262033,-107.5,-0.25));
#6856=CARTESIAN_POINT('',(40.7344693262072,-107.5,-0.25));
#6857=CARTESIAN_POINT('',(-45.4110553903748,-107.5,-0.25));
#6858=CARTESIAN_POINT('',(-45.4110553903748,-107.5,-0.25));
#6859=CARTESIAN_POINT('',(-46.3367756532962,-107.500086606934,-0.25));
#6860=CARTESIAN_POINT('',(-48.1308160064759,-107.292293497672,-0.25));
#6861=CARTESIAN_POINT('',(-50.7086766859148,-106.326570284896,-0.25));
#6862=CARTESIAN_POINT('',(-52.9963355120475,-104.797217261731,-0.25));
#6863=CARTESIAN_POINT('',(-54.2121977801805,-103.461023288527,-0.25));
#6864=CARTESIAN_POINT('',(-54.7524659864041,-102.708842652831,-0.25));
#6865=CARTESIAN_POINT('',(-54.7524659864291,-102.708842652797,-0.25));
#6866=CARTESIAN_POINT('',(-54.7524659864291,-102.708842652797,-0.25));
#6867=CARTESIAN_POINT('',(-55.3393629630444,-101.891563058864,-0.25));
#6868=CARTESIAN_POINT('',(-56.6603307690905,-100.439541733079,-0.25));
#6869=CARTESIAN_POINT('',(-59.1473776479689,-98.7761406506669,-0.25));
#6870=CARTESIAN_POINT('',(-61.9477988625683,-97.726318514451,-0.25));
#6871=CARTESIAN_POINT('',(-63.8981820091293,-97.500086631826,-0.25));
#6872=CARTESIAN_POINT('',(-64.9046892127545,-97.4999999999998,-0.25));
#6873=CARTESIAN_POINT('',(-64.9046892127545,-97.5,-0.25));
#6874=CARTESIAN_POINT('',(-71.9236457977151,-97.5,-0.25));
#6875=CARTESIAN_POINT('',(-71.9236457977151,-97.5,-0.25));
#6876=CARTESIAN_POINT('',(-71.9236457977151,-111.,-0.25));
#6877=CARTESIAN_POINT('',(-83.1190148817308,-103.455882352941,-0.25));
#6878=CARTESIAN_POINT('',(-86.0215179775867,-101.5,-0.25));
#6879=CARTESIAN_POINT('',(-88.4876760410247,-99.0164411812603,-0.25));
#6880=CARTESIAN_POINT('',(-98.,-89.4370000232644,-0.25));
#6881=CARTESIAN_POINT('',(-84.5,-89.4370000232644,-0.25));
#6882=CARTESIAN_POINT('',(-84.5,-14.0978721798717,-0.25));
#6883=CARTESIAN_POINT('',(-84.5,-14.0978721798717,-0.25));
#6884=CARTESIAN_POINT('',(-98.,-14.0978721798717,-0.25));
#6885=CARTESIAN_POINT('',(-90.455886288481,-2.90250044384701,-0.25));
#6886=CARTESIAN_POINT('',(-88.5,0.,-0.25));
#6887=CARTESIAN_POINT('',(-90.455885668868,2.90250086138436,-0.25));
#6888=CARTESIAN_POINT('',(-98.,14.0978721798717,-0.25));
#6889=CARTESIAN_POINT('',(-84.5,14.0978721798717,-0.25));
#6890=CARTESIAN_POINT('',(-84.5,89.4370000232645,-0.25));
#6891=CARTESIAN_POINT('',(-84.5,89.4370000232645,-0.25));
#6892=CARTESIAN_POINT('',(-98.,89.4370000232645,-0.25));
#6893=CARTESIAN_POINT('',(-88.4876760410249,99.0164411812605,-0.25));
#6894=CARTESIAN_POINT('',(-86.0215179775869,101.5,-0.25));
#6895=CARTESIAN_POINT('',(-83.1190148817309,103.455882352941,-0.25));
#6896=CARTESIAN_POINT('',(-71.923645797715,111.,-0.25));
#6897=CARTESIAN_POINT('',(-71.923645797715,97.5,-0.25));
#6898=CARTESIAN_POINT('',(-64.9051997689854,97.5,-0.25));
#6899=CARTESIAN_POINT('',(-64.9051997689854,97.5,-0.25));
#6900=CARTESIAN_POINT('',(-64.9051997689854,110.,-0.25));
#6901=CARTESIAN_POINT('',(-54.7522889931427,102.708333333333,-0.25));
#6902=CARTESIAN_POINT('',(-45.4116110793675,96.,-0.25));
#6903=CARTESIAN_POINT('',(-45.4116110793675,107.5,-0.25));
#6904=CARTESIAN_POINT('',(40.7344693262072,107.5,-0.25));
#6905=CARTESIAN_POINT('',(-40.7344693262049,107.5,-0.25));
#6906=CARTESIAN_POINT('',(-40.7344693262049,96.,-0.25));
#6907=CARTESIAN_POINT('',(-31.3937914124296,102.708333333333,-0.25));
#6908=CARTESIAN_POINT('',(-21.240880636587,110.,-0.25));
#6909=CARTESIAN_POINT('',(-21.240880636587,97.5,-0.25));
#6910=CARTESIAN_POINT('',(-14.2224318643355,97.5,-0.25));
#6911=CARTESIAN_POINT('',(-14.2224318643355,97.5,-0.25));
#6912=CARTESIAN_POINT('',(-14.2224318643355,111.,-0.25));
#6913=CARTESIAN_POINT('',(-2.53109147816936,104.249995557414,-0.25));
#6914=CARTESIAN_POINT('',(0.500000000000002,102.5,-0.25));
#6915=CARTESIAN_POINT('',(3.53109107455873,104.249996256497,-0.25));
#6916=CARTESIAN_POINT('',(15.2224318643355,111.,-0.25));
#6917=CARTESIAN_POINT('',(15.2224318643355,97.5,-0.25));
#6918=CARTESIAN_POINT('',(21.2408806365903,97.5,-0.25));
#6919=CARTESIAN_POINT('',(21.2408806365903,97.5,-0.25));
#6920=CARTESIAN_POINT('',(21.2408806365903,110.,-0.25));
#6921=CARTESIAN_POINT('',(31.393791412433,102.708333333333,-0.25));
#6922=CARTESIAN_POINT('',(40.7344693262082,96.,-0.25));
#6923=CARTESIAN_POINT('',(40.7344693262082,107.5,-0.25));
#6924=CARTESIAN_POINT('',(40.7344693262072,107.5,-0.25));
#6925=CARTESIAN_POINT('',(45.4116110793709,107.5,-0.25));
#6926=CARTESIAN_POINT('',(45.4116110793709,96.,-0.25));
#6927=CARTESIAN_POINT('',(54.7522889931461,102.708333333333,-0.25));
#6928=CARTESIAN_POINT('',(64.9051997689888,110.,-0.25));
#6929=CARTESIAN_POINT('',(64.9051997689888,97.5,-0.25));
#6930=CARTESIAN_POINT('',(40.7344693262072,97.5000000000001,-0.25));
#6931=CARTESIAN_POINT('',(70.,97.5,-0.25));
#6932=CARTESIAN_POINT('',(70.,106.,-0.25));
#6933=CARTESIAN_POINT('',(78.0138768534476,103.166666666667,-0.25));
#6934=CARTESIAN_POINT('',(81.3137084989848,102.,-0.25));
#6935=CARTESIAN_POINT('',(81.3137084989848,105.5,-0.25));
#6936=CARTESIAN_POINT('',(40.7344693262072,105.5,-0.25));
#6937=CARTESIAN_POINT('',(82.,105.5,-0.25));
#6938=CARTESIAN_POINT('',(82.,102.,-0.25));
#6939=CARTESIAN_POINT('',(85.5,102.,-0.25));
#6940=CARTESIAN_POINT('',(85.5,-96.,-0.25));
#6941=CARTESIAN_POINT('',(43.0730402027885,-103.,-0.25));
#6942=CARTESIAN_POINT('',(45.2230402027885,-103.,-0.25));
#6943=CARTESIAN_POINT('',(-43.062281167671,-103.,-0.25));
#6944=CARTESIAN_POINT('',(-40.912281167671,-103.,-0.25));
#6945=CARTESIAN_POINT('',(43.0730402027895,103.,-0.25));
#6946=CARTESIAN_POINT('',(45.2230402027895,103.,-0.25));
#6947=CARTESIAN_POINT('',(-43.0730402027862,103.,-0.25));
#6948=CARTESIAN_POINT('',(-40.9230402027862,103.,-0.25));
#6949=CARTESIAN_POINT('',(-64.5,85.,-0.25));
#6950=CARTESIAN_POINT('',(-61.03,85.,-0.25));
#6951=CARTESIAN_POINT('',(0.499999999999992,85.,-0.25));
#6952=CARTESIAN_POINT('',(3.96999999999999,85.,-0.25));
#6953=CARTESIAN_POINT('',(65.5,85.,-0.25));
#6954=CARTESIAN_POINT('',(68.97,85.,-0.25));
#6955=CARTESIAN_POINT('',(65.5,-85.,-0.25));
#6956=CARTESIAN_POINT('',(68.97,-85.,-0.25));
#6957=CARTESIAN_POINT('',(0.499999999999992,-85.,-0.25));
#6958=CARTESIAN_POINT('',(3.96999999999999,-85.,-0.25));
#6959=CARTESIAN_POINT('',(-64.5,-85.,290.911945134262));
#6960=CARTESIAN_POINT('',(-64.5,-85.,2.));
#6961=CARTESIAN_POINT('',(-62.9,-85.,2.));
#6962=CARTESIAN_POINT('',(0.499999999999992,-85.,290.911945134262));
#6963=CARTESIAN_POINT('',(0.499999999999992,-85.,1.62));
#6964=CARTESIAN_POINT('',(0.499999999999992,-86.6,1.62));
#6965=CARTESIAN_POINT('',(0.499999999999992,-85.,2.));
#6966=CARTESIAN_POINT('',(2.09999999999999,-85.,2.));
#6967=CARTESIAN_POINT('',(65.5,-85.,290.911945134262));
#6968=CARTESIAN_POINT('',(65.5,-85.,1.62));
#6969=CARTESIAN_POINT('',(65.5,-86.6,1.62));
#6970=CARTESIAN_POINT('',(65.5,-85.,2.));
#6971=CARTESIAN_POINT('',(67.1,-85.,2.));
#6972=CARTESIAN_POINT('',(65.5,85.,290.911945134262));
#6973=CARTESIAN_POINT('',(65.5,85.,1.62));
#6974=CARTESIAN_POINT('',(65.5,83.4,1.62));
#6975=CARTESIAN_POINT('',(65.5,85.,2.));
#6976=CARTESIAN_POINT('',(67.1,85.,2.));
#6977=CARTESIAN_POINT('',(0.499999999999992,85.,290.911945134262));
#6978=CARTESIAN_POINT('',(0.499999999999992,85.,1.62));
#6979=CARTESIAN_POINT('',(0.499999999999992,83.4,1.62));
#6980=CARTESIAN_POINT('',(0.499999999999992,85.,2.));
#6981=CARTESIAN_POINT('',(2.09999999999999,85.,2.));
#6982=CARTESIAN_POINT('',(-64.5,85.,290.911945134262));
#6983=CARTESIAN_POINT('',(-64.5,85.,1.62));
#6984=CARTESIAN_POINT('',(-64.5,83.4,1.62));
#6985=CARTESIAN_POINT('',(-64.5,85.,2.));
#6986=CARTESIAN_POINT('',(-62.9,85.,2.));
#6987=CARTESIAN_POINT('',(-64.9051997689854,110.,9.00000000000001));
#6988=CARTESIAN_POINT('',(-54.346172562109,102.416666666667,9.));
#6989=CARTESIAN_POINT('',(-54.346172562109,102.416666666667,10.));
#6990=CARTESIAN_POINT('',(-55.1584054241765,103.,9.));
#6991=CARTESIAN_POINT('',(-64.9051997689854,110.,9.));
#6992=CARTESIAN_POINT('',(-64.9051997689854,98.,9.));
#6993=CARTESIAN_POINT('',(-59.9051997689854,98.,10.));
#6994=CARTESIAN_POINT('',(-60.7614955331259,98.,10.));
#6995=CARTESIAN_POINT('',(-62.4458637210352,98.,9.70840909887843));
#6996=CARTESIAN_POINT('',(-64.0876072137236,98.,9.23601746683404));
#6997=CARTESIAN_POINT('',(-64.9051997689854,98.,9.00000000000001));
#6998=CARTESIAN_POINT('',(-59.9051997689854,98.,10.));
#6999=CARTESIAN_POINT('',(-64.9051997689854,110.,10.));
#7000=CARTESIAN_POINT('',(-45.4116110793675,96.,9.));
#7001=CARTESIAN_POINT('',(-45.4116110793675,107.,9.));
#7002=CARTESIAN_POINT('',(-45.4116110793675,107.,10.));
#7003=CARTESIAN_POINT('',(-45.4116110793675,108.,9.));
#7004=CARTESIAN_POINT('',(-45.4116110793675,96.,9.));
#7005=CARTESIAN_POINT('',(-45.4116110793675,96.,10.));
#7006=CARTESIAN_POINT('',(2.34187669256869E-15,107.,8.99999999999999));
#7007=CARTESIAN_POINT('',(-40.7344693262049,107.,9.));
#7008=CARTESIAN_POINT('',(-40.7344693262049,107.,10.));
#7009=CARTESIAN_POINT('',(-40.7344693262049,108.,9.));
#7010=CARTESIAN_POINT('',(-40.7344693262049,108.,9.));
#7011=CARTESIAN_POINT('',(-45.4116110793675,107.,10.));
#7012=CARTESIAN_POINT('',(-43.0730402027862,107.,9.99999999999999));
#7013=CARTESIAN_POINT('',(-45.4116110793675,107.,10.));
#7014=CARTESIAN_POINT('',(-40.7344693262049,96.,9.));
#7015=CARTESIAN_POINT('',(-31.7999078434633,102.416666666667,9.));
#7016=CARTESIAN_POINT('',(-31.7999078434633,102.416666666667,9.99999999999999));
#7017=CARTESIAN_POINT('',(-30.9876749813959,103.,8.99999999999999));
#7018=CARTESIAN_POINT('',(-40.7344693262049,96.,9.));
#7019=CARTESIAN_POINT('',(-40.7344693262049,96.,10.));
#7020=CARTESIAN_POINT('',(-21.2408806365869,110.,8.99999999999999));
#7021=CARTESIAN_POINT('',(-26.2408806365869,98.,9.99999999999999));
#7022=CARTESIAN_POINT('',(-25.3845848724465,98.,10.));
#7023=CARTESIAN_POINT('',(-23.7002166845371,98.,9.70840909887842));
#7024=CARTESIAN_POINT('',(-22.0584731918488,98.,9.23601746683402));
#7025=CARTESIAN_POINT('',(-21.240880636587,98.,8.99999999999999));
#7026=CARTESIAN_POINT('',(-21.240880636587,98.,8.99999999999999));
#7027=CARTESIAN_POINT('',(-26.2408806365869,98.,9.99999999999999));
#7028=CARTESIAN_POINT('',(-21.2408806365869,110.,8.99999999999999));
#7029=CARTESIAN_POINT('',(-21.2408806365869,110.,9.99999999999999));
#7030=CARTESIAN_POINT('',(64.9051997689888,110.,9.));
#7031=CARTESIAN_POINT('',(64.9051997689888,110.,9.));
#7032=CARTESIAN_POINT('',(55.1584054241798,103.,9.));
#7033=CARTESIAN_POINT('',(54.3461725621124,102.416666666667,9.));
#7034=CARTESIAN_POINT('',(54.3461725621124,102.416666666667,10.));
#7035=CARTESIAN_POINT('',(64.9051997689888,110.,10.));
#7036=CARTESIAN_POINT('',(45.4116110793709,96.,9.));
#7037=CARTESIAN_POINT('',(45.4116110793709,107.,9.));
#7038=CARTESIAN_POINT('',(45.4116110793709,108.,9.));
#7039=CARTESIAN_POINT('',(45.4116110793709,107.,10.));
#7040=CARTESIAN_POINT('',(45.4116110793709,96.,10.));
#7041=CARTESIAN_POINT('',(45.4116110793709,96.,9.));
#7042=CARTESIAN_POINT('',(0.,107.,9.));
#7043=CARTESIAN_POINT('',(40.7344693262082,107.,10.));
#7044=CARTESIAN_POINT('',(43.0730402027895,107.,9.99999999999999));
#7045=CARTESIAN_POINT('',(40.7344693262082,107.,10.));
#7046=CARTESIAN_POINT('',(40.7344693262082,107.,10.));
#7047=CARTESIAN_POINT('',(45.4116110793709,108.,9.));
#7048=CARTESIAN_POINT('',(40.7344693262082,108.,9.));
#7049=CARTESIAN_POINT('',(40.7344693262082,107.,9.));
#7050=CARTESIAN_POINT('',(40.7344693262082,96.,9.));
#7051=CARTESIAN_POINT('',(31.7999078434667,102.416666666667,9.));
#7052=CARTESIAN_POINT('',(30.9876749813993,103.,9.));
#7053=CARTESIAN_POINT('',(31.7999078434667,102.416666666667,10.));
#7054=CARTESIAN_POINT('',(40.7344693262082,96.,10.));
#7055=CARTESIAN_POINT('',(40.7344693262082,96.,9.));
#7056=CARTESIAN_POINT('',(21.2408806365903,110.,9.));
#7057=CARTESIAN_POINT('',(21.2408806365903,110.,10.));
#7058=CARTESIAN_POINT('',(21.2408806365903,110.,9.));
#7059=CARTESIAN_POINT('',(45.4116110793709,96.,10.));
#7060=CARTESIAN_POINT('',(55.1584054241798,103.,10.));
#7061=CARTESIAN_POINT('',(55.1584054241798,103.,0.25));
#7062=CARTESIAN_POINT('',(45.4116110793709,96.,0.25));
#7063=CARTESIAN_POINT('',(45.4116110793709,108.,0.25));
#7064=CARTESIAN_POINT('',(45.4116110793709,108.,0.));
#7065=CARTESIAN_POINT('',(40.7344693262082,96.,0.));
#7066=CARTESIAN_POINT('',(40.7344693262082,108.,10.));
#7067=CARTESIAN_POINT('',(40.7344693262082,108.,0.25));
#7068=CARTESIAN_POINT('',(40.7344693262082,96.,0.25));
#7069=CARTESIAN_POINT('',(30.9876749813993,103.,0.25));
#7070=CARTESIAN_POINT('',(30.9876749813993,103.,0.));
#7071=CARTESIAN_POINT('',(-40.7344693262049,96.,10.));
#7072=CARTESIAN_POINT('',(-30.9876749813959,103.,9.99999999999999));
#7073=CARTESIAN_POINT('',(-30.9876749813959,103.,0.25));
#7074=CARTESIAN_POINT('',(-40.7344693262049,96.,0.25));
#7075=CARTESIAN_POINT('',(-40.7344693262049,108.,0.25));
#7076=CARTESIAN_POINT('',(-40.7344693262049,108.,5.20417042793042E-15));
#7077=CARTESIAN_POINT('',(-45.4116110793675,96.,0.));
#7078=CARTESIAN_POINT('',(-45.4116110793675,108.,10.));
#7079=CARTESIAN_POINT('',(-45.4116110793675,108.,0.25));
#7080=CARTESIAN_POINT('',(-45.4116110793675,96.,0.25));
#7081=CARTESIAN_POINT('',(-55.1584054241765,103.,0.25));
#7082=CARTESIAN_POINT('',(-55.1584054241765,103.,0.));
#7083=CARTESIAN_POINT('',(64.9051997689888,110.,10.));
#7084=CARTESIAN_POINT('',(64.9051997689888,110.,0.25));
#7085=CARTESIAN_POINT('',(21.2408806365903,110.,0.));
#7086=CARTESIAN_POINT('',(21.2408806365903,110.,0.25));
#7087=CARTESIAN_POINT('',(-64.9051997689854,110.,0.));
#7088=CARTESIAN_POINT('',(-64.9051997689854,110.,0.25));
#7089=CARTESIAN_POINT('',(-64.9051997689854,98.,0.25));
#7090=CARTESIAN_POINT('',(-64.9051997689854,98.,26.));
#7091=CARTESIAN_POINT('',(-21.2408806365869,110.,9.99999999999999));
#7092=CARTESIAN_POINT('',(-21.2408806365869,98.,26.0000000000001));
#7093=CARTESIAN_POINT('',(-21.240880636587,98.,0.25));
#7094=CARTESIAN_POINT('',(-21.240880636587,110.,0.25));
#7095=CARTESIAN_POINT('',(-43.0730402027862,103.,9.99999999999999));
#7096=CARTESIAN_POINT('',(-43.0730402027862,103.,5.2));
#7097=CARTESIAN_POINT('',(-43.0730402027862,99.,5.2));
#7098=CARTESIAN_POINT('',(-43.0730402027862,103.,9.99999999999999));
#7099=CARTESIAN_POINT('',(-43.0730402027862,103.,5.2));
#7100=CARTESIAN_POINT('',(-43.0730402027862,103.,5.2));
#7101=CARTESIAN_POINT('',(-40.9230402027862,103.,5.2));
#7102=CARTESIAN_POINT('',(43.0730402027895,103.,9.99999999999999));
#7103=CARTESIAN_POINT('',(43.0730402027895,103.,5.2));
#7104=CARTESIAN_POINT('',(43.0730402027895,99.,5.2));
#7105=CARTESIAN_POINT('',(43.0730402027895,103.,9.99999999999999));
#7106=CARTESIAN_POINT('',(43.0730402027895,103.,5.2));
#7107=CARTESIAN_POINT('',(43.0730402027895,103.,5.2));
#7108=CARTESIAN_POINT('',(45.2230402027895,103.,5.2));
#7109=CARTESIAN_POINT('',(-53.0730402027862,108.,10.));
#7110=CARTESIAN_POINT('',(-53.0730402027862,98.,10.));
#7111=CARTESIAN_POINT('',(0.,108.,0.));
#7112=CARTESIAN_POINT('',(0.,108.,0.25));
#7113=CARTESIAN_POINT('',(33.0730402027895,108.,10.));
#7114=CARTESIAN_POINT('',(0.,108.,0.));
#7115=CARTESIAN_POINT('',(0.,108.,0.25));
#7116=CARTESIAN_POINT('',(64.9051997689878,-110.,9.));
#7117=CARTESIAN_POINT('',(54.3461725621114,-102.416666666667,9.));
#7118=CARTESIAN_POINT('',(54.3461725621114,-102.416666666667,10.));
#7119=CARTESIAN_POINT('',(55.1584054241788,-103.,9.));
#7120=CARTESIAN_POINT('',(64.9051997689878,-110.,9.));
#7121=CARTESIAN_POINT('',(64.9051997689878,-98.,9.));
#7122=CARTESIAN_POINT('',(59.9051997689878,-98.,10.));
#7123=CARTESIAN_POINT('',(60.7614955331282,-98.,10.));
#7124=CARTESIAN_POINT('',(62.4458637210344,-98.,9.7084090988674));
#7125=CARTESIAN_POINT('',(64.0876072137323,-98.,9.23601746685612));
#7126=CARTESIAN_POINT('',(64.9051997689878,-98.,9.));
#7127=CARTESIAN_POINT('',(59.9051997689878,-98.,10.));
#7128=CARTESIAN_POINT('',(64.9051997689878,-110.,10.));
#7129=CARTESIAN_POINT('',(45.4116110793699,-96.,9.));
#7130=CARTESIAN_POINT('',(45.4116110793699,-107.,9.));
#7131=CARTESIAN_POINT('',(45.4116110793699,-107.,10.));
#7132=CARTESIAN_POINT('',(45.4116110793699,-108.,9.));
#7133=CARTESIAN_POINT('',(45.4116110793699,-96.,9.));
#7134=CARTESIAN_POINT('',(45.4116110793699,-96.,10.));
#7135=CARTESIAN_POINT('',(-1.95156391047391E-15,-107.,8.99999999999999));
#7136=CARTESIAN_POINT('',(40.7344693262072,-107.,9.));
#7137=CARTESIAN_POINT('',(40.7344693262072,-107.,10.));
#7138=CARTESIAN_POINT('',(40.7344693262072,-108.,9.));
#7139=CARTESIAN_POINT('',(40.7344693262072,-108.,9.));
#7140=CARTESIAN_POINT('',(45.4116110793699,-107.,10.));
#7141=CARTESIAN_POINT('',(43.0730402027886,-107.,9.99999999999999));
#7142=CARTESIAN_POINT('',(45.4116110793699,-107.,10.));
#7143=CARTESIAN_POINT('',(40.7344693262072,-96.,9.));
#7144=CARTESIAN_POINT('',(31.7999078434657,-102.416666666667,9.));
#7145=CARTESIAN_POINT('',(31.7999078434657,-102.416666666667,9.99999999999999));
#7146=CARTESIAN_POINT('',(30.9876749813983,-103.,9.));
#7147=CARTESIAN_POINT('',(40.7344693262072,-96.,9.));
#7148=CARTESIAN_POINT('',(40.7344693262072,-96.,10.));
#7149=CARTESIAN_POINT('',(21.2408806365893,-110.,8.99999999999999));
#7150=CARTESIAN_POINT('',(26.2408806365893,-98.,9.99999999999999));
#7151=CARTESIAN_POINT('',(25.3845848724488,-98.,9.99999999999999));
#7152=CARTESIAN_POINT('',(23.7002166845427,-98.,9.7084090988674));
#7153=CARTESIAN_POINT('',(22.0584731918448,-98.,9.23601746685607));
#7154=CARTESIAN_POINT('',(21.2408806365893,-98.,8.99999999999999));
#7155=CARTESIAN_POINT('',(21.2408806365893,-98.,8.99999999999999));
#7156=CARTESIAN_POINT('',(26.2408806365893,-98.,9.99999999999999));
#7157=CARTESIAN_POINT('',(21.2408806365893,-110.,8.99999999999999));
#7158=CARTESIAN_POINT('',(21.2408806365893,-110.,9.99999999999999));
#7159=CARTESIAN_POINT('',(-64.9541145365304,-98.0001941071489,8.99998776100664));
#7160=CARTESIAN_POINT('',(-64.9541144669169,-98.0002063460941,10.));
#7161=CARTESIAN_POINT('',(-64.9598023111428,-97.0002102827446,10.));
#7162=CARTESIAN_POINT('',(-63.0468251134852,-97.9893457034966,9.00032976919326));
#7163=CARTESIAN_POINT('',(-63.0471550363471,-97.9890178557804,9.99999999999822));
#7164=CARTESIAN_POINT('',(-62.8935729001315,-96.9884578454787,10.));
#7165=CARTESIAN_POINT('',(-59.2287803057434,-98.894695586531,9.00101440705624));
#7166=CARTESIAN_POINT('',(-59.2292631533928,-98.8932502904022,9.99999999998997));
#7167=CARTESIAN_POINT('',(-58.7573592876928,-97.969253552063,10.));
#7168=CARTESIAN_POINT('',(-56.2516437218225,-101.450815978412,9.00154825632803));
#7169=CARTESIAN_POINT('',(-56.2506606920057,-101.449534667593,10.0000000000218));
#7170=CARTESIAN_POINT('',(-55.5321292329007,-100.738383976614,10.));
#7171=CARTESIAN_POINT('',(-55.1390402280188,-103.,9.00174776433038));
#7172=CARTESIAN_POINT('',(-55.1376231164581,-102.998982249595,9.99999999999999));
#7173=CARTESIAN_POINT('',(-54.326809246375,-102.416666666667,10.));
#7174=CARTESIAN_POINT('',(-59.8858493231446,-98.,10.));
#7175=CARTESIAN_POINT('',(-60.7421469560559,-98.,10.));
#7176=CARTESIAN_POINT('',(-62.4265189912079,-97.9999999999991,9.70840901070781));
#7177=CARTESIAN_POINT('',(-64.0682663634118,-98.0000000000019,9.23601744651068));
#7178=CARTESIAN_POINT('',(-64.8858608988171,-98.,9.));
#7179=CARTESIAN_POINT('',(-64.8858608988148,-98.,8.99999999999999));
#7180=CARTESIAN_POINT('',(-59.8858493231446,-98.,10.));
#7181=CARTESIAN_POINT('',(-64.8858608988148,-110.,9.));
#7182=CARTESIAN_POINT('',(-55.1390402280188,-103.,9.00174776433038));
#7183=CARTESIAN_POINT('',(-54.326809246375,-102.416666666667,9.));
#7184=CARTESIAN_POINT('',(-54.326809246375,-102.416666666667,10.));
#7185=CARTESIAN_POINT('',(-64.8858608988148,-110.,10.));
#7186=CARTESIAN_POINT('',(-45.3922270789259,-107.,10.));
#7187=CARTESIAN_POINT('',(-45.3922270789259,-108.,10.));
#7188=CARTESIAN_POINT('',(-45.3922270789259,-108.,9.));
#7189=CARTESIAN_POINT('',(-47.1301756331424,-107.,10.));
#7190=CARTESIAN_POINT('',(-47.2878479938422,-107.999660083933,9.99999999995255));
#7191=CARTESIAN_POINT('',(-47.288170224683,-108.,9.00033997387179));
#7192=CARTESIAN_POINT('',(-50.6044668482769,-106.160502298606,10.));
#7193=CARTESIAN_POINT('',(-51.0771462588377,-107.083602626017,10.0000000000132));
#7194=CARTESIAN_POINT('',(-51.0783046333088,-107.084184325754,9.00101960747404));
#7195=CARTESIAN_POINT('',(-53.313005923072,-103.828282326903,10.));
#7196=CARTESIAN_POINT('',(-54.0318681446723,-104.538970428824,10.0000000000211));
#7197=CARTESIAN_POINT('',(-54.0330733929909,-104.539944356617,9.0015494462373));
#7198=CARTESIAN_POINT('',(-54.326809246375,-102.416666666667,10.));
#7199=CARTESIAN_POINT('',(-55.1376231164581,-102.998982249595,9.99999999999999));
#7200=CARTESIAN_POINT('',(-55.1390402280188,-103.,9.00174776433038));
#7201=CARTESIAN_POINT('',(-45.3922270789259,-107.,9.));
#7202=CARTESIAN_POINT('',(-45.3922270789259,-108.,9.));
#7203=CARTESIAN_POINT('',(-45.3922270789259,-107.,10.));
#7204=CARTESIAN_POINT('',(-45.3922270789259,-96.,10.));
#7205=CARTESIAN_POINT('',(-45.3922270789259,-96.,9.));
#7206=CARTESIAN_POINT('',(0.,-107.,9.));
#7207=CARTESIAN_POINT('',(-40.7344693262033,-107.,10.));
#7208=CARTESIAN_POINT('',(-43.062281167671,-107.,9.99999999999999));
#7209=CARTESIAN_POINT('',(-40.7344693262033,-107.,10.));
#7210=CARTESIAN_POINT('',(-40.7344693262033,-107.,10.));
#7211=CARTESIAN_POINT('',(-45.3900752719032,-108.,9.));
#7212=CARTESIAN_POINT('',(-40.7344693262033,-108.,9.));
#7213=CARTESIAN_POINT('',(-40.7344693262033,-107.,9.));
#7214=CARTESIAN_POINT('',(-40.7344693262033,-96.,9.));
#7215=CARTESIAN_POINT('',(-31.7999078434618,-102.416666666667,9.));
#7216=CARTESIAN_POINT('',(-30.9876749813943,-103.,9.));
#7217=CARTESIAN_POINT('',(-31.7999078434618,-102.416666666667,10.));
#7218=CARTESIAN_POINT('',(-40.7344693262033,-96.,10.));
#7219=CARTESIAN_POINT('',(-40.7344693262033,-96.,9.));
#7220=CARTESIAN_POINT('',(-21.2408806365854,-110.,9.));
#7221=CARTESIAN_POINT('',(-26.2408806365854,-98.,10.));
#7222=CARTESIAN_POINT('',(-25.3845848724449,-98.,10.));
#7223=CARTESIAN_POINT('',(-23.7002166845388,-98.,9.70840909886741));
#7224=CARTESIAN_POINT('',(-22.0584731918408,-98.,9.23601746685608));
#7225=CARTESIAN_POINT('',(-21.2408806365854,-98.,9.));
#7226=CARTESIAN_POINT('',(-26.2408806365854,-98.,10.));
#7227=CARTESIAN_POINT('',(-21.2408806365854,-98.,9.));
#7228=CARTESIAN_POINT('',(-21.2408806365854,-110.,10.));
#7229=CARTESIAN_POINT('',(-21.2408806365854,-110.,9.));
#7230=CARTESIAN_POINT('',(-40.7344693262033,-96.,0.));
#7231=CARTESIAN_POINT('',(-40.7344693262033,-108.,10.));
#7232=CARTESIAN_POINT('',(-40.7344693262033,-108.,0.25));
#7233=CARTESIAN_POINT('',(-40.7344693262033,-96.,0.25));
#7234=CARTESIAN_POINT('',(-30.9876749813943,-103.,0.25));
#7235=CARTESIAN_POINT('',(-30.9876749813943,-103.,0.));
#7236=CARTESIAN_POINT('',(40.7344693262072,-96.,7.));
#7237=CARTESIAN_POINT('',(30.9876749813983,-103.,7.));
#7238=CARTESIAN_POINT('',(30.9876749813983,-103.,0.25));
#7239=CARTESIAN_POINT('',(40.7344693262072,-96.,0.25));
#7240=CARTESIAN_POINT('',(40.7344693262072,-108.,0.25));
#7241=CARTESIAN_POINT('',(40.7344693262072,-108.,0.));
#7242=CARTESIAN_POINT('',(45.4116110793699,-96.,0.));
#7243=CARTESIAN_POINT('',(45.4116110793699,-108.,10.));
#7244=CARTESIAN_POINT('',(45.4116110793699,-108.,0.25));
#7245=CARTESIAN_POINT('',(45.4116110793699,-96.,0.25));
#7246=CARTESIAN_POINT('',(55.1584054241788,-103.,0.25));
#7247=CARTESIAN_POINT('',(55.1584054241788,-103.,0.));
#7248=CARTESIAN_POINT('',(-45.3965661674012,-96.,6.9835141211751));
#7249=CARTESIAN_POINT('',(-55.1433379471269,-103.,7.00448729313966));
#7250=CARTESIAN_POINT('',(-55.157872302497,-103.,0.249998987924373));
#7251=CARTESIAN_POINT('',(-55.1578723022634,-102.999999999581,0.249999236329376));
#7252=CARTESIAN_POINT('',(-54.0519026424731,-104.539944352092,0.25111507517366));
#7253=CARTESIAN_POINT('',(-51.0971313780434,-107.084184327781,0.251748321866596));
#7254=CARTESIAN_POINT('',(-47.3069980058597,-108.,0.250584030509543));
#7255=CARTESIAN_POINT('',(-45.4110553903748,-108.,0.249999999999998));
#7256=CARTESIAN_POINT('',(-45.4110553894533,-108.,0.250000428248943));
#7257=CARTESIAN_POINT('',(-45.4116288165603,-108.,-0.0164858788248975));
#7258=CARTESIAN_POINT('',(-21.2408806365854,-110.,0.));
#7259=CARTESIAN_POINT('',(-21.2408806365854,-110.,0.25));
#7260=CARTESIAN_POINT('',(-21.2408806365854,-98.,0.25));
#7261=CARTESIAN_POINT('',(-21.2408806365854,-98.,26.));
#7262=CARTESIAN_POINT('',(64.9051997689878,-110.,0.));
#7263=CARTESIAN_POINT('',(64.9051997689878,-110.,0.25));
#7264=CARTESIAN_POINT('',(64.9051997689878,-98.,0.25));
#7265=CARTESIAN_POINT('',(64.9051997689878,-98.,26.));
#7266=CARTESIAN_POINT('',(21.2408806365893,-110.,7.));
#7267=CARTESIAN_POINT('',(21.2408806365893,-98.,26.));
#7268=CARTESIAN_POINT('',(21.2408806365893,-98.,0.25));
#7269=CARTESIAN_POINT('',(21.2408806365893,-110.,0.25));
#7270=CARTESIAN_POINT('',(-64.8901097268526,-110.,7.02546046510421));
#7271=CARTESIAN_POINT('',(-64.8493642218356,-98.,25.9609433344656));
#7272=CARTESIAN_POINT('',(-64.9046892115091,-98.,0.249999421217825));
#7273=CARTESIAN_POINT('',(-64.9046892126549,-98.,0.249999999999998));
#7274=CARTESIAN_POINT('',(-63.0087465974912,-97.9999999996222,0.249415714933733));
#7275=CARTESIAN_POINT('',(-59.2186132257685,-98.9158156713088,0.248250914462851));
#7276=CARTESIAN_POINT('',(-56.2638419617707,-101.460055646981,0.248883652041893));
#7277=CARTESIAN_POINT('',(-55.1578723022634,-102.999999999581,0.249999236329376));
#7278=CARTESIAN_POINT('',(-43.062281167671,-103.,9.99999999999999));
#7279=CARTESIAN_POINT('',(-43.062281167671,-103.,5.2));
#7280=CARTESIAN_POINT('',(-43.062281167671,-107.,5.2));
#7281=CARTESIAN_POINT('',(-43.062281167671,-103.,9.99999999999999));
#7282=CARTESIAN_POINT('',(-43.062281167671,-103.,5.2));
#7283=CARTESIAN_POINT('',(-43.062281167671,-103.,5.2));
#7284=CARTESIAN_POINT('',(-40.912281167671,-103.,5.2));
#7285=CARTESIAN_POINT('',(43.0730402027886,-103.,9.99999999999999));
#7286=CARTESIAN_POINT('',(43.0730402027886,-103.,5.2));
#7287=CARTESIAN_POINT('',(43.0730402027886,-107.,5.2));
#7288=CARTESIAN_POINT('',(43.0730402027886,-103.,9.99999999999999));
#7289=CARTESIAN_POINT('',(43.0730402027886,-103.,5.2));
#7290=CARTESIAN_POINT('',(43.0730402027885,-103.,5.2));
#7291=CARTESIAN_POINT('',(45.2230402027885,-103.,5.2));
#7292=CARTESIAN_POINT('',(-2.16840434497101E-15,0.,9.99999999999999));
#7293=CARTESIAN_POINT('',(53.0730402027886,-98.,10.));
#7294=CARTESIAN_POINT('',(0.,-108.,0.));
#7295=CARTESIAN_POINT('',(0.,-108.,0.25));
#7296=CARTESIAN_POINT('',(-33.0730402027846,-108.,10.));
#7297=CARTESIAN_POINT('',(-33.0730402027846,-98.,10.));
#7298=CARTESIAN_POINT('',(0.,-108.,0.));
#7299=CARTESIAN_POINT('',(0.,-108.,0.25));
#7300=CARTESIAN_POINT('',(62.0404309108471,59.1993972409566,24.5));
#7301=CARTESIAN_POINT('',(86.,59.1993972409566,24.5));
#7302=CARTESIAN_POINT('',(86.,59.1993972409566,33.));
#7303=CARTESIAN_POINT('',(57.8386179812577,-54.9237103902045,23.54));
#7304=CARTESIAN_POINT('',(86.,-54.9237103902045,23.54));
#7305=CARTESIAN_POINT('',(86.,-45.8237103902045,23.54));
#7306=CARTESIAN_POINT('',(-81.2499999999999,-94.25,5.));
#7307=CARTESIAN_POINT('',(-81.2499999999999,-94.25,22.));
#7308=CARTESIAN_POINT('',(-81.2499999999999,-95.,22.));
#7309=CARTESIAN_POINT('',(-81.2499999999999,-95.,5.));
#7310=CARTESIAN_POINT('',(-81.2499999999999,-95.,23.5));
#7311=CARTESIAN_POINT('',(-81.2499999999999,-94.25,23.5));
#7312=CARTESIAN_POINT('',(-81.2499999999999,94.25,22.));
#7313=CARTESIAN_POINT('',(-81.2499999999999,94.25,22.));
#7314=CARTESIAN_POINT('',(-81.2499999999999,95.,22.));
#7315=CARTESIAN_POINT('',(-81.2499999999999,94.25,23.5));
#7316=CARTESIAN_POINT('',(-81.2499999999999,95.,23.5));
#7317=CARTESIAN_POINT('',(-81.2499999999999,95.,22.));
#7318=CARTESIAN_POINT('',(-82.,-95.,25.));
#7319=CARTESIAN_POINT('',(-82.,-95.,22.));
#7320=CARTESIAN_POINT('',(-82.,-95.,23.5));
#7321=CARTESIAN_POINT('',(-82.,95.,25.));
#7322=CARTESIAN_POINT('',(-82.,95.,22.));
#7323=CARTESIAN_POINT('',(-82.,97.,22.));
#7324=CARTESIAN_POINT('',(-82.,97.,22.));
#7325=CARTESIAN_POINT('',(-82.,97.,23.5));
#7326=CARTESIAN_POINT('',(-82.,95.,23.5));
#7327=CARTESIAN_POINT('',(82.25,94.25,5.));
#7328=CARTESIAN_POINT('',(82.25,94.25,22.));
#7329=CARTESIAN_POINT('',(82.25,95.,22.));
#7330=CARTESIAN_POINT('',(82.25,95.,5.));
#7331=CARTESIAN_POINT('',(82.25,95.,23.5));
#7332=CARTESIAN_POINT('',(82.25,94.25,23.5));
#7333=CARTESIAN_POINT('',(0.,97.,5.));
#7334=CARTESIAN_POINT('',(-82.,97.,22.));
#7335=CARTESIAN_POINT('',(-82.,97.,23.5));
#7336=CARTESIAN_POINT('',(82.25,-94.25,35.));
#7337=CARTESIAN_POINT('',(82.25,-94.25,22.));
#7338=CARTESIAN_POINT('',(82.25,-95.,22.));
#7339=CARTESIAN_POINT('',(82.25,-94.25,23.5));
#7340=CARTESIAN_POINT('',(82.25,-95.,23.5));
#7341=CARTESIAN_POINT('',(82.25,-95.,5.));
#7342=CARTESIAN_POINT('',(83.,-95.,25.));
#7343=CARTESIAN_POINT('',(83.,-95.,22.));
#7344=CARTESIAN_POINT('',(83.,-95.,23.5));
#7345=CARTESIAN_POINT('',(85.,92.9636784413023,33.5));
#7346=CARTESIAN_POINT('',(86.,92.9636784413023,33.5));
#7347=CARTESIAN_POINT('',(86.,82.9636784413023,33.5));
#7348=CARTESIAN_POINT('',(86.,92.9636784413023,23.5));
#7349=CARTESIAN_POINT('',(0.,92.9636784413023,23.5));
#7350=CARTESIAN_POINT('',(85.,82.9636784413023,33.5));
#7351=CARTESIAN_POINT('',(85.,66.9636784413023,33.5));
#7352=CARTESIAN_POINT('',(86.,66.9636784413023,33.5));
#7353=CARTESIAN_POINT('',(85.,-66.9636784413023,33.5));
#7354=CARTESIAN_POINT('',(86.,-66.9636784413023,33.5));
#7355=CARTESIAN_POINT('',(86.,-82.9636784413023,33.5));
#7356=CARTESIAN_POINT('',(85.,-82.9636784413023,33.5));
#7357=CARTESIAN_POINT('',(0.,-95.,5.));
#7358=CARTESIAN_POINT('',(-81.25,-95.,22.));
#7359=CARTESIAN_POINT('',(-80.,-95.,23.5));
#7360=CARTESIAN_POINT('',(83.,92.9636784413023,33.5));
#7361=CARTESIAN_POINT('',(-82.,92.9636784413023,23.5));
#7362=CARTESIAN_POINT('',(81.4646106362633,92.9636784413023,23.5));
#7363=CARTESIAN_POINT('',(81.4646106362633,92.9636784413023,23.5));
#7364=CARTESIAN_POINT('',(81.4882075750797,92.8773541363908,23.5));
#7365=CARTESIAN_POINT('',(81.5,92.7894602313028,23.5011172265875));
#7366=CARTESIAN_POINT('',(81.5,92.7,23.5034769204692));
#7367=CARTESIAN_POINT('',(83.,82.9636784413023,33.50000285173));
#7368=CARTESIAN_POINT('',(83.,66.9636784413023,33.5));
#7369=CARTESIAN_POINT('',(83.,-66.9636784413023,33.5));
#7370=CARTESIAN_POINT('',(83.,-82.9636784413023,33.50000285173));
#7371=CARTESIAN_POINT('',(83.,-92.9636784413023,33.5));
#7372=CARTESIAN_POINT('',(81.5,-92.7,23.5034769204692));
#7373=CARTESIAN_POINT('',(81.5,-92.7894602313028,23.5011172265875));
#7374=CARTESIAN_POINT('',(81.4882075750798,-92.8773541363908,23.5));
#7375=CARTESIAN_POINT('',(81.4646106362633,-92.9636784413023,23.5));
#7376=CARTESIAN_POINT('',(81.4646106362633,-92.9636784413023,23.5));
#7377=CARTESIAN_POINT('',(83.,-92.9636784413023,23.5));
#7378=CARTESIAN_POINT('',(0.,95.,5.));
#7379=CARTESIAN_POINT('',(82.25,95.,22.));
#7380=CARTESIAN_POINT('',(-82.,95.,23.5));
#7381=CARTESIAN_POINT('',(-82.,-93.,23.5));
#7382=CARTESIAN_POINT('',(80.5,-92.7,23.5));
#7383=CARTESIAN_POINT('',(80.5,-93.7,23.5));
#7384=CARTESIAN_POINT('',(-82.,-93.7,23.5));
#7385=CARTESIAN_POINT('',(-79.6999999999999,-93.7,23.5));
#7386=CARTESIAN_POINT('',(-79.6999999999999,-92.7,23.5));
#7387=CARTESIAN_POINT('',(-80.6999999999999,-92.7,23.5));
#7388=CARTESIAN_POINT('',(-80.6999999999999,-93.,23.5));
#7389=CARTESIAN_POINT('',(-80.6999999999999,92.7,23.5));
#7390=CARTESIAN_POINT('',(-79.6999999999999,92.7,23.5));
#7391=CARTESIAN_POINT('',(-79.6999999999999,93.7,23.5));
#7392=CARTESIAN_POINT('',(-80.,93.7,23.5));
#7393=CARTESIAN_POINT('',(80.5,93.7,23.5));
#7394=CARTESIAN_POINT('',(80.5,92.7,23.5));
#7395=CARTESIAN_POINT('',(-86.5,0.,10.));
#7396=CARTESIAN_POINT('',(-88.5,0.,10.));
#7397=CARTESIAN_POINT('',(-90.9,0.,10.));
#7398=CARTESIAN_POINT('',(-88.5,0.,10.));
#7399=CARTESIAN_POINT('',(-88.5,0.,23.5));
#7400=CARTESIAN_POINT('',(-90.9,0.,23.5));
#7401=CARTESIAN_POINT('',(59.1163216874397,23.4998709517019,26.675864599856));
#7402=CARTESIAN_POINT('',(86.,23.4998709517019,26.675864599856));
#7403=CARTESIAN_POINT('',(86.,30.6998396506249,26.675864599856));
#7404=CARTESIAN_POINT('',(86.,23.4998709517019,33.875833298779));
#7405=CARTESIAN_POINT('',(59.1163216874397,23.4998709517019,33.875833298779));
#7406=CARTESIAN_POINT('',(59.1163216874397,30.6998396506249,26.675864599856));
#7407=CARTESIAN_POINT('',(59.1163216874397,30.6998396506249,15.475926103726));
#7408=CARTESIAN_POINT('',(86.,30.6998396506249,15.475926103726));
#7409=CARTESIAN_POINT('',(86.,30.6998396506249,15.475926103726));
#7410=CARTESIAN_POINT('',(59.1163216874397,30.6998396506249,15.475926103726));
#7411=CARTESIAN_POINT('',(59.1163216874397,23.4998709517019,15.475926103726));
#7412=CARTESIAN_POINT('',(86.,23.4998709517019,15.475926103726));
#7413=CARTESIAN_POINT('',(86.,23.499870951702,8.27595740480302));
#7414=CARTESIAN_POINT('',(59.1163216874397,23.499870951702,8.27595740480302));
#7415=CARTESIAN_POINT('',(59.1163216874397,-23.499870951696,8.27595740480301));
#7416=CARTESIAN_POINT('',(86.,-25.499870951696,8.27595740480301));
#7417=CARTESIAN_POINT('',(86.,-23.499870951696,8.27595740480301));
#7418=CARTESIAN_POINT('',(59.1163216874397,-23.499870951696,8.27595740480301));
#7419=CARTESIAN_POINT('',(59.1163216874397,-23.499870951696,15.475926103726));
#7420=CARTESIAN_POINT('',(86.,-23.499870951696,15.475926103726));
#7421=CARTESIAN_POINT('',(86.,-30.699839650619,15.475926103726));
#7422=CARTESIAN_POINT('',(59.1163216874397,-30.699839650619,15.475926103726));
#7423=CARTESIAN_POINT('',(59.1163216874397,-30.699839650619,26.675864599856));
#7424=CARTESIAN_POINT('',(86.,-30.699839650619,26.675864599856));
#7425=CARTESIAN_POINT('',(86.,-30.699839650619,26.675864599856));
#7426=CARTESIAN_POINT('',(59.1163216874397,-30.699839650619,26.675864599856));
#7427=CARTESIAN_POINT('',(59.1163216874397,-23.499870951696,26.675864599856));
#7428=CARTESIAN_POINT('',(86.,-23.499870951696,26.675864599856));
#7429=CARTESIAN_POINT('',(86.,-23.499870951696,33.875833298779));
#7430=CARTESIAN_POINT('',(59.1163216874397,-23.499870951696,33.875833298779));
#7431=CARTESIAN_POINT('',(59.1163216874397,-31.699825922079,31.875836044487));
#7432=CARTESIAN_POINT('',(86.,-31.699825922079,31.875836044487));
#7433=CARTESIAN_POINT('',(86.,-31.699825922079,33.525836044487));
#7434=CARTESIAN_POINT('',(59.1163216874397,-33.199817684949,13.775935439135));
#7435=CARTESIAN_POINT('',(86.,-33.199817684949,13.775935439135));
#7436=CARTESIAN_POINT('',(86.,-33.199817684949,15.425935439135));
#7437=CARTESIAN_POINT('',(59.1163216874397,31.6998259220829,31.875836044487));
#7438=CARTESIAN_POINT('',(86.,31.6998259220829,31.875836044487));
#7439=CARTESIAN_POINT('',(86.,31.6998259220829,33.525836044487));
#7440=CARTESIAN_POINT('',(59.1163216874397,33.1998176849569,13.775935439135));
#7441=CARTESIAN_POINT('',(86.,33.1998176849569,13.775935439135));
#7442=CARTESIAN_POINT('',(86.,33.1998176849569,15.425935439135));
#7443=CARTESIAN_POINT('',(0.5,-102.5,10.));
#7444=CARTESIAN_POINT('',(0.5,-102.5,23.5));
#7445=CARTESIAN_POINT('',(0.5,-100.1,23.5));
#7446=CARTESIAN_POINT('',(0.5,-102.5,10.));
#7447=CARTESIAN_POINT('',(0.5,-100.1,10.));
#7448=CARTESIAN_POINT('',(0.5,-96.5,10.));
#7449=CARTESIAN_POINT('',(-86.0215179775868,-101.5,10.));
#7450=CARTESIAN_POINT('',(-86.0215179775868,-101.5,23.5));
#7451=CARTESIAN_POINT('',(-86.0215179775868,-99.1,23.5));
#7452=CARTESIAN_POINT('',(-86.0215179775868,-101.5,10.));
#7453=CARTESIAN_POINT('',(-86.0215179775868,-99.1,10.));
#7454=CARTESIAN_POINT('',(-83.5,-96.5,10.));
#7455=CARTESIAN_POINT('',(-86.0215179775868,101.5,10.));
#7456=CARTESIAN_POINT('',(-86.0215179775868,101.5,23.5));
#7457=CARTESIAN_POINT('',(-86.0215179775868,103.9,23.5));
#7458=CARTESIAN_POINT('',(-86.0215179775868,101.5,10.));
#7459=CARTESIAN_POINT('',(-86.0215179775868,99.1,10.));
#7460=CARTESIAN_POINT('',(-83.5,96.5,10.));
#7461=CARTESIAN_POINT('',(0.499999999999987,102.5,10.));
#7462=CARTESIAN_POINT('',(0.499999999999987,102.5,23.5));
#7463=CARTESIAN_POINT('',(0.499999999999987,104.9,23.5));
#7464=CARTESIAN_POINT('',(0.499999999999987,102.5,10.));
#7465=CARTESIAN_POINT('',(0.499999999999987,100.1,10.));
#7466=CARTESIAN_POINT('',(0.5,96.5,10.));
#7467=CARTESIAN_POINT('',(-71.9236457977151,-111.,3.46944695195361E-15));
#7468=CARTESIAN_POINT('',(-82.7043715823228,-103.735294117647,0.));
#7469=CARTESIAN_POINT('',(-82.7043715823228,-103.735294117647,0.25));
#7470=CARTESIAN_POINT('',(-82.7043715823228,-103.735294117647,23.5));
#7471=CARTESIAN_POINT('',(-71.9236457977151,-111.,0.25));
#7472=CARTESIAN_POINT('',(-71.9236457977151,-98.,0.25));
#7473=CARTESIAN_POINT('',(-71.9236457977151,-98.,3.46944695195361E-15));
#7474=CARTESIAN_POINT('',(-71.9236457977151,-98.,23.5));
#7475=CARTESIAN_POINT('',(-71.9236457977151,-111.,23.5));
#7476=CARTESIAN_POINT('',(-98.,-89.4370000232644,3.46944695195361E-15));
#7477=CARTESIAN_POINT('',(-85.,-89.4370000232644,3.46944695195361E-15));
#7478=CARTESIAN_POINT('',(-85.,-89.4370000232644,0.25));
#7479=CARTESIAN_POINT('',(-85.,-89.4370000232644,23.5));
#7480=CARTESIAN_POINT('',(-98.,-89.4370000232644,0.25));
#7481=CARTESIAN_POINT('',(-88.8399843358016,-98.6616470642975,0.25));
#7482=CARTESIAN_POINT('',(-88.8399843358016,-98.6616470642975,17.));
#7483=CARTESIAN_POINT('',(-88.8399843358016,-98.6616470642975,23.5));
#7484=CARTESIAN_POINT('',(-98.,-89.4370000232644,23.5));
#7485=CARTESIAN_POINT('',(-98.,-14.0978721798717,3.46944695195361E-15));
#7486=CARTESIAN_POINT('',(-90.7352979074279,-3.31714384148011,0.));
#7487=CARTESIAN_POINT('',(-90.7352979074279,-3.31714384148011,0.25));
#7488=CARTESIAN_POINT('',(-90.7352950685203,-3.31714575450794,23.5));
#7489=CARTESIAN_POINT('',(-98.,-14.0978721798717,0.25));
#7490=CARTESIAN_POINT('',(-85.,-14.0978721798717,0.25));
#7491=CARTESIAN_POINT('',(-85.,-14.0978721798717,3.46944695195361E-15));
#7492=CARTESIAN_POINT('',(-85.,-14.0978721798717,23.5));
#7493=CARTESIAN_POINT('',(-98.,-14.0978721798717,23.5));
#7494=CARTESIAN_POINT('',(-98.,14.0978721798717,3.46944695195361E-15));
#7495=CARTESIAN_POINT('',(-85.,14.0978721798717,3.46944695195361E-15));
#7496=CARTESIAN_POINT('',(-85.,14.0978721798717,0.25));
#7497=CARTESIAN_POINT('',(-85.,14.0978721798717,23.5));
#7498=CARTESIAN_POINT('',(-98.,14.0978721798717,0.25));
#7499=CARTESIAN_POINT('',(-90.7352979072773,3.31714384158159,0.25));
#7500=CARTESIAN_POINT('',(-90.7352979072773,3.31714384158159,17.));
#7501=CARTESIAN_POINT('',(-90.7352979072773,3.31714384158159,23.5));
#7502=CARTESIAN_POINT('',(-98.,14.0978721798717,23.5));
#7503=CARTESIAN_POINT('',(-98.,89.4370000232645,3.46944695195361E-15));
#7504=CARTESIAN_POINT('',(-88.8399843358017,98.6616470642977,0.));
#7505=CARTESIAN_POINT('',(-88.8399843358017,98.6616470642977,0.25));
#7506=CARTESIAN_POINT('',(-88.8399843358017,98.6616470642977,23.5));
#7507=CARTESIAN_POINT('',(-98.,89.4370000232645,0.25));
#7508=CARTESIAN_POINT('',(-85.,89.4370000232645,0.25));
#7509=CARTESIAN_POINT('',(-85.,89.4370000232645,3.46944695195361E-15));
#7510=CARTESIAN_POINT('',(-85.,89.4370000232645,23.5));
#7511=CARTESIAN_POINT('',(-98.,89.4370000232645,23.5));
#7512=CARTESIAN_POINT('',(-71.923645797715,111.,3.46944695195361E-15));
#7513=CARTESIAN_POINT('',(-71.923645797715,98.,3.46944695195361E-15));
#7514=CARTESIAN_POINT('',(-71.923645797715,98.,0.25));
#7515=CARTESIAN_POINT('',(-71.923645797715,98.,23.5));
#7516=CARTESIAN_POINT('',(-71.923645797715,111.,0.25));
#7517=CARTESIAN_POINT('',(-82.7043715823229,103.735294117647,0.25));
#7518=CARTESIAN_POINT('',(-82.7043715823229,103.735294117647,17.));
#7519=CARTESIAN_POINT('',(-82.7043715823229,103.735294117647,23.5));
#7520=CARTESIAN_POINT('',(-71.923645797715,111.,23.5));
#7521=CARTESIAN_POINT('',(-14.2224318643355,111.,3.46944695195361E-15));
#7522=CARTESIAN_POINT('',(-2.96410408506753,104.499995721956,0.));
#7523=CARTESIAN_POINT('',(-2.96410408506753,104.499995721956,0.25));
#7524=CARTESIAN_POINT('',(-2.96410223278136,104.49999893021,23.5));
#7525=CARTESIAN_POINT('',(-14.2224318643355,111.,0.25));
#7526=CARTESIAN_POINT('',(-14.2224318643355,98.,0.25));
#7527=CARTESIAN_POINT('',(-14.2224318643355,98.,3.46944695195361E-15));
#7528=CARTESIAN_POINT('',(-14.2224318643355,98.,23.5));
#7529=CARTESIAN_POINT('',(-14.2224318643355,111.,23.5));
#7530=CARTESIAN_POINT('',(15.2224318643355,111.,3.46944695195361E-15));
#7531=CARTESIAN_POINT('',(15.2224318643355,111.,0.25));
#7532=CARTESIAN_POINT('',(3.96410408520929,104.499995721711,0.25));
#7533=CARTESIAN_POINT('',(3.96410408520929,104.499995721711,20.));
#7534=CARTESIAN_POINT('',(3.96410408520929,104.499995721711,23.5));
#7535=CARTESIAN_POINT('',(15.2224318643355,111.,23.5));
#7536=CARTESIAN_POINT('',(15.2224318643355,-111.,3.46944695195361E-15));
#7537=CARTESIAN_POINT('',(3.96409941717192,-104.500003806989,0.));
#7538=CARTESIAN_POINT('',(3.96409941717192,-104.500003806989,0.25));
#7539=CARTESIAN_POINT('',(3.96410106349918,-104.500000955466,23.5));
#7540=CARTESIAN_POINT('',(15.2224318643355,-111.,0.25));
#7541=CARTESIAN_POINT('',(15.2224318643355,-98.,0.25));
#7542=CARTESIAN_POINT('',(15.2224318643355,-98.,3.46944695195361E-15));
#7543=CARTESIAN_POINT('',(15.2224318643355,-98.,23.5));
#7544=CARTESIAN_POINT('',(15.2224318643355,-111.,23.5));
#7545=CARTESIAN_POINT('',(-14.2224318643355,-111.,3.46944695195361E-15));
#7546=CARTESIAN_POINT('',(-14.2224318643355,-98.,3.46944695195361E-15));
#7547=CARTESIAN_POINT('',(-14.2224318643355,-98.,0.25));
#7548=CARTESIAN_POINT('',(-14.2224318643355,-98.,23.5));
#7549=CARTESIAN_POINT('',(-14.2224318643355,-111.,0.25));
#7550=CARTESIAN_POINT('',(-2.96409941732318,-104.500003806726,0.25));
#7551=CARTESIAN_POINT('',(-2.96409941732318,-104.500003806726,17.));
#7552=CARTESIAN_POINT('',(-2.96410106459297,-104.500000953572,23.5));
#7553=CARTESIAN_POINT('',(-14.2224318643355,-111.,23.5));
#7554=CARTESIAN_POINT('',(0.500000000000002,102.5,3.46944695195361E-15));
#7555=CARTESIAN_POINT('',(0.500000000000002,102.5,0.25));
#7556=CARTESIAN_POINT('',(0.500000000000002,102.5,23.5));
#7557=CARTESIAN_POINT('',(-86.0215179775869,101.5,3.46944695195361E-15));
#7558=CARTESIAN_POINT('',(-86.0215179775869,101.5,0.25));
#7559=CARTESIAN_POINT('',(-86.0215179775869,101.5,23.5));
#7560=CARTESIAN_POINT('',(-88.5,0.,3.46944695195361E-15));
#7561=CARTESIAN_POINT('',(-88.5,0.,0.25));
#7562=CARTESIAN_POINT('',(-88.5,0.,23.5));
#7563=CARTESIAN_POINT('',(-86.0215179775867,-101.5,3.46944695195361E-15));
#7564=CARTESIAN_POINT('',(-86.0215179775867,-101.5,0.25));
#7565=CARTESIAN_POINT('',(-86.0215179775867,-101.5,23.5));
#7566=CARTESIAN_POINT('',(0.5,-102.5,3.46944695195361E-15));
#7567=CARTESIAN_POINT('',(0.5,-102.5,0.25));
#7568=CARTESIAN_POINT('',(0.5,-102.5,23.5));
#7569=CARTESIAN_POINT('',(0.,0.,2.));
#7570=CARTESIAN_POINT('',(-80.4999999999999,0.,2.));
#7571=CARTESIAN_POINT('',(-80.4999999999999,92.7,2.));
#7572=CARTESIAN_POINT('',(-80.4999999999999,-92.7,2.));
#7573=CARTESIAN_POINT('',(-79.6999999999999,-92.7,2.));
#7574=CARTESIAN_POINT('',(-79.6999999999999,-93.5,2.));
#7575=CARTESIAN_POINT('',(0.,-93.5,2.));
#7576=CARTESIAN_POINT('',(80.5,-93.5,2.));
#7577=CARTESIAN_POINT('',(80.5,-92.7,2.));
#7578=CARTESIAN_POINT('',(81.3,-92.7,2.));
#7579=CARTESIAN_POINT('',(81.3,0.,2.));
#7580=CARTESIAN_POINT('',(81.3,92.7,2.));
#7581=CARTESIAN_POINT('',(80.5,92.7,2.));
#7582=CARTESIAN_POINT('',(80.5,93.5,2.));
#7583=CARTESIAN_POINT('',(0.,93.5,2.));
#7584=CARTESIAN_POINT('',(-79.6999999999999,93.5,2.));
#7585=CARTESIAN_POINT('',(-79.6999999999999,92.7,2.));
#7586=CARTESIAN_POINT('',(80.,93.7,2.));
#7587=CARTESIAN_POINT('',(-79.6999999999999,93.7,2.));
#7588=CARTESIAN_POINT('',(-79.6999999999999,93.7,2.2));
#7589=CARTESIAN_POINT('',(80.,93.7,2.2));
#7590=CARTESIAN_POINT('',(80.5,93.7,2.2));
#7591=CARTESIAN_POINT('',(80.5,93.7,20.));
#7592=CARTESIAN_POINT('',(-80.,-93.7,2.));
#7593=CARTESIAN_POINT('',(80.5,-93.7,2.));
#7594=CARTESIAN_POINT('',(80.5,-93.7,2.2));
#7595=CARTESIAN_POINT('',(-80.,-93.7,2.2));
#7596=CARTESIAN_POINT('',(-79.6999999999999,-93.7,2.2));
#7597=CARTESIAN_POINT('',(-79.6999999999999,-93.7,20.));
#7598=CARTESIAN_POINT('',(-85.,96.,26.));
#7599=CARTESIAN_POINT('',(-85.,14.0978721798717,0.25));
#7600=CARTESIAN_POINT('',(-85.,96.,23.5));
#7601=CARTESIAN_POINT('',(0.,0.,48.));
#7602=CARTESIAN_POINT('',(81.0000000000001,66.9636784413023,48.));
#7603=CARTESIAN_POINT('',(81.,-66.9636784413023,48.));
#7604=CARTESIAN_POINT('',(85.,-92.9636784413023,33.5));
#7605=CARTESIAN_POINT('',(85.,-92.9636784413023,23.5));
#7606=CARTESIAN_POINT('',(86.,-92.9636784413023,23.5));
#7607=CARTESIAN_POINT('',(86.,-92.9636784413023,33.5));
#7608=CARTESIAN_POINT('',(0.,0.,23.5));
#7609=CARTESIAN_POINT('',(86.,-98.,23.5));
#7610=CARTESIAN_POINT('',(86.,102.,23.5));
#7611=CARTESIAN_POINT('',(82.,102.,23.5));
#7612=CARTESIAN_POINT('',(82.,106.,23.5));
#7613=CARTESIAN_POINT('',(86.,106.,23.5));
#7614=CARTESIAN_POINT('',(81.3137084989848,106.,23.5));
#7615=CARTESIAN_POINT('',(81.3137084989848,102.,23.5));
#7616=CARTESIAN_POINT('',(77.5424723326565,103.333333333333,23.5));
#7617=CARTESIAN_POINT('',(70.,106.,23.5));
#7618=CARTESIAN_POINT('',(83.,98.,23.5));
#7619=CARTESIAN_POINT('',(-85.,96.,23.5));
#7620=CARTESIAN_POINT('',(0.,-98.,23.5));
#7621=CARTESIAN_POINT('',(-83.,-98.,23.5));
#7622=CARTESIAN_POINT('',(70.,-98.,23.5));
#7623=CARTESIAN_POINT('',(70.,-106.,23.5));
#7624=CARTESIAN_POINT('',(77.5424723326565,-103.333333333333,23.5));
#7625=CARTESIAN_POINT('',(81.3137084989847,-102.,23.5));
#7626=CARTESIAN_POINT('',(81.3137084989847,-106.,23.5));
#7627=CARTESIAN_POINT('',(1.83880688453542E-13,-106.,23.5));
#7628=CARTESIAN_POINT('',(82.,-106.,23.5));
#7629=CARTESIAN_POINT('',(82.,-102.,23.5));
#7630=CARTESIAN_POINT('',(86.,-102.,23.5));
#7631=CARTESIAN_POINT('',(86.,-98.,23.5));
#7632=CARTESIAN_POINT('',(82.,-102.,23.5));
#7633=CARTESIAN_POINT('',(82.,-104.4,23.5));
#7634=CARTESIAN_POINT('',(82.,102.,23.5));
#7635=CARTESIAN_POINT('',(82.,99.6,23.5));
#7636=CARTESIAN_POINT('',(59.1163216874397,23.4998709517019,33.875833298779));
#7637=CARTESIAN_POINT('',(86.,-7.91821614119568,33.875833298779));
#7638=CARTESIAN_POINT('',(86.,-98.,26.));
#7639=CARTESIAN_POINT('',(86.,-44.4237103902045,34.04));
#7640=CARTESIAN_POINT('',(86.,-46.5237103902045,34.04));
#7641=CARTESIAN_POINT('',(86.,-65.4237103902045,34.04));
#7642=CARTESIAN_POINT('',(86.,-63.3237103902045,34.04));
#7643=CARTESIAN_POINT('',(86.,-65.4237103902045,13.04));
#7644=CARTESIAN_POINT('',(86.,-63.3237103902045,13.04));
#7645=CARTESIAN_POINT('',(86.,-44.4237103902045,13.04));
#7646=CARTESIAN_POINT('',(86.,-46.5237103902045,13.04));
#7647=CARTESIAN_POINT('',(86.,-102.,26.));
#7648=CARTESIAN_POINT('',(86.,-102.,0.25));
#7649=CARTESIAN_POINT('',(86.,-98.,0.25));
#7650=CARTESIAN_POINT('',(86.,102.,0.25));
#7651=CARTESIAN_POINT('',(86.,102.,18.5));
#7652=CARTESIAN_POINT('',(86.,49.1993972409566,14.5));
#7653=CARTESIAN_POINT('',(86.,50.7993972409566,14.5));
#7654=CARTESIAN_POINT('',(86.,69.1993972409566,14.5));
#7655=CARTESIAN_POINT('',(86.,67.5993972409565,14.5));
#7656=CARTESIAN_POINT('',(86.,69.1993972409566,34.04));
#7657=CARTESIAN_POINT('',(86.,67.5993972409565,34.04));
#7658=CARTESIAN_POINT('',(86.,49.1993972409566,34.04));
#7659=CARTESIAN_POINT('',(86.,50.7993972409566,34.04));
#7660=CARTESIAN_POINT('',(-83.,-98.,26.));
#7661=CARTESIAN_POINT('',(-14.2224318643355,-98.,0.25));
#7662=CARTESIAN_POINT('',(-64.9057651137751,-98.,0.249999421217825));
#7663=CARTESIAN_POINT('',(-83.,-98.,26.));
#7664=CARTESIAN_POINT('',(66.513759278489,-98.,0.142669007718067));
#7665=CARTESIAN_POINT('',(66.7307792967059,-98.,0.129676820281723));
#7666=CARTESIAN_POINT('',(66.9477993149227,-98.,0.116684632845379));
#7667=CARTESIAN_POINT('',(67.1648193331396,-98.,0.103692445409035));
#7668=CARTESIAN_POINT('',(66.5137592789172,-98.,0.142669010182953));
#7669=CARTESIAN_POINT('',(67.1648193105645,-98.000000030661,0.10369206831704));
#7670=CARTESIAN_POINT('',(67.1648192623379,-98.,0.103691262756996));
#7671=CARTESIAN_POINT('',(67.4977966587446,-98.,0.106730348407855));
#7672=CARTESIAN_POINT('',(67.8307740551513,-98.,0.109769434058714));
#7673=CARTESIAN_POINT('',(68.163751451558,-98.,0.112808519709573));
#7674=CARTESIAN_POINT('',(68.1637512220109,-98.0000097415514,0.112833670036556));
#7675=CARTESIAN_POINT('',(68.1637507581832,-98.,0.112839598858459));
#7676=CARTESIAN_POINT('',(68.3861633468348,-98.,0.130239534584827));
#7677=CARTESIAN_POINT('',(68.6085759354865,-98.,0.147639470311196));
#7678=CARTESIAN_POINT('',(68.8309885241382,-98.,0.165039406037563));
#7679=CARTESIAN_POINT('',(68.8309885243492,-98.,0.165039404536145));
#7680=CARTESIAN_POINT('',(68.8309885243492,-98.,0.165039404536144));
#7681=CARTESIAN_POINT('',(69.2167987168137,-98.,0.220824035405844));
#7682=CARTESIAN_POINT('',(69.6063489253666,-98.,0.249999999999999));
#7683=CARTESIAN_POINT('',(70.,-98.,0.249999999999999));
#7684=CARTESIAN_POINT('',(70.,-98.,0.25));
#7685=CARTESIAN_POINT('',(70.,-98.,18.5));
#7686=CARTESIAN_POINT('',(21.2408806365893,-98.,0.25));
#7687=CARTESIAN_POINT('',(66.5137592789172,-98.,0.142669010182953));
#7688=CARTESIAN_POINT('',(65.983594297089,-98.,0.213105832639401));
#7689=CARTESIAN_POINT('',(65.4476018821087,-98.,0.249999999999999));
#7690=CARTESIAN_POINT('',(64.9051997689878,-98.,0.25));
#7691=CARTESIAN_POINT('',(83.,98.,26.));
#7692=CARTESIAN_POINT('',(-71.923645797715,98.,0.25));
#7693=CARTESIAN_POINT('',(-21.240880636587,98.,0.25));
#7694=CARTESIAN_POINT('',(-80.6999999999999,93.,2.));
#7695=CARTESIAN_POINT('',(-80.6999999999999,-92.7,2.));
#7696=CARTESIAN_POINT('',(-80.6999999999999,-92.7,2.2));
#7697=CARTESIAN_POINT('',(-80.6999999999999,0.,2.2));
#7698=CARTESIAN_POINT('',(-80.6999999999999,92.7,2.2));
#7699=CARTESIAN_POINT('',(-80.6999999999999,92.7,20.));
#7700=CARTESIAN_POINT('',(-85.,96.,26.));
#7701=CARTESIAN_POINT('',(-85.,-89.4370000232644,0.25));
#7702=CARTESIAN_POINT('',(43.0730402027885,-103.,-279.53902347393));
#7703=CARTESIAN_POINT('',(-43.062281167671,-103.,-279.53902347393));
#7704=CARTESIAN_POINT('',(43.0730402027895,103.,-280.670707644011));
#7705=CARTESIAN_POINT('',(-43.0730402027862,103.,-280.670707644011));
#7706=CARTESIAN_POINT('',(-64.5,85.,-0.25));
#7707=CARTESIAN_POINT('',(0.499999999999992,85.,-0.25));
#7708=CARTESIAN_POINT('',(65.5,85.,-0.25));
#7709=CARTESIAN_POINT('',(65.5,-85.,-0.25));
#7710=CARTESIAN_POINT('',(0.499999999999992,-85.,-0.25));
#7711=CARTESIAN_POINT('',(-98.,-89.4370000232644,0.25));
#7712=CARTESIAN_POINT('',(-84.5,-89.4370000232644,-0.25));
#7713=CARTESIAN_POINT('',(-88.8399843358016,-98.6616470642975,0.25));
#7714=CARTESIAN_POINT('',(-86.0215179775867,-101.5,0.25));
#7715=CARTESIAN_POINT('',(-82.7043715823228,-103.735294117647,0.25));
#7716=CARTESIAN_POINT('',(-85.,96.,0.25));
#7717=CARTESIAN_POINT('',(-84.5,-14.0978721798717,-0.25));
#7718=CARTESIAN_POINT('',(-71.9236457977151,-111.,0.25));
#7719=CARTESIAN_POINT('',(-71.9236457977151,-98.,0.25));
#7720=CARTESIAN_POINT('',(-98.,-14.0978721798717,0.25));
#7721=CARTESIAN_POINT('',(-90.4558862884833,-2.90250044385035,-0.25));
#7722=CARTESIAN_POINT('',(-83.,-98.,0.249999421217825));
#7723=CARTESIAN_POINT('',(-64.9046892127545,-97.4999999999999,-0.250000000000107));
#7724=CARTESIAN_POINT('',(-64.9046892127213,-97.6666666666666,-0.0833335262607957));
#7725=CARTESIAN_POINT('',(-64.9046892126881,-97.8333333333333,0.0833329474785161));
#7726=CARTESIAN_POINT('',(-64.9046892126549,-98.,0.249999421217828));
#7727=CARTESIAN_POINT('',(-88.5,0.,0.25));
#7728=CARTESIAN_POINT('',(-90.4558856688664,2.902500861382,-0.25));
#7729=CARTESIAN_POINT('',(-64.9046892126549,-98.,0.25));
#7730=CARTESIAN_POINT('',(-63.0095533468173,-97.9999999996224,0.249999999997997));
#7731=CARTESIAN_POINT('',(-61.1149851435084,-98.4572655210844,0.249999907439479));
#7732=CARTESIAN_POINT('',(-57.7402027102305,-100.188431291793,0.249999610267665));
#7733=CARTESIAN_POINT('',(-56.2631335697654,-101.461038666157,0.249999409527182));
#7734=CARTESIAN_POINT('',(-55.1578723022634,-102.999999999581,0.249999236329378));
#7735=CARTESIAN_POINT('',(-64.9046892127545,-97.4999999999998,-0.25));
#7736=CARTESIAN_POINT('',(-62.9305879866361,-97.500169914327,-0.25));
#7737=CARTESIAN_POINT('',(-60.9571675610495,-97.9766558948137,-0.25));
#7738=CARTESIAN_POINT('',(-57.4420458467953,-99.7801517219189,-0.25));
#7739=CARTESIAN_POINT('',(-55.9036177923322,-101.105813640943,-0.25));
#7740=CARTESIAN_POINT('',(-54.7524659864291,-102.708842652797,-0.25));
#7741=CARTESIAN_POINT('',(-54.7524659864291,-102.708842652797,-0.25));
#7742=CARTESIAN_POINT('',(-54.8876013914722,-102.805895077616,-0.0833336292910424));
#7743=CARTESIAN_POINT('',(-55.0227367965153,-102.902947502436,0.0833327414179153));
#7744=CARTESIAN_POINT('',(-55.1578722015583,-102.999999927256,0.249999112126873));
#7745=CARTESIAN_POINT('',(-98.,14.0978721798717,0.25));
#7746=CARTESIAN_POINT('',(-84.5,14.0978721798717,-0.25));
#7747=CARTESIAN_POINT('',(-55.1578723022634,-102.999999999581,0.249999236329378));
#7748=CARTESIAN_POINT('',(-54.0535965127919,-104.53758915661,0.249999409372497));
#7749=CARTESIAN_POINT('',(-52.5766933486624,-105.810947561211,0.249999610162516));
#7750=CARTESIAN_POINT('',(-49.1999132099817,-107.543199059752,0.249999907517752));
#7751=CARTESIAN_POINT('',(-47.3040140078387,-108.,0.24999999999805));
#7752=CARTESIAN_POINT('',(-45.4110553903748,-108.,0.25));
#7753=CARTESIAN_POINT('',(-54.7524659864041,-102.708842652831,-0.25));
#7754=CARTESIAN_POINT('',(-53.6940398165445,-104.182421257144,-0.25));
#7755=CARTESIAN_POINT('',(-52.2784886060814,-105.402693936805,-0.25));
#7756=CARTESIAN_POINT('',(-49.0421308146461,-107.062570029523,-0.25));
#7757=CARTESIAN_POINT('',(-47.2251393391045,-107.500169718925,-0.25));
#7758=CARTESIAN_POINT('',(-45.4110553903748,-107.5,-0.25));
#7759=CARTESIAN_POINT('',(-45.4110553903748,-108.,0.25));
#7760=CARTESIAN_POINT('',(-45.4110553903748,-107.833333333333,0.0833333333333333));
#7761=CARTESIAN_POINT('',(-45.4110553903748,-107.666666666667,-0.0833333333333333));
#7762=CARTESIAN_POINT('',(-45.4110553903748,-107.5,-0.25));
#7763=CARTESIAN_POINT('',(-85.,96.,0.25));
#7764=CARTESIAN_POINT('',(-84.5,89.4370000232645,-0.25));
#7765=CARTESIAN_POINT('',(0.,-108.,0.25));
#7766=CARTESIAN_POINT('',(-40.7344693262033,-108.,0.25));
#7767=CARTESIAN_POINT('',(-98.,89.4370000232645,0.25));
#7768=CARTESIAN_POINT('',(-88.4876760410249,99.0164411812605,-0.25));
#7769=CARTESIAN_POINT('',(-40.7344693262033,-96.,0.25));
#7770=CARTESIAN_POINT('',(-30.9876749813943,-103.,0.25));
#7771=CARTESIAN_POINT('',(-86.0215179775869,101.5,0.25));
#7772=CARTESIAN_POINT('',(-83.1190148817309,103.455882352941,-0.25));
#7773=CARTESIAN_POINT('',(-21.2408806365854,-110.,0.25));
#7774=CARTESIAN_POINT('',(-21.2408806365854,-98.,0.25));
#7775=CARTESIAN_POINT('',(-71.923645797715,111.,0.25));
#7776=CARTESIAN_POINT('',(-71.923645797715,97.5,-0.25));
#7777=CARTESIAN_POINT('',(-83.,-98.,0.25));
#7778=CARTESIAN_POINT('',(-14.2224318643355,-98.,0.25));
#7779=CARTESIAN_POINT('',(83.,98.,0.25));
#7780=CARTESIAN_POINT('',(-64.9051997689854,97.5,-0.25));
#7781=CARTESIAN_POINT('',(-14.2224318643355,-111.,0.25));
#7782=CARTESIAN_POINT('',(-2.96409941732383,-104.500003806727,0.25));
#7783=CARTESIAN_POINT('',(-64.9051997689854,110.,0.25));
#7784=CARTESIAN_POINT('',(-54.7522889931428,102.708333333333,-0.25));
#7785=CARTESIAN_POINT('',(0.5,-102.5,0.25));
#7786=CARTESIAN_POINT('',(3.96409941716982,-104.500003806987,0.25));
#7787=CARTESIAN_POINT('',(-45.4116110793675,96.,0.25));
#7788=CARTESIAN_POINT('',(-45.4116110793675,107.5,-0.25));
#7789=CARTESIAN_POINT('',(15.2224318643355,-111.,0.25));
#7790=CARTESIAN_POINT('',(15.2224318643355,-98.,0.25));
#7791=CARTESIAN_POINT('',(0.,108.,0.25));
#7792=CARTESIAN_POINT('',(-40.7344693262049,107.5,-0.25));
#7793=CARTESIAN_POINT('',(-83.,-98.,0.25));
#7794=CARTESIAN_POINT('',(21.2408806365893,-98.,0.25));
#7795=CARTESIAN_POINT('',(-40.7344693262049,96.,0.25));
#7796=CARTESIAN_POINT('',(-31.3937914124296,102.708333333333,-0.25));
#7797=CARTESIAN_POINT('',(21.2408806365893,-110.,0.25));
#7798=CARTESIAN_POINT('',(30.9876749813983,-103.,0.25));
#7799=CARTESIAN_POINT('',(-21.240880636587,110.,0.25));
#7800=CARTESIAN_POINT('',(-21.240880636587,97.5,-0.25));
#7801=CARTESIAN_POINT('',(40.7344693262072,-96.,0.25));
#7802=CARTESIAN_POINT('',(40.7344693262072,-108.,0.25));
#7803=CARTESIAN_POINT('',(83.,98.,0.25));
#7804=CARTESIAN_POINT('',(-14.2224318643355,97.5,-0.25));
#7805=CARTESIAN_POINT('',(0.,-108.,0.25));
#7806=CARTESIAN_POINT('',(45.4116110793699,-108.,0.25));
#7807=CARTESIAN_POINT('',(-14.2224318643355,111.,0.25));
#7808=CARTESIAN_POINT('',(-2.53109147817347,104.249995557416,-0.25));
#7809=CARTESIAN_POINT('',(45.4116110793699,-96.,0.25));
#7810=CARTESIAN_POINT('',(55.1584054241788,-103.,0.25));
#7811=CARTESIAN_POINT('',(0.500000000000002,102.5,0.25));
#7812=CARTESIAN_POINT('',(3.53109107455581,104.249996256495,-0.25));
#7813=CARTESIAN_POINT('',(64.9051997689878,-110.,0.25));
#7814=CARTESIAN_POINT('',(66.5047987426091,-97.6027712900481,-0.249999862530634));
#7815=CARTESIAN_POINT('',(66.5084322580386,-97.7352147970533,-0.119110238696009));
#7816=CARTESIAN_POINT('',(66.5114189770648,-97.8676259559719,0.0117793851386166));
#7817=CARTESIAN_POINT('',(66.5137592786561,-97.9999999987445,0.142669008973242));
#7818=CARTESIAN_POINT('',(15.2224318643355,111.,0.25));
#7819=CARTESIAN_POINT('',(15.2224318643355,97.5,-0.25));
#7820=CARTESIAN_POINT('',(83.,98.,0.25));
#7821=CARTESIAN_POINT('',(21.2408806365903,97.5,-0.25));
#7822=CARTESIAN_POINT('',(21.2408806365903,110.,0.25));
#7823=CARTESIAN_POINT('',(31.393791412433,102.708333333333,-0.25));
#7824=CARTESIAN_POINT('',(40.7344693262082,96.,0.25));
#7825=CARTESIAN_POINT('',(40.7344693262082,107.5,-0.25));
#7826=CARTESIAN_POINT('',(0.,108.,0.25));
#7827=CARTESIAN_POINT('',(45.4116110793709,107.5,-0.25));
#7828=CARTESIAN_POINT('',(45.4116110793709,96.,0.25));
#7829=CARTESIAN_POINT('',(54.7522889931461,102.708333333333,-0.25));
#7830=CARTESIAN_POINT('',(64.9051997689888,110.,0.25));
#7831=CARTESIAN_POINT('',(64.9051997689888,104.,6.25));
#7832=CARTESIAN_POINT('',(71.3541895278287,49.1993972409566,14.5));
#7833=CARTESIAN_POINT('',(71.3541895278287,69.1993972409566,14.5));
#7834=CARTESIAN_POINT('',(71.3541895278287,69.1993972409566,34.04));
#7835=CARTESIAN_POINT('',(71.3541895278287,49.1993972409566,34.04));
#7836=CARTESIAN_POINT('',(-79.6999999999999,-92.7,2.));
#7837=CARTESIAN_POINT('',(-79.6999999999999,-92.7,2.2));
#7838=CARTESIAN_POINT('',(80.5,-92.7,2.));
#7839=CARTESIAN_POINT('',(80.5,-92.7,2.2));
#7840=CARTESIAN_POINT('',(-79.6999999999999,92.7,2.));
#7841=CARTESIAN_POINT('',(-79.6999999999999,92.7,2.2));
#7842=CARTESIAN_POINT('',(80.5,92.7,2.));
#7843=CARTESIAN_POINT('',(80.5,92.7,2.2));
#7844=CARTESIAN_POINT('',(-82.,95.,22.));
#7845=CARTESIAN_POINT('',(85.,-92.9636784413023,22.));
#7846=CARTESIAN_POINT('',(83.,92.9636784413023,22.));
#7847=CARTESIAN_POINT('',(81.5,65.1993972409566,34.5));
#7848=CARTESIAN_POINT('',(81.5,65.1993972409566,34.5));
#7849=CARTESIAN_POINT('',(80.5,65.1993972409566,34.5));
#7850=CARTESIAN_POINT('',(74.3,65.1993972409566,34.5));
#7851=CARTESIAN_POINT('',(74.3,65.1993972409566,34.5));
#7852=CARTESIAN_POINT('',(80.5,65.1993972409566,34.5));
#7853=CARTESIAN_POINT('',(70.3,64.1993972409566,34.5));
#7854=CARTESIAN_POINT('',(70.3,64.1993972409566,34.5));
#7855=CARTESIAN_POINT('',(70.3,61.1993972409566,34.5));
#7856=CARTESIAN_POINT('',(70.3,57.1993972409566,34.5));
#7857=CARTESIAN_POINT('',(70.3,57.1993972409566,34.5));
#7858=CARTESIAN_POINT('',(70.3,61.1993972409566,34.5));
#7859=CARTESIAN_POINT('',(73.5,53.1993972409566,34.5));
#7860=CARTESIAN_POINT('',(74.3,53.1993972409566,34.5));
#7861=CARTESIAN_POINT('',(74.3,53.1993972409566,34.5));
#7862=CARTESIAN_POINT('',(73.5,53.1993972409566,34.5));
#7863=CARTESIAN_POINT('',(80.5,53.1993972409566,34.5));
#7864=CARTESIAN_POINT('',(80.5,53.1993972409566,34.5));
#7865=CARTESIAN_POINT('',(2.51004673871917E-30,-1.55432633005434E-15,34.5));
#7866=CARTESIAN_POINT('',(74.3,57.1993972409566,34.5));
#7867=CARTESIAN_POINT('',(74.3,61.1993972409566,34.5));
#7868=CARTESIAN_POINT('',(80.5,66.1993972409566,34.5));
#7869=CARTESIAN_POINT('',(80.5,52.1993972409566,34.5));
#7870=CARTESIAN_POINT('',(80.5,66.1993972409566,34.5));
#7871=CARTESIAN_POINT('',(80.5,52.1993972409566,1.99999999999998));
#7872=CARTESIAN_POINT('',(74.3,57.1993972409566,34.5));
#7873=CARTESIAN_POINT('',(74.3,61.1993972409566,34.5));
#7874=CARTESIAN_POINT('',(81.5,-48.9237103902045,34.5));
#7875=CARTESIAN_POINT('',(81.5,-48.9237103902045,34.5));
#7876=CARTESIAN_POINT('',(80.5,-48.9237103902045,34.5));
#7877=CARTESIAN_POINT('',(74.3,-48.9237103902045,34.5));
#7878=CARTESIAN_POINT('',(74.3,-48.9237103902045,34.5));
#7879=CARTESIAN_POINT('',(80.5,-48.9237103902045,34.5));
#7880=CARTESIAN_POINT('',(70.3,-49.9237103902045,34.5));
#7881=CARTESIAN_POINT('',(70.3,-49.9237103902045,34.5));
#7882=CARTESIAN_POINT('',(70.3,-52.9237103902045,34.5));
#7883=CARTESIAN_POINT('',(70.3,-56.9237103902045,34.5));
#7884=CARTESIAN_POINT('',(70.3,-56.9237103902045,34.5));
#7885=CARTESIAN_POINT('',(70.3,-52.9237103902045,34.5));
#7886=CARTESIAN_POINT('',(71.5,-60.9237103902045,34.5));
#7887=CARTESIAN_POINT('',(74.3,-60.9237103902045,34.5));
#7888=CARTESIAN_POINT('',(74.3,-60.9237103902045,34.5));
#7889=CARTESIAN_POINT('',(71.5,-60.9237103902045,34.5));
#7890=CARTESIAN_POINT('',(80.5,-60.9237103902045,34.5));
#7891=CARTESIAN_POINT('',(80.5,-60.9237103902045,34.5));
#7892=CARTESIAN_POINT('',(2.51004673871917E-30,-1.55432633005434E-15,34.5));
#7893=CARTESIAN_POINT('',(74.3,-56.9237103902045,34.5));
#7894=CARTESIAN_POINT('',(74.3,-52.9237103902045,34.5));
#7895=CARTESIAN_POINT('',(80.5,-47.9237103902045,34.5));
#7896=CARTESIAN_POINT('',(80.5,-61.9237103902045,34.5));
#7897=CARTESIAN_POINT('',(80.5,-47.9237103902045,34.5));
#7898=CARTESIAN_POINT('',(80.5,-61.9237103902045,1.99999999999999));
#7899=CARTESIAN_POINT('',(74.3,-56.9237103902045,34.5));
#7900=CARTESIAN_POINT('',(74.3,-52.9237103902045,34.5));
#7901=CARTESIAN_POINT('',(86.,106.,-0.25));
#7902=CARTESIAN_POINT('',(82.,106.,-0.25));
#7903=CARTESIAN_POINT('',(82.,106.,0.25));
#7904=CARTESIAN_POINT('',(86.,106.,0.25));
#7905=CARTESIAN_POINT('',(81.3137084989848,106.,0.25));
#7906=CARTESIAN_POINT('',(81.3137084989848,106.,18.5));
#7907=CARTESIAN_POINT('',(82.,102.,10.));
#7908=CARTESIAN_POINT('',(82.,102.,10.));
#7909=CARTESIAN_POINT('',(82.,99.6,10.));
#7910=CARTESIAN_POINT('',(82.,102.,10.));
#7911=CARTESIAN_POINT('',(70.,106.,-0.25));
#7912=CARTESIAN_POINT('',(77.5424723326565,103.333333333333,-0.25));
#7913=CARTESIAN_POINT('',(77.5424723326565,103.333333333333,0.25));
#7914=CARTESIAN_POINT('',(70.,106.,0.25));
#7915=CARTESIAN_POINT('',(82.,102.,26.));
#7916=CARTESIAN_POINT('',(82.,102.,0.25));
#7917=CARTESIAN_POINT('',(81.3137084989848,102.,-0.25));
#7918=CARTESIAN_POINT('',(81.3137084989848,102.,0.25));
#7919=CARTESIAN_POINT('',(86.,-98.,0.25));
#7920=CARTESIAN_POINT('',(86.,-102.,0.25));
#7921=CARTESIAN_POINT('',(86.,102.,0.25));
#7922=CARTESIAN_POINT('',(82.,102.,-0.25));
#7923=CARTESIAN_POINT('',(82.,106.,0.25));
#7924=CARTESIAN_POINT('',(86.,106.,0.25));
#7925=CARTESIAN_POINT('',(81.3137084989848,106.,0.25));
#7926=CARTESIAN_POINT('',(81.3137084989848,102.,-0.25));
#7927=CARTESIAN_POINT('',(77.5424723326565,103.333333333333,0.25));
#7928=CARTESIAN_POINT('',(70.,106.,-0.25));
#7929=CARTESIAN_POINT('',(70.,98.,0.25));
#7930=CARTESIAN_POINT('',(83.,98.,0.25));
#7931=CARTESIAN_POINT('',(86.,-106.,-0.25));
#7932=CARTESIAN_POINT('',(81.3137084989847,-106.,-0.25));
#7933=CARTESIAN_POINT('',(81.3137084989847,-106.,0.25));
#7934=CARTESIAN_POINT('',(82.,-106.,0.25));
#7935=CARTESIAN_POINT('',(82.,-106.,0.25));
#7936=CARTESIAN_POINT('',(82.,-106.,-0.25));
#7937=CARTESIAN_POINT('',(82.,-102.,10.));
#7938=CARTESIAN_POINT('',(82.,-102.,10.));
#7939=CARTESIAN_POINT('',(82.,-104.4,10.));
#7940=CARTESIAN_POINT('',(82.,-102.,10.));
#7941=CARTESIAN_POINT('',(70.,-106.,26.));
#7942=CARTESIAN_POINT('',(70.,-106.,0.25));
#7943=CARTESIAN_POINT('',(77.5424723326565,-103.333333333333,0.25));
#7944=CARTESIAN_POINT('',(77.5424723326565,-103.333333333333,26.));
#7945=CARTESIAN_POINT('',(82.,-102.,-0.25));
#7946=CARTESIAN_POINT('',(82.,-102.,0.25));
#7947=CARTESIAN_POINT('',(81.3137084989847,-102.,26.));
#7948=CARTESIAN_POINT('',(81.3137084989847,-102.,0.25));
#7949=CARTESIAN_POINT('',(80.5,92.7,2.));
#7950=CARTESIAN_POINT('',(81.5,92.7,2.2));
#7951=CARTESIAN_POINT('',(80.5,93.1,1.6));
#7952=CARTESIAN_POINT('',(0.,93.5,2.));
#7953=CARTESIAN_POINT('',(-79.6999999999999,93.1,1.6));
#7954=CARTESIAN_POINT('',(81.3,0.,2.));
#7955=CARTESIAN_POINT('',(81.5,-92.7,2.2));
#7956=CARTESIAN_POINT('',(-79.6999999999999,92.7,2.));
#7957=CARTESIAN_POINT('',(-80.6999999999999,92.7,2.2));
#7958=CARTESIAN_POINT('',(80.5,-92.7,2.));
#7959=CARTESIAN_POINT('',(80.5,-93.1,1.6));
#7960=CARTESIAN_POINT('',(-80.4999999999999,0.,2.));
#7961=CARTESIAN_POINT('',(-80.6999999999999,-92.7,2.2));
#7962=CARTESIAN_POINT('',(0.,-93.5,2.));
#7963=CARTESIAN_POINT('',(-79.6999999999999,-93.1,1.6));
#7964=CARTESIAN_POINT('',(-79.6999999999999,-92.7,2.));
#7965=CARTESIAN_POINT('',(70.,-106.,-0.25));
#7966=CARTESIAN_POINT('',(68.8309885242489,-98.000000000758,0.165039405271687));
#7967=CARTESIAN_POINT('',(68.8273788248353,-97.8607117547989,0.0266929366030321));
#7968=CARTESIAN_POINT('',(68.8246180730461,-97.721350924079,-0.111653532065623));
#7969=CARTESIAN_POINT('',(68.8227070611682,-97.5819253181824,-0.250000000734279));
#7970=CARTESIAN_POINT('',(77.5424723326565,-103.333333333333,0.25));
#7971=CARTESIAN_POINT('',(81.3137084989847,-102.,-0.25));
#7972=CARTESIAN_POINT('',(81.3137084989847,-106.,0.25));
#7973=CARTESIAN_POINT('',(40.7344693262073,-105.5,-0.25));
#7974=CARTESIAN_POINT('',(82.,-106.,0.25));
#7975=CARTESIAN_POINT('',(82.,-102.,-0.25));
#7976=CARTESIAN_POINT('',(68.8310422150239,-98.0025077567211,0.167528567018619));
#7977=CARTESIAN_POINT('',(68.8280223591059,-97.8615162871979,0.0275827429258095));
#7978=CARTESIAN_POINT('',(68.8252107003386,-97.7204934704097,-0.112420021280586));
#7979=CARTESIAN_POINT('',(68.8226616953464,-97.5794160408653,-0.252491380582484));
#7980=CARTESIAN_POINT('',(68.1599794109156,-98.0134525436648,0.125764906824572));
#7981=CARTESIAN_POINT('',(68.1569555572209,-97.871878071032,-0.0139254380839391));
#7982=CARTESIAN_POINT('',(68.1540184884892,-97.7312011572272,-0.152805935806566));
#7983=CARTESIAN_POINT('',(68.1514548089215,-97.5889391640621,-0.293274432023012));
#7984=CARTESIAN_POINT('',(68.1637515519544,-98.000017511607,0.11282578864029));
#7985=CARTESIAN_POINT('',(68.1611190468624,-97.8774311641137,-0.00813897784193505));
#7986=CARTESIAN_POINT('',(68.1585589449031,-97.7554557994714,-0.128556244480535));
#7987=CARTESIAN_POINT('',(68.1562566250261,-97.6324873082179,-0.249975297932298));
#7988=CARTESIAN_POINT('',(66.504744934486,-97.6004393143658,-0.252305786701855));
#7989=CARTESIAN_POINT('',(66.5077705558247,-97.7315148511747,-0.122694566119105));
#7990=CARTESIAN_POINT('',(66.5106950615544,-97.8669306364765,0.01118702510551));
#7991=CARTESIAN_POINT('',(66.5138147464343,-98.002409699083,0.145049970265727));
#7992=CARTESIAN_POINT('',(67.1604131362686,-97.600451723015,-0.290262536354513));
#7993=CARTESIAN_POINT('',(67.163439345941,-97.7323043555899,-0.160295513687142));
#7994=CARTESIAN_POINT('',(67.1662988387694,-97.8673631745959,-0.0271950094260991));
#7995=CARTESIAN_POINT('',(67.1693647752925,-98.0028817651854,0.106261342378918));
#7996=CARTESIAN_POINT('',(67.1574223177217,-97.6410487939275,-0.250019460043501));
#7997=CARTESIAN_POINT('',(67.1599017989333,-97.7590237550836,-0.133724040863982));
#7998=CARTESIAN_POINT('',(67.162279664285,-97.8793228758516,-0.0151643122361287));
#7999=CARTESIAN_POINT('',(67.1648191529212,-98.0000002318167,0.103691867447391));
#8000=CARTESIAN_POINT('',(67.1573662804789,-97.638263197096,-0.25276555564134));
#8001=CARTESIAN_POINT('',(67.1598720132639,-97.7629601455932,-0.129836631056229));
#8002=CARTESIAN_POINT('',(67.1624125505908,-97.8852833725412,-0.0092924117810111));
#8003=CARTESIAN_POINT('',(67.1650438418581,-98.0107147079652,0.114244291337683));
#8004=CARTESIAN_POINT('',(68.15621215274,-97.6302493880609,-0.252185212650984));
#8005=CARTESIAN_POINT('',(68.1586868411751,-97.7546760119101,-0.129314924440038));
#8006=CARTESIAN_POINT('',(68.1611836431604,-97.8769481043855,-0.00860895214840858));
#8007=CARTESIAN_POINT('',(68.1637980422235,-98.0022458048615,0.11502449876476));
#8008=CARTESIAN_POINT('',(51.2067084047705,-44.4237103902045,13.04));
#8009=CARTESIAN_POINT('',(51.2067084047705,-65.4237103902045,13.04));
#8010=CARTESIAN_POINT('',(51.2067084047705,-65.4237103902045,34.04));
#8011=CARTESIAN_POINT('',(51.2067084047705,-44.4237103902045,34.04));
#8012=CARTESIAN_POINT('',(85.7459204520999,-66.9636784413023,33.5));
#8013=CARTESIAN_POINT('',(85.7459204520999,-81.4636784413023,33.5));
#8014=CARTESIAN_POINT('',(85.7459204520999,-92.9636784413023,33.5));
#8015=CARTESIAN_POINT('',(85.8907818318805,66.9636784413023,33.5));
#8016=CARTESIAN_POINT('',(85.8907818318805,81.4636784413023,33.5));
#8017=CARTESIAN_POINT('',(85.8907818318805,92.9636784413023,33.5));
#8018=CARTESIAN_POINT('',(76.5,59.1993972409566,49.5));
#8019=CARTESIAN_POINT('',(76.5,59.1993972409566,49.5));
#8020=CARTESIAN_POINT('',(76.5,62.4493972409566,49.5));
#8021=CARTESIAN_POINT('',(77.5,59.1993972409566,36.5));
#8022=CARTESIAN_POINT('',(76.5,59.1993972409566,36.5));
#8023=CARTESIAN_POINT('',(76.5,56.7993972409566,36.5));
#8024=CARTESIAN_POINT('',(76.5,59.1993972409566,36.5));
#8025=CARTESIAN_POINT('',(76.5,59.1993972409566,49.5));
#8026=CARTESIAN_POINT('',(76.5,56.7993972409566,49.5));
#8027=CARTESIAN_POINT('',(83.,-30.4497888550091,49.5));
#8028=CARTESIAN_POINT('',(76.5,-54.9237103902045,49.5));
#8029=CARTESIAN_POINT('',(76.5,-54.9237103902045,49.5));
#8030=CARTESIAN_POINT('',(76.5,-51.6737103902045,49.5));
#8031=CARTESIAN_POINT('',(76.5,-54.9237103902045,36.5));
#8032=CARTESIAN_POINT('',(76.5,-54.9237103902045,36.5));
#8033=CARTESIAN_POINT('',(76.5,-52.5237103902045,36.5));
#8034=CARTESIAN_POINT('',(76.5,-54.9237103902045,36.5));
#8035=CARTESIAN_POINT('',(76.5,-54.9237103902045,49.5));
#8036=CARTESIAN_POINT('',(76.5,-52.5237103902045,49.5));
#8037=CARTESIAN_POINT('',(83.,-30.4497888550091,49.5));
#8038=MECHANICAL_DESIGN_GEOMETRIC_PRESENTATION_REPRESENTATION('',(#4545),
#8039);
#8039=(
GEOMETRIC_REPRESENTATION_CONTEXT(3)
GLOBAL_UNCERTAINTY_ASSIGNED_CONTEXT((#8040))
GLOBAL_UNIT_ASSIGNED_CONTEXT((#8043,#8042,#8041))
REPRESENTATION_CONTEXT('Base 3DP v2','TOP_LEVEL_ASSEMBLY_PART')
);
#8040=UNCERTAINTY_MEASURE_WITH_UNIT(LENGTH_MEASURE(0.005),#8043,
'DISTANCE_ACCURACY_VALUE','Maximum Tolerance applied to model');
#8041=(
NAMED_UNIT(*)
SI_UNIT($,.STERADIAN.)
SOLID_ANGLE_UNIT()
);
#8042=(
NAMED_UNIT(*)
PLANE_ANGLE_UNIT()
SI_UNIT($,.RADIAN.)
);
#8043=(
LENGTH_UNIT()
NAMED_UNIT(*)
SI_UNIT(.MILLI.,.METRE.)
);
#8044=PRODUCT_DEFINITION_SHAPE('','',#8045);
#8045=PRODUCT_DEFINITION('','',#8047,#8046);
#8046=PRODUCT_DEFINITION_CONTEXT('',#8053,'design');
#8047=PRODUCT_DEFINITION_FORMATION_WITH_SPECIFIED_SOURCE('','',#8049,
 .NOT_KNOWN.);
#8048=PRODUCT_RELATED_PRODUCT_CATEGORY('','',(#8049));
#8049=PRODUCT('Base 3DP v2','Base 3DP v2','Base 3DP v2',(#8051));
#8050=PRODUCT_CATEGORY('','');
#8051=PRODUCT_CONTEXT('',#8053,'mechanical');
#8052=APPLICATION_PROTOCOL_DEFINITION('international standard',
'automotive_design',2010,#8053);
#8053=APPLICATION_CONTEXT(
'core data for automotive mechanical design processes');
ENDSEC;
END-ISO-10303-21;
