ISO-10303-21;
HEADER;
/* Generated by software containing ST-Developer
 * from STEP Tools, Inc. (www.steptools.com) 
 */
/* OPTION: strings as raw bytes, not using required /X/ escapes */

FILE_DESCRIPTION(
/* description */ ('Unknown'),
/* implementation_level */ '2;1');

FILE_NAME(
/* name */ 'Bus bar',
/* time_stamp */ '2026-04-06T07:44:03+01:00',
/* author */ ('Joe Mann'),
/* organization */ ('Unknown'),
/* preprocessor_version */ 'ST-DEVELOPER v20',
/* originating_system */ 'Solid Edge',
/* authorisation */ 'Unknown');

FILE_SCHEMA (('AUTOMOTIVE_DESIGN {1 0 10303 214 3 1 1}'));
ENDSEC;

DATA;
#10=PROPERTY_DEFINITION_REPRESENTATION(#14,#12);
#11=PROPERTY_DEFINITION_REPRESENTATION(#15,#13);
#12=REPRESENTATION('',(#16),#2857);
#13=REPRESENTATION('',(#17),#2857);
#14=PROPERTY_DEFINITION('pmi validation property','',#2862);
#15=PROPERTY_DEFINITION('pmi validation property','',#2862);
#16=VALUE_REPRESENTATION_ITEM('number of annotations',COUNT_MEASURE(0.));
#17=VALUE_REPRESENTATION_ITEM('number of views',COUNT_MEASURE(0.));
#18=SHAPE_REPRESENTATION_RELATIONSHIP('','',#587,#19);
#19=ADVANCED_BREP_SHAPE_REPRESENTATION('',(#585),#2857);
#20=(
BOUNDED_SURFACE()
B_SPLINE_SURFACE(1,2,((#1485,#1486,#1487,#1488,#1489,#1490,#1491,#1492,
#1493,#1494,#1495,#1496,#1497,#1498,#1499,#1500,#1501,#1502,#1503,#1504,
#1505,#1506,#1507,#1508,#1509,#1510,#1511,#1512,#1513,#1514,#1515,#1516,
#1517,#1518,#1519,#1520,#1521,#1522,#1523,#1524,#1525,#1526,#1527,#1528,
#1529,#1530,#1531,#1532,#1533,#1534,#1535,#1536,#1537,#1538,#1539,#1540,
#1541,#1542,#1543,#1544,#1545,#1546,#1547,#1548,#1549,#1550,#1551,#1552,
#1553,#1554,#1555,#1556,#1557,#1558,#1559,#1560,#1561,#1562,#1563,#1564,
#1565,#1566,#1567,#1568,#1569,#1570,#1571,#1572,#1573,#1574,#1575,#1576,
#1577,#1578,#1579,#1580,#1581,#1582,#1583,#1584,#1585,#1586,#1587,#1588,
#1589,#1590,#1591,#1592,#1593,#1594,#1595,#1596,#1597,#1598,#1599,#1600,
#1601,#1602,#1603,#1604,#1605,#1606,#1607,#1608,#1609,#1610,#1611,#1612,
#1613,#1614,#1615,#1616,#1617,#1618,#1619,#1620,#1621,#1622,#1623,#1624,
#1625,#1626,#1627,#1628,#1629,#1630,#1631,#1632,#1633,#1634,#1635,#1636,
#1637,#1638,#1639,#1640,#1641,#1642,#1643,#1644,#1645,#1646,#1647,#1648,
#1649,#1650,#1651,#1652,#1653,#1654,#1655,#1656,#1657,#1658,#1659,#1660,
#1661,#1662,#1663,#1664,#1665,#1666,#1667,#1668,#1669,#1670,#1671,#1672,
#1673),(#1674,#1675,#1676,#1677,#1678,#1679,#1680,#1681,#1682,#1683,#1684,
#1685,#1686,#1687,#1688,#1689,#1690,#1691,#1692,#1693,#1694,#1695,#1696,
#1697,#1698,#1699,#1700,#1701,#1702,#1703,#1704,#1705,#1706,#1707,#1708,
#1709,#1710,#1711,#1712,#1713,#1714,#1715,#1716,#1717,#1718,#1719,#1720,
#1721,#1722,#1723,#1724,#1725,#1726,#1727,#1728,#1729,#1730,#1731,#1732,
#1733,#1734,#1735,#1736,#1737,#1738,#1739,#1740,#1741,#1742,#1743,#1744,
#1745,#1746,#1747,#1748,#1749,#1750,#1751,#1752,#1753,#1754,#1755,#1756,
#1757,#1758,#1759,#1760,#1761,#1762,#1763,#1764,#1765,#1766,#1767,#1768,
#1769,#1770,#1771,#1772,#1773,#1774,#1775,#1776,#1777,#1778,#1779,#1780,
#1781,#1782,#1783,#1784,#1785,#1786,#1787,#1788,#1789,#1790,#1791,#1792,
#1793,#1794,#1795,#1796,#1797,#1798,#1799,#1800,#1801,#1802,#1803,#1804,
#1805,#1806,#1807,#1808,#1809,#1810,#1811,#1812,#1813,#1814,#1815,#1816,
#1817,#1818,#1819,#1820,#1821,#1822,#1823,#1824,#1825,#1826,#1827,#1828,
#1829,#1830,#1831,#1832,#1833,#1834,#1835,#1836,#1837,#1838,#1839,#1840,
#1841,#1842,#1843,#1844,#1845,#1846,#1847,#1848,#1849,#1850,#1851,#1852,
#1853,#1854,#1855,#1856,#1857,#1858,#1859,#1860,#1861,#1862)),
 .UNSPECIFIED.,.F.,.F.,.F.)
B_SPLINE_SURFACE_WITH_KNOTS((2,2),(3,2,2,2,2,2,2,2,2,2,2,2,2,2,2,2,2,2,
2,2,2,2,2,2,2,2,2,2,2,2,2,2,2,2,2,2,2,2,2,2,2,2,2,2,2,2,2,2,2,2,2,2,2,2,
2,2,2,2,2,2,2,2,2,2,2,2,2,2,2,2,2,2,2,2,2,2,2,2,2,2,2,2,2,2,2,2,2,2,2,2,
2,2,2,2,3),(0.,1.),(0.0362068087564134,0.038961038961039,0.0454545454545455,
0.051948051948052,0.0584415584415584,0.0649350649350649,0.0714285714285714,
0.0779220779220779,0.0844155844155844,0.0909090909090909,0.0974025974025974,
0.103896103896104,0.11038961038961,0.116883116883117,0.123376623376623,
0.12987012987013,0.136363636363636,0.142857142857143,0.149350649350649,
0.155844155844156,0.162337662337662,0.168831168831169,0.175324675324675,
0.181818181818182,0.188311688311688,0.194805194805195,0.201298701298701,
0.207792207792208,0.214285714285714,0.220779220779221,0.227272727272727,
0.233766233766234,0.24025974025974,0.246753246753247,0.253246753246753,
0.25974025974026,0.266233766233766,0.272727272727273,0.279220779220779,
0.285714285714286,0.292207792207792,0.298701298701299,0.305194805194805,
0.311688311688312,0.318181818181818,0.324675324675325,0.331168831168831,
0.337662337662338,0.344155844155844,0.350649350649351,0.357142857142857,
0.363636363636364,0.37012987012987,0.376623376623377,0.383116883116883,
0.38961038961039,0.396103896103896,0.402597402597403,0.409090909090909,
0.415584415584416,0.422077922077922,0.428571428571429,0.435064935064935,
0.441558441558442,0.448051948051948,0.454545454545455,0.461038961038961,
0.467532467532468,0.474025974025974,0.480519480519481,0.487012987012987,
0.493506493506494,0.5,0.506493506493506,0.512987012987013,0.519480519480519,
0.525974025974026,0.532467532467532,0.538961038961039,0.545454545454545,
0.551948051948052,0.558441558441558,0.564935064935065,0.571428571428571,
0.577922077922078,0.584415584415584,0.590909090909091,0.597402597402597,
0.603896103896104,0.61038961038961,0.616883116883117,0.623376623376623,
0.62987012987013,0.636363636363636,0.639943100544196),
 .PIECEWISE_BEZIER_KNOTS.)
GEOMETRIC_REPRESENTATION_ITEM()
RATIONAL_B_SPLINE_SURFACE(((0.987752435649065,0.989365637559476,1.,0.974927912181824,
1.,0.974927912181824,1.,0.974927912181824,1.,0.974927912181824,1.,0.974927912181824,
1.,0.974927912181824,1.,0.974927912181824,1.,0.974927912181824,1.,0.974927912181824,
1.,0.974927912181824,1.,0.974927912181824,1.,0.974927912181824,1.,0.974927912181824,
1.,0.974927912181824,1.,0.974927912181824,1.,0.974927912181824,1.,0.974927912181824,
1.,0.974927912181824,1.,0.974927912181824,1.,0.974927912181824,1.,0.974927912181824,
1.,0.974927912181824,1.,0.974927912181824,1.,0.974927912181824,1.,0.974927912181824,
1.,0.974927912181824,1.,0.974927912181824,1.,0.974927912181824,1.,0.974927912181824,
1.,0.974927912181824,1.,0.974927912181824,1.,0.974927912181824,1.,0.974927912181824,
1.,0.974927912181824,1.,0.974927912181824,1.,0.974927912181824,1.,0.974927912181824,
1.,0.974927912181824,1.,0.974927912181824,1.,0.974927912181824,1.,0.974927912181824,
1.,0.974927912181824,1.,0.974927912181824,1.,0.974927912181824,1.,0.974927912181824,
1.,0.974927912181824,1.,0.974927912181824,1.,0.974927912181824,1.,0.974927912181824,
1.,0.974927912181824,1.,0.974927912181824,1.,0.974927912181824,1.,0.974927912181824,
1.,0.974927912181824,1.,0.974927912181824,1.,0.974927912181824,1.,0.974927912181824,
1.,0.974927912181824,1.,0.974927912181824,1.,0.974927912181824,1.,0.974927912181824,
1.,0.974927912181824,1.,0.974927912181824,1.,0.974927912181824,1.,0.974927912181824,
1.,0.974927912181824,1.,0.974927912181824,1.,0.974927912181824,1.,0.974927912181824,
1.,0.974927912181824,1.,0.974927912181824,1.,0.974927912181824,1.,0.974927912181824,
1.,0.974927912181824,1.,0.974927912181824,1.,0.974927912181824,1.,0.974927912181824,
1.,0.974927912181824,1.,0.974927912181824,1.,0.974927912181824,1.,0.974927912181824,
1.,0.974927912181824,1.,0.974927912181824,1.,0.974927912181824,1.,0.974927912181824,
1.,0.974927912181824,1.,0.974927912181824,1.,0.974927912181824,1.,0.974927912181824,
1.,0.974927912181824,1.,0.974927912181824,1.,0.974927912181824,1.,0.98617932539734,
0.98759559857963),(0.987752435649065,0.989365637559476,1.,0.974927912181824,
1.,0.974927912181824,1.,0.974927912181824,1.,0.974927912181824,1.,0.974927912181824,
1.,0.974927912181824,1.,0.974927912181824,1.,0.974927912181824,1.,0.974927912181824,
1.,0.974927912181824,1.,0.974927912181824,1.,0.974927912181824,1.,0.974927912181824,
1.,0.974927912181824,1.,0.974927912181824,1.,0.974927912181824,1.,0.974927912181824,
1.,0.974927912181824,1.,0.974927912181824,1.,0.974927912181824,1.,0.974927912181824,
1.,0.974927912181824,1.,0.974927912181824,1.,0.974927912181824,1.,0.974927912181824,
1.,0.974927912181824,1.,0.974927912181824,1.,0.974927912181824,1.,0.974927912181824,
1.,0.974927912181824,1.,0.974927912181824,1.,0.974927912181824,1.,0.974927912181824,
1.,0.974927912181824,1.,0.974927912181824,1.,0.974927912181824,1.,0.974927912181824,
1.,0.974927912181824,1.,0.974927912181824,1.,0.974927912181824,1.,0.974927912181824,
1.,0.974927912181824,1.,0.974927912181824,1.,0.974927912181824,1.,0.974927912181824,
1.,0.974927912181824,1.,0.974927912181824,1.,0.974927912181824,1.,0.974927912181824,
1.,0.974927912181824,1.,0.974927912181824,1.,0.974927912181824,1.,0.974927912181824,
1.,0.974927912181824,1.,0.974927912181824,1.,0.974927912181824,1.,0.974927912181824,
1.,0.974927912181824,1.,0.974927912181824,1.,0.974927912181824,1.,0.974927912181824,
1.,0.974927912181824,1.,0.974927912181824,1.,0.974927912181824,1.,0.974927912181824,
1.,0.974927912181824,1.,0.974927912181824,1.,0.974927912181824,1.,0.974927912181824,
1.,0.974927912181824,1.,0.974927912181824,1.,0.974927912181824,1.,0.974927912181824,
1.,0.974927912181824,1.,0.974927912181824,1.,0.974927912181824,1.,0.974927912181824,
1.,0.974927912181824,1.,0.974927912181824,1.,0.974927912181824,1.,0.974927912181824,
1.,0.974927912181824,1.,0.974927912181824,1.,0.974927912181824,1.,0.974927912181824,
1.,0.974927912181824,1.,0.974927912181824,1.,0.974927912181824,1.,0.974927912181824,
1.,0.974927912181824,1.,0.974927912181824,1.,0.974927912181824,1.,0.98617932539734,
0.98759559857963)))
REPRESENTATION_ITEM('')
SURFACE()
);
#21=(
BOUNDED_SURFACE()
B_SPLINE_SURFACE(1,2,((#2482,#2483,#2484,#2485,#2486,#2487,#2488,#2489,
#2490,#2491,#2492,#2493,#2494,#2495,#2496,#2497,#2498,#2499,#2500,#2501,
#2502,#2503,#2504,#2505,#2506,#2507,#2508,#2509,#2510,#2511,#2512,#2513,
#2514,#2515,#2516,#2517,#2518,#2519,#2520,#2521,#2522,#2523,#2524,#2525,
#2526,#2527,#2528,#2529,#2530,#2531,#2532,#2533,#2534,#2535,#2536,#2537,
#2538,#2539,#2540,#2541,#2542,#2543,#2544,#2545,#2546,#2547,#2548,#2549,
#2550,#2551,#2552,#2553,#2554,#2555,#2556,#2557,#2558,#2559,#2560,#2561,
#2562,#2563,#2564,#2565,#2566,#2567,#2568,#2569,#2570,#2571,#2572,#2573,
#2574,#2575,#2576,#2577,#2578,#2579,#2580,#2581,#2582,#2583,#2584,#2585,
#2586,#2587,#2588,#2589,#2590,#2591,#2592,#2593,#2594,#2595,#2596,#2597,
#2598,#2599,#2600,#2601,#2602,#2603,#2604,#2605,#2606,#2607,#2608,#2609,
#2610,#2611,#2612,#2613,#2614,#2615,#2616,#2617,#2618,#2619,#2620,#2621,
#2622,#2623,#2624,#2625,#2626,#2627,#2628,#2629,#2630,#2631,#2632,#2633,
#2634,#2635,#2636,#2637,#2638,#2639,#2640,#2641,#2642,#2643,#2644,#2645,
#2646,#2647,#2648,#2649,#2650,#2651,#2652,#2653,#2654,#2655,#2656,#2657,
#2658,#2659,#2660,#2661,#2662,#2663,#2664,#2665,#2666,#2667,#2668),(#2669,
#2670,#2671,#2672,#2673,#2674,#2675,#2676,#2677,#2678,#2679,#2680,#2681,
#2682,#2683,#2684,#2685,#2686,#2687,#2688,#2689,#2690,#2691,#2692,#2693,
#2694,#2695,#2696,#2697,#2698,#2699,#2700,#2701,#2702,#2703,#2704,#2705,
#2706,#2707,#2708,#2709,#2710,#2711,#2712,#2713,#2714,#2715,#2716,#2717,
#2718,#2719,#2720,#2721,#2722,#2723,#2724,#2725,#2726,#2727,#2728,#2729,
#2730,#2731,#2732,#2733,#2734,#2735,#2736,#2737,#2738,#2739,#2740,#2741,
#2742,#2743,#2744,#2745,#2746,#2747,#2748,#2749,#2750,#2751,#2752,#2753,
#2754,#2755,#2756,#2757,#2758,#2759,#2760,#2761,#2762,#2763,#2764,#2765,
#2766,#2767,#2768,#2769,#2770,#2771,#2772,#2773,#2774,#2775,#2776,#2777,
#2778,#2779,#2780,#2781,#2782,#2783,#2784,#2785,#2786,#2787,#2788,#2789,
#2790,#2791,#2792,#2793,#2794,#2795,#2796,#2797,#2798,#2799,#2800,#2801,
#2802,#2803,#2804,#2805,#2806,#2807,#2808,#2809,#2810,#2811,#2812,#2813,
#2814,#2815,#2816,#2817,#2818,#2819,#2820,#2821,#2822,#2823,#2824,#2825,
#2826,#2827,#2828,#2829,#2830,#2831,#2832,#2833,#2834,#2835,#2836,#2837,
#2838,#2839,#2840,#2841,#2842,#2843,#2844,#2845,#2846,#2847,#2848,#2849,
#2850,#2851,#2852,#2853,#2854,#2855)),.UNSPECIFIED.,.F.,.F.,.F.)
B_SPLINE_SURFACE_WITH_KNOTS((2,2),(3,2,2,2,2,2,2,2,2,2,2,2,2,2,2,2,2,2,
2,2,2,2,2,2,2,2,2,2,2,2,2,2,2,2,2,2,2,2,2,2,2,2,2,2,2,2,2,2,2,2,2,2,2,2,
2,2,2,2,2,2,2,2,2,2,2,2,2,2,2,2,2,2,2,2,2,2,2,2,2,2,2,2,2,2,2,2,2,2,2,2,
2,2,2,3),(0.,1.),(0.,0.00649350649350649,0.012987012987013,0.0194805194805195,
0.025974025974026,0.0324675324675325,0.038961038961039,0.0454545454545455,
0.051948051948052,0.0584415584415584,0.0649350649350649,0.0714285714285714,
0.0779220779220779,0.0844155844155844,0.0909090909090909,0.0974025974025974,
0.103896103896104,0.11038961038961,0.116883116883117,0.123376623376623,
0.12987012987013,0.136363636363636,0.142857142857143,0.149350649350649,
0.155844155844156,0.162337662337662,0.168831168831169,0.175324675324675,
0.181818181818182,0.188311688311688,0.194805194805195,0.201298701298701,
0.207792207792208,0.214285714285714,0.220779220779221,0.227272727272727,
0.233766233766234,0.24025974025974,0.246753246753247,0.253246753246753,
0.25974025974026,0.266233766233766,0.272727272727273,0.279220779220779,
0.285714285714286,0.292207792207792,0.298701298701299,0.305194805194805,
0.311688311688312,0.318181818181818,0.324675324675325,0.331168831168831,
0.337662337662338,0.344155844155844,0.350649350649351,0.357142857142857,
0.363636363636364,0.37012987012987,0.376623376623377,0.383116883116883,
0.38961038961039,0.396103896103896,0.402597402597403,0.409090909090909,
0.415584415584416,0.422077922077922,0.428571428571429,0.435064935064935,
0.441558441558442,0.448051948051948,0.454545454545455,0.461038961038961,
0.467532467532468,0.474025974025974,0.480519480519481,0.487012987012987,
0.493506493506494,0.5,0.506493506493506,0.512987012987013,0.519480519480519,
0.525974025974026,0.532467532467532,0.538961038961039,0.545454545454545,
0.551948051948052,0.558441558441558,0.564935064935065,0.571428571428571,
0.577922077922078,0.584415584415584,0.590909090909091,0.597402597402597,
0.600156827607223),.PIECEWISE_BEZIER_KNOTS.)
GEOMETRIC_REPRESENTATION_ITEM()
RATIONAL_B_SPLINE_SURFACE(((1.,0.974927912181824,1.,0.974927912181824,1.,
0.974927912181824,1.,0.974927912181824,1.,0.974927912181824,1.,0.974927912181824,
1.,0.974927912181824,1.,0.974927912181824,1.,0.974927912181824,1.,0.974927912181824,
1.,0.974927912181824,1.,0.974927912181824,1.,0.974927912181824,1.,0.974927912181824,
1.,0.974927912181824,1.,0.974927912181824,1.,0.974927912181824,1.,0.974927912181824,
1.,0.974927912181824,1.,0.974927912181824,1.,0.974927912181824,1.,0.974927912181824,
1.,0.974927912181824,1.,0.974927912181824,1.,0.974927912181824,1.,0.974927912181824,
1.,0.974927912181824,1.,0.974927912181824,1.,0.974927912181824,1.,0.974927912181824,
1.,0.974927912181824,1.,0.974927912181824,1.,0.974927912181824,1.,0.974927912181824,
1.,0.974927912181824,1.,0.974927912181824,1.,0.974927912181824,1.,0.974927912181824,
1.,0.974927912181824,1.,0.974927912181824,1.,0.974927912181824,1.,0.974927912181824,
1.,0.974927912181824,1.,0.974927912181824,1.,0.974927912181824,1.,0.974927912181824,
1.,0.974927912181824,1.,0.974927912181824,1.,0.974927912181824,1.,0.974927912181824,
1.,0.974927912181824,1.,0.974927912181824,1.,0.974927912181824,1.,0.974927912181824,
1.,0.974927912181824,1.,0.974927912181824,1.,0.974927912181824,1.,0.974927912181824,
1.,0.974927912181824,1.,0.974927912181824,1.,0.974927912181824,1.,0.974927912181824,
1.,0.974927912181824,1.,0.974927912181824,1.,0.974927912181824,1.,0.974927912181824,
1.,0.974927912181824,1.,0.974927912181824,1.,0.974927912181824,1.,0.974927912181824,
1.,0.974927912181824,1.,0.974927912181824,1.,0.974927912181824,1.,0.974927912181824,
1.,0.974927912181824,1.,0.974927912181824,1.,0.974927912181824,1.,0.974927912181824,
1.,0.974927912181824,1.,0.974927912181824,1.,0.974927912181824,1.,0.974927912181824,
1.,0.974927912181824,1.,0.974927912181824,1.,0.974927912181824,1.,0.974927912181824,
1.,0.974927912181824,1.,0.974927912181824,1.,0.974927912181824,1.,0.974927912181824,
1.,0.974927912181824,1.,0.974927912181824,1.,0.989365637559474,0.987752435649064),
(1.,0.974927912181824,1.,0.974927912181824,1.,0.974927912181824,1.,0.974927912181824,
1.,0.974927912181824,1.,0.974927912181824,1.,0.974927912181824,1.,0.974927912181824,
1.,0.974927912181824,1.,0.974927912181824,1.,0.974927912181824,1.,0.974927912181824,
1.,0.974927912181824,1.,0.974927912181824,1.,0.974927912181824,1.,0.974927912181824,
1.,0.974927912181824,1.,0.974927912181824,1.,0.974927912181824,1.,0.974927912181824,
1.,0.974927912181824,1.,0.974927912181824,1.,0.974927912181824,1.,0.974927912181824,
1.,0.974927912181824,1.,0.974927912181824,1.,0.974927912181824,1.,0.974927912181824,
1.,0.974927912181824,1.,0.974927912181824,1.,0.974927912181824,1.,0.974927912181824,
1.,0.974927912181824,1.,0.974927912181824,1.,0.974927912181824,1.,0.974927912181824,
1.,0.974927912181824,1.,0.974927912181824,1.,0.974927912181824,1.,0.974927912181824,
1.,0.974927912181824,1.,0.974927912181824,1.,0.974927912181824,1.,0.974927912181824,
1.,0.974927912181824,1.,0.974927912181824,1.,0.974927912181824,1.,0.974927912181824,
1.,0.974927912181824,1.,0.974927912181824,1.,0.974927912181824,1.,0.974927912181824,
1.,0.974927912181824,1.,0.974927912181824,1.,0.974927912181824,1.,0.974927912181824,
1.,0.974927912181824,1.,0.974927912181824,1.,0.974927912181824,1.,0.974927912181824,
1.,0.974927912181824,1.,0.974927912181824,1.,0.974927912181824,1.,0.974927912181824,
1.,0.974927912181824,1.,0.974927912181824,1.,0.974927912181824,1.,0.974927912181824,
1.,0.974927912181824,1.,0.974927912181824,1.,0.974927912181824,1.,0.974927912181824,
1.,0.974927912181824,1.,0.974927912181824,1.,0.974927912181824,1.,0.974927912181824,
1.,0.974927912181824,1.,0.974927912181824,1.,0.974927912181824,1.,0.974927912181824,
1.,0.974927912181824,1.,0.974927912181824,1.,0.974927912181824,1.,0.974927912181824,
1.,0.974927912181824,1.,0.974927912181824,1.,0.974927912181824,1.,0.974927912181824,
1.,0.974927912181824,1.,0.974927912181824,1.,0.974927912181824,1.,0.974927912181824,
1.,0.989365637559474,0.987752435649064)))
REPRESENTATION_ITEM('')
SURFACE()
);
#22=(
BOUNDED_CURVE()
B_SPLINE_CURVE(2,(#837,#838,#839,#840,#841,#842,#843,#844,#845,#846,#847,
#848,#849,#850,#851,#852,#853,#854,#855,#856,#857,#858,#859,#860,#861,#862,
#863,#864,#865,#866,#867,#868,#869,#870,#871,#872,#873,#874,#875,#876,#877,
#878,#879,#880,#881,#882,#883,#884,#885,#886,#887,#888,#889,#890,#891,#892,
#893,#894,#895,#896,#897,#898,#899,#900,#901,#902,#903,#904,#905,#906,#907,
#908,#909,#910,#911,#912,#913,#914,#915,#916,#917,#918,#919,#920,#921,#922,
#923,#924,#925,#926,#927,#928,#929,#930,#931,#932,#933,#934,#935,#936,#937,
#938,#939,#940,#941,#942,#943,#944,#945,#946,#947,#948,#949,#950,#951,#952,
#953,#954,#955,#956,#957,#958,#959,#960,#961,#962,#963,#964,#965,#966,#967,
#968,#969,#970,#971,#972,#973,#974,#975,#976,#977,#978,#979,#980,#981,#982,
#983,#984,#985,#986,#987,#988,#989,#990,#991,#992,#993,#994,#995,#996,#997,
#998,#999,#1000,#1001,#1002,#1003,#1004,#1005,#1006,#1007,#1008,#1009,#1010,
#1011,#1012,#1013,#1014,#1015,#1016,#1017,#1018,#1019,#1020,#1021,#1022,
#1023,#1024,#1025,#1026,#1027,#1028,#1029,#1030,#1031,#1032,#1033,#1034,
#1035,#1036,#1037,#1038,#1039,#1040,#1041,#1042,#1043,#1044,#1045,#1046,
#1047,#1048,#1049,#1050,#1051,#1052,#1053,#1054,#1055,#1056,#1057,#1058,
#1059,#1060,#1061,#1062,#1063,#1064,#1065,#1066,#1067,#1068,#1069,#1070,
#1071,#1072,#1073,#1074,#1075,#1076,#1077,#1078,#1079,#1080,#1081,#1082,
#1083,#1084,#1085,#1086,#1087,#1088,#1089,#1090,#1091,#1092,#1093,#1094,
#1095,#1096,#1097,#1098,#1099,#1100,#1101,#1102,#1103,#1104,#1105,#1106,
#1107,#1108,#1109,#1110,#1111,#1112,#1113,#1114,#1115,#1116,#1117,#1118,
#1119,#1120,#1121,#1122,#1123,#1124,#1125,#1126,#1127,#1128,#1129,#1130,
#1131,#1132,#1133,#1134,#1135,#1136,#1137,#1138,#1139,#1140,#1141,#1142,
#1143,#1144,#1145),.UNSPECIFIED.,.F.,.F.)
B_SPLINE_CURVE_WITH_KNOTS((3,2,2,2,2,2,2,2,2,2,2,2,2,2,2,2,2,2,2,2,2,2,
2,2,2,2,2,2,2,2,2,2,2,2,2,2,2,2,2,2,2,2,2,2,2,2,2,2,2,2,2,2,2,2,2,2,2,2,
2,2,2,2,2,2,2,2,2,2,2,2,2,2,2,2,2,2,2,2,2,2,2,2,2,2,2,2,2,2,2,2,2,2,2,2,
2,2,2,2,2,2,2,2,2,2,2,2,2,2,2,2,2,2,2,2,2,2,2,2,2,2,2,2,2,2,2,2,2,2,2,2,
2,2,2,2,2,2,2,2,2,2,2,2,2,2,2,2,2,2,2,2,2,2,2,2,3),(0.,0.00649350649350649,
0.012987012987013,0.0194805194805195,0.025974025974026,0.0324675324675325,
0.038961038961039,0.0454545454545455,0.051948051948052,0.0584415584415584,
0.0649350649350649,0.0714285714285714,0.0779220779220779,0.0844155844155844,
0.0909090909090909,0.0974025974025974,0.103896103896104,0.11038961038961,
0.116883116883117,0.123376623376623,0.12987012987013,0.136363636363636,
0.142857142857143,0.149350649350649,0.155844155844156,0.162337662337662,
0.168831168831169,0.175324675324675,0.181818181818182,0.188311688311688,
0.194805194805195,0.201298701298701,0.207792207792208,0.214285714285714,
0.220779220779221,0.227272727272727,0.233766233766234,0.24025974025974,
0.246753246753247,0.253246753246753,0.25974025974026,0.266233766233766,
0.272727272727273,0.279220779220779,0.285714285714286,0.292207792207792,
0.298701298701299,0.305194805194805,0.311688311688312,0.318181818181818,
0.324675324675325,0.331168831168831,0.337662337662338,0.344155844155844,
0.350649350649351,0.357142857142857,0.363636363636364,0.37012987012987,
0.376623376623377,0.383116883116883,0.38961038961039,0.396103896103896,
0.402597402597403,0.409090909090909,0.415584415584416,0.422077922077922,
0.428571428571429,0.435064935064935,0.441558441558442,0.448051948051948,
0.454545454545455,0.461038961038961,0.467532467532468,0.474025974025974,
0.480519480519481,0.487012987012987,0.493506493506494,0.5,0.506493506493506,
0.512987012987013,0.519480519480519,0.525974025974026,0.532467532467532,
0.538961038961039,0.545454545454545,0.551948051948052,0.558441558441558,
0.564935064935065,0.571428571428571,0.577922077922078,0.584415584415584,
0.590909090909091,0.597402597402597,0.603896103896104,0.61038961038961,
0.616883116883117,0.623376623376623,0.62987012987013,0.636363636363636,
0.642857142857143,0.649350649350649,0.655844155844156,0.662337662337662,
0.668831168831169,0.675324675324675,0.681818181818182,0.688311688311688,
0.694805194805195,0.701298701298701,0.707792207792208,0.714285714285714,
0.720779220779221,0.727272727272727,0.733766233766234,0.74025974025974,
0.746753246753247,0.753246753246753,0.75974025974026,0.766233766233766,
0.772727272727273,0.779220779220779,0.785714285714286,0.792207792207792,
0.798701298701299,0.805194805194805,0.811688311688312,0.818181818181818,
0.824675324675325,0.831168831168831,0.837662337662338,0.844155844155844,
0.850649350649351,0.857142857142857,0.863636363636364,0.87012987012987,
0.876623376623377,0.883116883116883,0.88961038961039,0.896103896103896,
0.902597402597403,0.909090909090909,0.915584415584416,0.922077922077922,
0.928571428571429,0.935064935064935,0.941558441558442,0.948051948051948,
0.954545454545455,0.961038961038961,0.967532467532468,0.974025974025974,
0.980519480519481,0.987012987012987,0.993506493506494,1.),.UNSPECIFIED.)
CURVE()
GEOMETRIC_REPRESENTATION_ITEM()
RATIONAL_B_SPLINE_CURVE((1.,0.974927912181824,1.,0.974927912181824,1.,0.974927912181824,
1.,0.974927912181824,1.,0.974927912181824,1.,0.974927912181824,1.,0.974927912181824,
1.,0.974927912181824,1.,0.974927912181824,1.,0.974927912181824,1.,0.974927912181824,
1.,0.974927912181824,1.,0.974927912181824,1.,0.974927912181824,1.,0.974927912181824,
1.,0.974927912181824,1.,0.974927912181824,1.,0.974927912181824,1.,0.974927912181824,
1.,0.974927912181824,1.,0.974927912181824,1.,0.974927912181824,1.,0.974927912181824,
1.,0.974927912181824,1.,0.974927912181824,1.,0.974927912181824,1.,0.974927912181824,
1.,0.974927912181824,1.,0.974927912181824,1.,0.974927912181824,1.,0.974927912181824,
1.,0.974927912181824,1.,0.974927912181824,1.,0.974927912181824,1.,0.974927912181824,
1.,0.974927912181824,1.,0.974927912181824,1.,0.974927912181824,1.,0.974927912181824,
1.,0.974927912181824,1.,0.974927912181824,1.,0.974927912181824,1.,0.974927912181824,
1.,0.974927912181824,1.,0.974927912181824,1.,0.974927912181824,1.,0.974927912181824,
1.,0.974927912181824,1.,0.974927912181824,1.,0.974927912181824,1.,0.974927912181824,
1.,0.974927912181824,1.,0.974927912181824,1.,0.974927912181824,1.,0.974927912181824,
1.,0.974927912181824,1.,0.974927912181824,1.,0.974927912181824,1.,0.974927912181824,
1.,0.974927912181824,1.,0.974927912181824,1.,0.974927912181824,1.,0.974927912181824,
1.,0.974927912181824,1.,0.974927912181824,1.,0.974927912181824,1.,0.974927912181824,
1.,0.974927912181824,1.,0.974927912181824,1.,0.974927912181824,1.,0.974927912181824,
1.,0.974927912181824,1.,0.974927912181824,1.,0.974927912181824,1.,0.974927912181824,
1.,0.974927912181824,1.,0.974927912181824,1.,0.974927912181824,1.,0.974927912181824,
1.,0.974927912181824,1.,0.974927912181824,1.,0.974927912181824,1.,0.974927912181824,
1.,0.974927912181824,1.,0.974927912181824,1.,0.974927912181824,1.,0.974927912181824,
1.,0.974927912181824,1.,0.974927912181824,1.,0.974927912181824,1.,0.974927912181824,
1.,0.974927912181824,1.,0.974927912181824,1.,0.974927912181824,1.,0.974927912181824,
1.,0.974927912181824,1.,0.974927912181824,1.,0.974927912181824,1.,0.974927912181824,
1.,0.974927912181824,1.,0.974927912181824,1.,0.974927912181824,1.,0.974927912181824,
1.,0.974927912181824,1.,0.974927912181824,1.,0.974927912181824,1.,0.974927912181824,
1.,0.974927912181824,1.,0.974927912181824,1.,0.974927912181824,1.,0.974927912181824,
1.,0.974927912181824,1.,0.974927912181824,1.,0.974927912181824,1.,0.974927912181824,
1.,0.974927912181824,1.,0.974927912181824,1.,0.974927912181824,1.,0.974927912181824,
1.,0.974927912181824,1.,0.974927912181824,1.,0.974927912181824,1.,0.974927912181824,
1.,0.974927912181824,1.,0.974927912181824,1.,0.974927912181824,1.,0.974927912181824,
1.,0.974927912181824,1.,0.974927912181824,1.,0.974927912181824,1.,0.974927912181824,
1.,0.974927912181824,1.,0.974927912181824,1.,0.974927912181824,1.,0.974927912181824,
1.,0.974927912181824,1.,0.974927912181824,1.,0.974927912181824,1.,0.974927912181824,
1.,0.974927912181824,1.,0.974927912181824,1.,0.974927912181824,1.,0.974927912181824,
1.,0.974927912181824,1.,0.974927912181824,1.,0.974927912181824,1.,0.974927912181824,
1.,0.974927912181824,1.,0.974927912181824,1.,0.974927912181824,1.,0.974927912181824,
1.,0.974927912181824,1.,0.974927912181824,1.,0.974927912181824,1.))
REPRESENTATION_ITEM('')
);
#23=(
BOUNDED_CURVE()
B_SPLINE_CURVE(2,(#1146,#1147,#1148,#1149,#1150,#1151,#1152,#1153,#1154,
#1155,#1156,#1157,#1158,#1159,#1160,#1161,#1162,#1163,#1164,#1165,#1166,
#1167,#1168,#1169,#1170,#1171,#1172,#1173,#1174,#1175,#1176,#1177,#1178,
#1179,#1180,#1181,#1182,#1183,#1184,#1185,#1186,#1187,#1188,#1189,#1190,
#1191,#1192,#1193,#1194,#1195,#1196,#1197,#1198,#1199,#1200,#1201,#1202,
#1203,#1204,#1205,#1206,#1207,#1208,#1209,#1210,#1211,#1212,#1213,#1214,
#1215,#1216,#1217,#1218,#1219,#1220,#1221,#1222,#1223,#1224,#1225,#1226,
#1227,#1228,#1229,#1230,#1231,#1232,#1233,#1234,#1235,#1236,#1237,#1238,
#1239,#1240,#1241,#1242,#1243,#1244,#1245,#1246,#1247,#1248,#1249,#1250,
#1251,#1252,#1253,#1254,#1255,#1256,#1257,#1258,#1259,#1260,#1261,#1262,
#1263,#1264,#1265,#1266,#1267,#1268,#1269,#1270,#1271,#1272,#1273,#1274,
#1275,#1276,#1277,#1278,#1279,#1280,#1281,#1282,#1283,#1284,#1285,#1286,
#1287,#1288,#1289,#1290,#1291,#1292,#1293,#1294,#1295,#1296,#1297,#1298,
#1299,#1300,#1301,#1302,#1303,#1304,#1305,#1306,#1307,#1308,#1309,#1310,
#1311,#1312,#1313,#1314,#1315,#1316,#1317,#1318,#1319,#1320,#1321,#1322,
#1323,#1324,#1325,#1326,#1327,#1328,#1329,#1330,#1331,#1332,#1333,#1334,
#1335,#1336,#1337,#1338,#1339,#1340,#1341,#1342,#1343,#1344,#1345,#1346,
#1347,#1348,#1349,#1350,#1351,#1352,#1353,#1354,#1355,#1356,#1357,#1358,
#1359,#1360,#1361,#1362,#1363,#1364,#1365,#1366,#1367,#1368,#1369,#1370,
#1371,#1372,#1373,#1374,#1375,#1376,#1377,#1378,#1379,#1380,#1381,#1382,
#1383,#1384,#1385,#1386,#1387,#1388,#1389,#1390,#1391,#1392,#1393,#1394,
#1395,#1396,#1397,#1398,#1399,#1400,#1401,#1402,#1403,#1404,#1405,#1406,
#1407,#1408,#1409,#1410,#1411,#1412,#1413,#1414,#1415,#1416,#1417,#1418,
#1419,#1420,#1421,#1422,#1423,#1424,#1425,#1426,#1427,#1428,#1429,#1430,
#1431,#1432,#1433,#1434,#1435,#1436,#1437,#1438,#1439,#1440,#1441,#1442,
#1443,#1444,#1445,#1446,#1447,#1448,#1449,#1450,#1451,#1452,#1453,#1454),
 .UNSPECIFIED.,.F.,.F.)
B_SPLINE_CURVE_WITH_KNOTS((3,2,2,2,2,2,2,2,2,2,2,2,2,2,2,2,2,2,2,2,2,2,
2,2,2,2,2,2,2,2,2,2,2,2,2,2,2,2,2,2,2,2,2,2,2,2,2,2,2,2,2,2,2,2,2,2,2,2,
2,2,2,2,2,2,2,2,2,2,2,2,2,2,2,2,2,2,2,2,2,2,2,2,2,2,2,2,2,2,2,2,2,2,2,2,
2,2,2,2,2,2,2,2,2,2,2,2,2,2,2,2,2,2,2,2,2,2,2,2,2,2,2,2,2,2,2,2,2,2,2,2,
2,2,2,2,2,2,2,2,2,2,2,2,2,2,2,2,2,2,2,2,2,2,2,2,3),(0.,0.00649350649350649,
0.012987012987013,0.0194805194805195,0.025974025974026,0.0324675324675325,
0.038961038961039,0.0454545454545455,0.051948051948052,0.0584415584415584,
0.0649350649350649,0.0714285714285714,0.0779220779220779,0.0844155844155844,
0.0909090909090909,0.0974025974025974,0.103896103896104,0.11038961038961,
0.116883116883117,0.123376623376623,0.12987012987013,0.136363636363636,
0.142857142857143,0.149350649350649,0.155844155844156,0.162337662337662,
0.168831168831169,0.175324675324675,0.181818181818182,0.188311688311688,
0.194805194805195,0.201298701298701,0.207792207792208,0.214285714285714,
0.220779220779221,0.227272727272727,0.233766233766234,0.24025974025974,
0.246753246753247,0.253246753246753,0.25974025974026,0.266233766233766,
0.272727272727273,0.279220779220779,0.285714285714286,0.292207792207792,
0.298701298701299,0.305194805194805,0.311688311688312,0.318181818181818,
0.324675324675325,0.331168831168831,0.337662337662338,0.344155844155844,
0.350649350649351,0.357142857142857,0.363636363636364,0.37012987012987,
0.376623376623377,0.383116883116883,0.38961038961039,0.396103896103896,
0.402597402597403,0.409090909090909,0.415584415584416,0.422077922077922,
0.428571428571429,0.435064935064935,0.441558441558442,0.448051948051948,
0.454545454545455,0.461038961038961,0.467532467532468,0.474025974025974,
0.480519480519481,0.487012987012987,0.493506493506494,0.5,0.506493506493506,
0.512987012987013,0.519480519480519,0.525974025974026,0.532467532467532,
0.538961038961039,0.545454545454545,0.551948051948052,0.558441558441558,
0.564935064935065,0.571428571428571,0.577922077922078,0.584415584415584,
0.590909090909091,0.597402597402597,0.603896103896104,0.61038961038961,
0.616883116883117,0.623376623376623,0.62987012987013,0.636363636363636,
0.642857142857143,0.649350649350649,0.655844155844156,0.662337662337662,
0.668831168831169,0.675324675324675,0.681818181818182,0.688311688311688,
0.694805194805195,0.701298701298701,0.707792207792208,0.714285714285714,
0.720779220779221,0.727272727272727,0.733766233766234,0.74025974025974,
0.746753246753247,0.753246753246753,0.75974025974026,0.766233766233766,
0.772727272727273,0.779220779220779,0.785714285714286,0.792207792207792,
0.798701298701299,0.805194805194805,0.811688311688312,0.818181818181818,
0.824675324675325,0.831168831168831,0.837662337662338,0.844155844155844,
0.850649350649351,0.857142857142857,0.863636363636364,0.87012987012987,
0.876623376623377,0.883116883116883,0.88961038961039,0.896103896103896,
0.902597402597403,0.909090909090909,0.915584415584416,0.922077922077922,
0.928571428571429,0.935064935064935,0.941558441558442,0.948051948051948,
0.954545454545455,0.961038961038961,0.967532467532468,0.974025974025974,
0.980519480519481,0.987012987012987,0.993506493506494,1.),.UNSPECIFIED.)
CURVE()
GEOMETRIC_REPRESENTATION_ITEM()
RATIONAL_B_SPLINE_CURVE((1.,0.974927912181824,1.,0.974927912181824,1.,0.974927912181824,
1.,0.974927912181824,1.,0.974927912181824,1.,0.974927912181824,1.,0.974927912181824,
1.,0.974927912181824,1.,0.974927912181824,1.,0.974927912181824,1.,0.974927912181824,
1.,0.974927912181824,1.,0.974927912181824,1.,0.974927912181824,1.,0.974927912181824,
1.,0.974927912181824,1.,0.974927912181824,1.,0.974927912181824,1.,0.974927912181824,
1.,0.974927912181824,1.,0.974927912181824,1.,0.974927912181824,1.,0.974927912181824,
1.,0.974927912181824,1.,0.974927912181824,1.,0.974927912181824,1.,0.974927912181824,
1.,0.974927912181824,1.,0.974927912181824,1.,0.974927912181824,1.,0.974927912181824,
1.,0.974927912181824,1.,0.974927912181824,1.,0.974927912181824,1.,0.974927912181824,
1.,0.974927912181824,1.,0.974927912181824,1.,0.974927912181824,1.,0.974927912181824,
1.,0.974927912181824,1.,0.974927912181824,1.,0.974927912181824,1.,0.974927912181824,
1.,0.974927912181824,1.,0.974927912181824,1.,0.974927912181824,1.,0.974927912181824,
1.,0.974927912181824,1.,0.974927912181824,1.,0.974927912181824,1.,0.974927912181824,
1.,0.974927912181824,1.,0.974927912181824,1.,0.974927912181824,1.,0.974927912181824,
1.,0.974927912181824,1.,0.974927912181824,1.,0.974927912181824,1.,0.974927912181824,
1.,0.974927912181824,1.,0.974927912181824,1.,0.974927912181824,1.,0.974927912181824,
1.,0.974927912181824,1.,0.974927912181824,1.,0.974927912181824,1.,0.974927912181824,
1.,0.974927912181824,1.,0.974927912181824,1.,0.974927912181824,1.,0.974927912181824,
1.,0.974927912181824,1.,0.974927912181824,1.,0.974927912181824,1.,0.974927912181824,
1.,0.974927912181824,1.,0.974927912181824,1.,0.974927912181824,1.,0.974927912181824,
1.,0.974927912181824,1.,0.974927912181824,1.,0.974927912181824,1.,0.974927912181824,
1.,0.974927912181824,1.,0.974927912181824,1.,0.974927912181824,1.,0.974927912181824,
1.,0.974927912181824,1.,0.974927912181824,1.,0.974927912181824,1.,0.974927912181824,
1.,0.974927912181824,1.,0.974927912181824,1.,0.974927912181824,1.,0.974927912181824,
1.,0.974927912181824,1.,0.974927912181824,1.,0.974927912181824,1.,0.974927912181824,
1.,0.974927912181824,1.,0.974927912181824,1.,0.974927912181824,1.,0.974927912181824,
1.,0.974927912181824,1.,0.974927912181824,1.,0.974927912181824,1.,0.974927912181824,
1.,0.974927912181824,1.,0.974927912181824,1.,0.974927912181824,1.,0.974927912181824,
1.,0.974927912181824,1.,0.974927912181824,1.,0.974927912181824,1.,0.974927912181824,
1.,0.974927912181824,1.,0.974927912181824,1.,0.974927912181824,1.,0.974927912181824,
1.,0.974927912181824,1.,0.974927912181824,1.,0.974927912181824,1.,0.974927912181824,
1.,0.974927912181824,1.,0.974927912181824,1.,0.974927912181824,1.,0.974927912181824,
1.,0.974927912181824,1.,0.974927912181824,1.,0.974927912181824,1.,0.974927912181824,
1.,0.974927912181824,1.,0.974927912181824,1.,0.974927912181824,1.,0.974927912181824,
1.,0.974927912181824,1.,0.974927912181824,1.,0.974927912181824,1.,0.974927912181824,
1.,0.974927912181824,1.,0.974927912181824,1.,0.974927912181824,1.,0.974927912181824,
1.,0.974927912181824,1.,0.974927912181824,1.,0.974927912181824,1.,0.974927912181824,
1.,0.974927912181824,1.,0.974927912181824,1.,0.974927912181824,1.,0.974927912181824,
1.,0.974927912181824,1.,0.974927912181824,1.,0.974927912181824,1.))
REPRESENTATION_ITEM('')
);
#24=(
BOUNDED_CURVE()
B_SPLINE_CURVE(2,(#1863,#1864,#1865,#1866,#1867,#1868,#1869,#1870,#1871,
#1872,#1873,#1874,#1875,#1876,#1877,#1878,#1879,#1880,#1881,#1882,#1883,
#1884,#1885,#1886,#1887,#1888,#1889,#1890,#1891,#1892,#1893,#1894,#1895,
#1896,#1897,#1898,#1899,#1900,#1901,#1902,#1903,#1904,#1905,#1906,#1907,
#1908,#1909,#1910,#1911,#1912,#1913,#1914,#1915,#1916,#1917,#1918,#1919,
#1920,#1921,#1922,#1923,#1924,#1925,#1926,#1927,#1928,#1929,#1930,#1931,
#1932,#1933,#1934,#1935,#1936,#1937,#1938,#1939,#1940,#1941,#1942,#1943,
#1944,#1945,#1946,#1947,#1948,#1949,#1950,#1951,#1952,#1953,#1954,#1955,
#1956,#1957,#1958,#1959,#1960,#1961,#1962,#1963,#1964,#1965,#1966,#1967,
#1968,#1969,#1970,#1971,#1972,#1973,#1974,#1975,#1976,#1977,#1978,#1979,
#1980,#1981,#1982,#1983,#1984,#1985,#1986,#1987,#1988,#1989,#1990,#1991,
#1992,#1993,#1994,#1995,#1996,#1997,#1998,#1999,#2000,#2001,#2002,#2003,
#2004,#2005,#2006,#2007,#2008,#2009,#2010,#2011,#2012,#2013,#2014,#2015,
#2016,#2017,#2018,#2019,#2020,#2021,#2022,#2023,#2024,#2025,#2026,#2027,
#2028,#2029,#2030,#2031,#2032,#2033,#2034,#2035,#2036,#2037,#2038,#2039,
#2040,#2041,#2042,#2043,#2044,#2045,#2046,#2047,#2048,#2049,#2050,#2051,
#2052,#2053,#2054,#2055,#2056,#2057,#2058,#2059,#2060,#2061,#2062,#2063,
#2064,#2065,#2066,#2067,#2068,#2069,#2070,#2071,#2072,#2073,#2074,#2075,
#2076,#2077,#2078,#2079,#2080,#2081,#2082,#2083,#2084,#2085,#2086,#2087,
#2088,#2089,#2090,#2091,#2092,#2093,#2094,#2095,#2096,#2097,#2098,#2099,
#2100,#2101,#2102,#2103,#2104,#2105,#2106,#2107,#2108,#2109,#2110,#2111,
#2112,#2113,#2114,#2115,#2116,#2117,#2118,#2119,#2120,#2121,#2122,#2123,
#2124,#2125,#2126,#2127,#2128,#2129,#2130,#2131,#2132,#2133,#2134,#2135,
#2136,#2137,#2138,#2139,#2140,#2141,#2142,#2143,#2144,#2145,#2146,#2147,
#2148,#2149,#2150,#2151,#2152,#2153,#2154,#2155,#2156,#2157,#2158,#2159,
#2160,#2161,#2162,#2163,#2164,#2165,#2166,#2167,#2168,#2169,#2170,#2171),
 .UNSPECIFIED.,.F.,.F.)
B_SPLINE_CURVE_WITH_KNOTS((3,2,2,2,2,2,2,2,2,2,2,2,2,2,2,2,2,2,2,2,2,2,
2,2,2,2,2,2,2,2,2,2,2,2,2,2,2,2,2,2,2,2,2,2,2,2,2,2,2,2,2,2,2,2,2,2,2,2,
2,2,2,2,2,2,2,2,2,2,2,2,2,2,2,2,2,2,2,2,2,2,2,2,2,2,2,2,2,2,2,2,2,2,2,2,
2,2,2,2,2,2,2,2,2,2,2,2,2,2,2,2,2,2,2,2,2,2,2,2,2,2,2,2,2,2,2,2,2,2,2,2,
2,2,2,2,2,2,2,2,2,2,2,2,2,2,2,2,2,2,2,2,2,2,2,2,3),(0.,0.00649350649350649,
0.012987012987013,0.0194805194805195,0.025974025974026,0.0324675324675325,
0.038961038961039,0.0454545454545455,0.051948051948052,0.0584415584415584,
0.0649350649350649,0.0714285714285714,0.0779220779220779,0.0844155844155844,
0.0909090909090909,0.0974025974025974,0.103896103896104,0.11038961038961,
0.116883116883117,0.123376623376623,0.12987012987013,0.136363636363636,
0.142857142857143,0.149350649350649,0.155844155844156,0.162337662337662,
0.168831168831169,0.175324675324675,0.181818181818182,0.188311688311688,
0.194805194805195,0.201298701298701,0.207792207792208,0.214285714285714,
0.220779220779221,0.227272727272727,0.233766233766234,0.24025974025974,
0.246753246753247,0.253246753246753,0.25974025974026,0.266233766233766,
0.272727272727273,0.279220779220779,0.285714285714286,0.292207792207792,
0.298701298701299,0.305194805194805,0.311688311688312,0.318181818181818,
0.324675324675325,0.331168831168831,0.337662337662338,0.344155844155844,
0.350649350649351,0.357142857142857,0.363636363636364,0.37012987012987,
0.376623376623377,0.383116883116883,0.38961038961039,0.396103896103896,
0.402597402597403,0.409090909090909,0.415584415584416,0.422077922077922,
0.428571428571429,0.435064935064935,0.441558441558442,0.448051948051948,
0.454545454545455,0.461038961038961,0.467532467532468,0.474025974025974,
0.480519480519481,0.487012987012987,0.493506493506494,0.5,0.506493506493506,
0.512987012987013,0.519480519480519,0.525974025974026,0.532467532467532,
0.538961038961039,0.545454545454545,0.551948051948052,0.558441558441558,
0.564935064935065,0.571428571428571,0.577922077922078,0.584415584415584,
0.590909090909091,0.597402597402597,0.603896103896104,0.61038961038961,
0.616883116883117,0.623376623376623,0.62987012987013,0.636363636363636,
0.642857142857143,0.649350649350649,0.655844155844156,0.662337662337662,
0.668831168831169,0.675324675324675,0.681818181818182,0.688311688311688,
0.694805194805195,0.701298701298701,0.707792207792208,0.714285714285714,
0.720779220779221,0.727272727272727,0.733766233766234,0.74025974025974,
0.746753246753247,0.753246753246753,0.75974025974026,0.766233766233766,
0.772727272727273,0.779220779220779,0.785714285714286,0.792207792207792,
0.798701298701299,0.805194805194805,0.811688311688312,0.818181818181818,
0.824675324675325,0.831168831168831,0.837662337662338,0.844155844155844,
0.850649350649351,0.857142857142857,0.863636363636364,0.87012987012987,
0.876623376623377,0.883116883116883,0.88961038961039,0.896103896103896,
0.902597402597403,0.909090909090909,0.915584415584416,0.922077922077922,
0.928571428571429,0.935064935064935,0.941558441558442,0.948051948051948,
0.954545454545455,0.961038961038961,0.967532467532468,0.974025974025974,
0.980519480519481,0.987012987012987,0.993506493506494,1.),.UNSPECIFIED.)
CURVE()
GEOMETRIC_REPRESENTATION_ITEM()
RATIONAL_B_SPLINE_CURVE((1.,0.974927912181824,1.,0.974927912181824,1.,0.974927912181824,
1.,0.974927912181824,1.,0.974927912181824,1.,0.974927912181824,1.,0.974927912181824,
1.,0.974927912181824,1.,0.974927912181824,1.,0.974927912181824,1.,0.974927912181824,
1.,0.974927912181824,1.,0.974927912181824,1.,0.974927912181824,1.,0.974927912181824,
1.,0.974927912181824,1.,0.974927912181824,1.,0.974927912181824,1.,0.974927912181824,
1.,0.974927912181824,1.,0.974927912181824,1.,0.974927912181824,1.,0.974927912181824,
1.,0.974927912181824,1.,0.974927912181824,1.,0.974927912181824,1.,0.974927912181824,
1.,0.974927912181824,1.,0.974927912181824,1.,0.974927912181824,1.,0.974927912181824,
1.,0.974927912181824,1.,0.974927912181824,1.,0.974927912181824,1.,0.974927912181824,
1.,0.974927912181824,1.,0.974927912181824,1.,0.974927912181824,1.,0.974927912181824,
1.,0.974927912181824,1.,0.974927912181824,1.,0.974927912181824,1.,0.974927912181824,
1.,0.974927912181824,1.,0.974927912181824,1.,0.974927912181824,1.,0.974927912181824,
1.,0.974927912181824,1.,0.974927912181824,1.,0.974927912181824,1.,0.974927912181824,
1.,0.974927912181824,1.,0.974927912181824,1.,0.974927912181824,1.,0.974927912181824,
1.,0.974927912181824,1.,0.974927912181824,1.,0.974927912181824,1.,0.974927912181824,
1.,0.974927912181824,1.,0.974927912181824,1.,0.974927912181824,1.,0.974927912181824,
1.,0.974927912181824,1.,0.974927912181824,1.,0.974927912181824,1.,0.974927912181824,
1.,0.974927912181824,1.,0.974927912181824,1.,0.974927912181824,1.,0.974927912181824,
1.,0.974927912181824,1.,0.974927912181824,1.,0.974927912181824,1.,0.974927912181824,
1.,0.974927912181824,1.,0.974927912181824,1.,0.974927912181824,1.,0.974927912181824,
1.,0.974927912181824,1.,0.974927912181824,1.,0.974927912181824,1.,0.974927912181824,
1.,0.974927912181824,1.,0.974927912181824,1.,0.974927912181824,1.,0.974927912181824,
1.,0.974927912181824,1.,0.974927912181824,1.,0.974927912181824,1.,0.974927912181824,
1.,0.974927912181824,1.,0.974927912181824,1.,0.974927912181824,1.,0.974927912181824,
1.,0.974927912181824,1.,0.974927912181824,1.,0.974927912181824,1.,0.974927912181824,
1.,0.974927912181824,1.,0.974927912181824,1.,0.974927912181824,1.,0.974927912181824,
1.,0.974927912181824,1.,0.974927912181824,1.,0.974927912181824,1.,0.974927912181824,
1.,0.974927912181824,1.,0.974927912181824,1.,0.974927912181824,1.,0.974927912181824,
1.,0.974927912181824,1.,0.974927912181824,1.,0.974927912181824,1.,0.974927912181824,
1.,0.974927912181824,1.,0.974927912181824,1.,0.974927912181824,1.,0.974927912181824,
1.,0.974927912181824,1.,0.974927912181824,1.,0.974927912181824,1.,0.974927912181824,
1.,0.974927912181824,1.,0.974927912181824,1.,0.974927912181824,1.,0.974927912181824,
1.,0.974927912181824,1.,0.974927912181824,1.,0.974927912181824,1.,0.974927912181824,
1.,0.974927912181824,1.,0.974927912181824,1.,0.974927912181824,1.,0.974927912181824,
1.,0.974927912181824,1.,0.974927912181824,1.,0.974927912181824,1.,0.974927912181824,
1.,0.974927912181824,1.,0.974927912181824,1.,0.974927912181824,1.,0.974927912181824,
1.,0.974927912181824,1.,0.974927912181824,1.,0.974927912181824,1.,0.974927912181824,
1.,0.974927912181824,1.,0.974927912181824,1.,0.974927912181824,1.,0.974927912181824,
1.,0.974927912181824,1.,0.974927912181824,1.,0.974927912181824,1.))
REPRESENTATION_ITEM('')
);
#25=(
BOUNDED_CURVE()
B_SPLINE_CURVE(2,(#2173,#2174,#2175,#2176,#2177,#2178,#2179,#2180,#2181,
#2182,#2183,#2184,#2185,#2186,#2187,#2188,#2189,#2190,#2191,#2192,#2193,
#2194,#2195,#2196,#2197,#2198,#2199,#2200,#2201,#2202,#2203,#2204,#2205,
#2206,#2207,#2208,#2209,#2210,#2211,#2212,#2213,#2214,#2215,#2216,#2217,
#2218,#2219,#2220,#2221,#2222,#2223,#2224,#2225,#2226,#2227,#2228,#2229,
#2230,#2231,#2232,#2233,#2234,#2235,#2236,#2237,#2238,#2239,#2240,#2241,
#2242,#2243,#2244,#2245,#2246,#2247,#2248,#2249,#2250,#2251,#2252,#2253,
#2254,#2255,#2256,#2257,#2258,#2259,#2260,#2261,#2262,#2263,#2264,#2265,
#2266,#2267,#2268,#2269,#2270,#2271,#2272,#2273,#2274,#2275,#2276,#2277,
#2278,#2279,#2280,#2281,#2282,#2283,#2284,#2285,#2286,#2287,#2288,#2289,
#2290,#2291,#2292,#2293,#2294,#2295,#2296,#2297,#2298,#2299,#2300,#2301,
#2302,#2303,#2304,#2305,#2306,#2307,#2308,#2309,#2310,#2311,#2312,#2313,
#2314,#2315,#2316,#2317,#2318,#2319,#2320,#2321,#2322,#2323,#2324,#2325,
#2326,#2327,#2328,#2329,#2330,#2331,#2332,#2333,#2334,#2335,#2336,#2337,
#2338,#2339,#2340,#2341,#2342,#2343,#2344,#2345,#2346,#2347,#2348,#2349,
#2350,#2351,#2352,#2353,#2354,#2355,#2356,#2357,#2358,#2359,#2360,#2361,
#2362,#2363,#2364,#2365,#2366,#2367,#2368,#2369,#2370,#2371,#2372,#2373,
#2374,#2375,#2376,#2377,#2378,#2379,#2380,#2381,#2382,#2383,#2384,#2385,
#2386,#2387,#2388,#2389,#2390,#2391,#2392,#2393,#2394,#2395,#2396,#2397,
#2398,#2399,#2400,#2401,#2402,#2403,#2404,#2405,#2406,#2407,#2408,#2409,
#2410,#2411,#2412,#2413,#2414,#2415,#2416,#2417,#2418,#2419,#2420,#2421,
#2422,#2423,#2424,#2425,#2426,#2427,#2428,#2429,#2430,#2431,#2432,#2433,
#2434,#2435,#2436,#2437,#2438,#2439,#2440,#2441,#2442,#2443,#2444,#2445,
#2446,#2447,#2448,#2449,#2450,#2451,#2452,#2453,#2454,#2455,#2456,#2457,
#2458,#2459,#2460,#2461,#2462,#2463,#2464,#2465,#2466,#2467,#2468,#2469,
#2470,#2471,#2472,#2473,#2474,#2475,#2476,#2477,#2478,#2479,#2480,#2481),
 .UNSPECIFIED.,.F.,.F.)
B_SPLINE_CURVE_WITH_KNOTS((3,2,2,2,2,2,2,2,2,2,2,2,2,2,2,2,2,2,2,2,2,2,
2,2,2,2,2,2,2,2,2,2,2,2,2,2,2,2,2,2,2,2,2,2,2,2,2,2,2,2,2,2,2,2,2,2,2,2,
2,2,2,2,2,2,2,2,2,2,2,2,2,2,2,2,2,2,2,2,2,2,2,2,2,2,2,2,2,2,2,2,2,2,2,2,
2,2,2,2,2,2,2,2,2,2,2,2,2,2,2,2,2,2,2,2,2,2,2,2,2,2,2,2,2,2,2,2,2,2,2,2,
2,2,2,2,2,2,2,2,2,2,2,2,2,2,2,2,2,2,2,2,2,2,2,2,3),(0.,0.00649350649350649,
0.012987012987013,0.0194805194805195,0.025974025974026,0.0324675324675325,
0.038961038961039,0.0454545454545455,0.051948051948052,0.0584415584415584,
0.0649350649350649,0.0714285714285714,0.0779220779220779,0.0844155844155844,
0.0909090909090909,0.0974025974025974,0.103896103896104,0.11038961038961,
0.116883116883117,0.123376623376623,0.12987012987013,0.136363636363636,
0.142857142857143,0.149350649350649,0.155844155844156,0.162337662337662,
0.168831168831169,0.175324675324675,0.181818181818182,0.188311688311688,
0.194805194805195,0.201298701298701,0.207792207792208,0.214285714285714,
0.220779220779221,0.227272727272727,0.233766233766234,0.24025974025974,
0.246753246753247,0.253246753246753,0.25974025974026,0.266233766233766,
0.272727272727273,0.279220779220779,0.285714285714286,0.292207792207792,
0.298701298701299,0.305194805194805,0.311688311688312,0.318181818181818,
0.324675324675325,0.331168831168831,0.337662337662338,0.344155844155844,
0.350649350649351,0.357142857142857,0.363636363636364,0.37012987012987,
0.376623376623377,0.383116883116883,0.38961038961039,0.396103896103896,
0.402597402597403,0.409090909090909,0.415584415584416,0.422077922077922,
0.428571428571429,0.435064935064935,0.441558441558442,0.448051948051948,
0.454545454545455,0.461038961038961,0.467532467532468,0.474025974025974,
0.480519480519481,0.487012987012987,0.493506493506494,0.5,0.506493506493506,
0.512987012987013,0.519480519480519,0.525974025974026,0.532467532467532,
0.538961038961039,0.545454545454545,0.551948051948052,0.558441558441558,
0.564935064935065,0.571428571428571,0.577922077922078,0.584415584415584,
0.590909090909091,0.597402597402597,0.603896103896104,0.61038961038961,
0.616883116883117,0.623376623376623,0.62987012987013,0.636363636363636,
0.642857142857143,0.649350649350649,0.655844155844156,0.662337662337662,
0.668831168831169,0.675324675324675,0.681818181818182,0.688311688311688,
0.694805194805195,0.701298701298701,0.707792207792208,0.714285714285714,
0.720779220779221,0.727272727272727,0.733766233766234,0.74025974025974,
0.746753246753247,0.753246753246753,0.75974025974026,0.766233766233766,
0.772727272727273,0.779220779220779,0.785714285714286,0.792207792207792,
0.798701298701299,0.805194805194805,0.811688311688312,0.818181818181818,
0.824675324675325,0.831168831168831,0.837662337662338,0.844155844155844,
0.850649350649351,0.857142857142857,0.863636363636364,0.87012987012987,
0.876623376623377,0.883116883116883,0.88961038961039,0.896103896103896,
0.902597402597403,0.909090909090909,0.915584415584416,0.922077922077922,
0.928571428571429,0.935064935064935,0.941558441558442,0.948051948051948,
0.954545454545455,0.961038961038961,0.967532467532468,0.974025974025974,
0.980519480519481,0.987012987012987,0.993506493506494,1.),.UNSPECIFIED.)
CURVE()
GEOMETRIC_REPRESENTATION_ITEM()
RATIONAL_B_SPLINE_CURVE((1.,0.974927912181824,1.,0.974927912181824,1.,0.974927912181824,
1.,0.974927912181824,1.,0.974927912181824,1.,0.974927912181824,1.,0.974927912181824,
1.,0.974927912181824,1.,0.974927912181824,1.,0.974927912181824,1.,0.974927912181824,
1.,0.974927912181824,1.,0.974927912181824,1.,0.974927912181824,1.,0.974927912181824,
1.,0.974927912181824,1.,0.974927912181824,1.,0.974927912181824,1.,0.974927912181824,
1.,0.974927912181824,1.,0.974927912181824,1.,0.974927912181824,1.,0.974927912181824,
1.,0.974927912181824,1.,0.974927912181824,1.,0.974927912181824,1.,0.974927912181824,
1.,0.974927912181824,1.,0.974927912181824,1.,0.974927912181824,1.,0.974927912181824,
1.,0.974927912181824,1.,0.974927912181824,1.,0.974927912181824,1.,0.974927912181824,
1.,0.974927912181824,1.,0.974927912181824,1.,0.974927912181824,1.,0.974927912181824,
1.,0.974927912181824,1.,0.974927912181824,1.,0.974927912181824,1.,0.974927912181824,
1.,0.974927912181824,1.,0.974927912181824,1.,0.974927912181824,1.,0.974927912181824,
1.,0.974927912181824,1.,0.974927912181824,1.,0.974927912181824,1.,0.974927912181824,
1.,0.974927912181824,1.,0.974927912181824,1.,0.974927912181824,1.,0.974927912181824,
1.,0.974927912181824,1.,0.974927912181824,1.,0.974927912181824,1.,0.974927912181824,
1.,0.974927912181824,1.,0.974927912181824,1.,0.974927912181824,1.,0.974927912181824,
1.,0.974927912181824,1.,0.974927912181824,1.,0.974927912181824,1.,0.974927912181824,
1.,0.974927912181824,1.,0.974927912181824,1.,0.974927912181824,1.,0.974927912181824,
1.,0.974927912181824,1.,0.974927912181824,1.,0.974927912181824,1.,0.974927912181824,
1.,0.974927912181824,1.,0.974927912181824,1.,0.974927912181824,1.,0.974927912181824,
1.,0.974927912181824,1.,0.974927912181824,1.,0.974927912181824,1.,0.974927912181824,
1.,0.974927912181824,1.,0.974927912181824,1.,0.974927912181824,1.,0.974927912181824,
1.,0.974927912181824,1.,0.974927912181824,1.,0.974927912181824,1.,0.974927912181824,
1.,0.974927912181824,1.,0.974927912181824,1.,0.974927912181824,1.,0.974927912181824,
1.,0.974927912181824,1.,0.974927912181824,1.,0.974927912181824,1.,0.974927912181824,
1.,0.974927912181824,1.,0.974927912181824,1.,0.974927912181824,1.,0.974927912181824,
1.,0.974927912181824,1.,0.974927912181824,1.,0.974927912181824,1.,0.974927912181824,
1.,0.974927912181824,1.,0.974927912181824,1.,0.974927912181824,1.,0.974927912181824,
1.,0.974927912181824,1.,0.974927912181824,1.,0.974927912181824,1.,0.974927912181824,
1.,0.974927912181824,1.,0.974927912181824,1.,0.974927912181824,1.,0.974927912181824,
1.,0.974927912181824,1.,0.974927912181824,1.,0.974927912181824,1.,0.974927912181824,
1.,0.974927912181824,1.,0.974927912181824,1.,0.974927912181824,1.,0.974927912181824,
1.,0.974927912181824,1.,0.974927912181824,1.,0.974927912181824,1.,0.974927912181824,
1.,0.974927912181824,1.,0.974927912181824,1.,0.974927912181824,1.,0.974927912181824,
1.,0.974927912181824,1.,0.974927912181824,1.,0.974927912181824,1.,0.974927912181824,
1.,0.974927912181824,1.,0.974927912181824,1.,0.974927912181824,1.,0.974927912181824,
1.,0.974927912181824,1.,0.974927912181824,1.,0.974927912181824,1.,0.974927912181824,
1.,0.974927912181824,1.,0.974927912181824,1.,0.974927912181824,1.,0.974927912181824,
1.,0.974927912181824,1.,0.974927912181824,1.,0.974927912181824,1.))
REPRESENTATION_ITEM('')
);
#26=CYLINDRICAL_SURFACE('',#609,2.067);
#27=CYLINDRICAL_SURFACE('',#610,7.50000000000001);
#28=CYLINDRICAL_SURFACE('',#614,7.50000000000001);
#29=CYLINDRICAL_SURFACE('',#618,7.5);
#30=CYLINDRICAL_SURFACE('',#622,2.1);
#31=CYLINDRICAL_SURFACE('',#623,2.1);
#32=CYLINDRICAL_SURFACE('',#624,5.);
#33=CYLINDRICAL_SURFACE('',#625,5.);
#34=CYLINDRICAL_SURFACE('',#626,2.50001270189221);
#35=B_SPLINE_CURVE_WITH_KNOTS('',3,(#771,#772,#773,#774,#775),
 .UNSPECIFIED.,.F.,.F.,(4,1,4),(6.93889390390723E-18,0.00223899391182942,
0.00447798782365883),.UNSPECIFIED.);
#36=B_SPLINE_CURVE_WITH_KNOTS('',3,(#780,#781,#782,#783,#784),
 .UNSPECIFIED.,.F.,.F.,(4,1,4),(0.,0.00224311530013037,0.00448623060026074),
 .UNSPECIFIED.);
#37=B_SPLINE_CURVE_WITH_KNOTS('',3,(#823,#824,#825,#826,#827),
 .UNSPECIFIED.,.F.,.F.,(4,1,4),(3.5381555418773E-17,0.00223970875764787,
0.00447941751529571),.UNSPECIFIED.);
#38=B_SPLINE_CURVE_WITH_KNOTS('',3,(#831,#832,#833,#834,#835),
 .UNSPECIFIED.,.F.,.F.,(4,1,4),(2.77555756156289E-17,0.00224225034819208,
0.00448450069638414),.UNSPECIFIED.);
#39=CIRCLE('',#590,5.);
#40=CIRCLE('',#591,7.50000000000001);
#41=CIRCLE('',#592,7.50000000000001);
#42=CIRCLE('',#593,5.);
#43=CIRCLE('',#594,7.5);
#44=CIRCLE('',#595,2.1);
#45=CIRCLE('',#596,2.1);
#46=CIRCLE('',#597,2.067);
#47=CIRCLE('',#598,2.50001270189221);
#48=CIRCLE('',#600,2.1);
#49=CIRCLE('',#601,2.1);
#50=CIRCLE('',#602,5.);
#51=CIRCLE('',#603,7.5);
#52=CIRCLE('',#604,5.);
#53=CIRCLE('',#605,7.50000000000001);
#54=CIRCLE('',#606,7.50000000000001);
#55=CIRCLE('',#607,2.067);
#56=CIRCLE('',#608,2.50001270189221);
#57=ORIENTED_EDGE('',*,*,#173,.F.);
#58=ORIENTED_EDGE('',*,*,#174,.T.);
#59=ORIENTED_EDGE('',*,*,#175,.F.);
#60=ORIENTED_EDGE('',*,*,#176,.F.);
#61=ORIENTED_EDGE('',*,*,#177,.F.);
#62=ORIENTED_EDGE('',*,*,#178,.F.);
#63=ORIENTED_EDGE('',*,*,#179,.F.);
#64=ORIENTED_EDGE('',*,*,#180,.F.);
#65=ORIENTED_EDGE('',*,*,#181,.F.);
#66=ORIENTED_EDGE('',*,*,#182,.T.);
#67=ORIENTED_EDGE('',*,*,#183,.F.);
#68=ORIENTED_EDGE('',*,*,#184,.F.);
#69=ORIENTED_EDGE('',*,*,#185,.F.);
#70=ORIENTED_EDGE('',*,*,#186,.F.);
#71=ORIENTED_EDGE('',*,*,#187,.F.);
#72=ORIENTED_EDGE('',*,*,#188,.F.);
#73=ORIENTED_EDGE('',*,*,#189,.T.);
#74=ORIENTED_EDGE('',*,*,#190,.F.);
#75=ORIENTED_EDGE('',*,*,#191,.T.);
#76=ORIENTED_EDGE('',*,*,#192,.T.);
#77=ORIENTED_EDGE('',*,*,#193,.T.);
#78=ORIENTED_EDGE('',*,*,#194,.T.);
#79=ORIENTED_EDGE('',*,*,#195,.T.);
#80=ORIENTED_EDGE('',*,*,#196,.T.);
#81=ORIENTED_EDGE('',*,*,#197,.T.);
#82=ORIENTED_EDGE('',*,*,#198,.T.);
#83=ORIENTED_EDGE('',*,*,#199,.T.);
#84=ORIENTED_EDGE('',*,*,#200,.T.);
#85=ORIENTED_EDGE('',*,*,#201,.T.);
#86=ORIENTED_EDGE('',*,*,#202,.T.);
#87=ORIENTED_EDGE('',*,*,#203,.T.);
#88=ORIENTED_EDGE('',*,*,#204,.T.);
#89=ORIENTED_EDGE('',*,*,#205,.T.);
#90=ORIENTED_EDGE('',*,*,#206,.T.);
#91=ORIENTED_EDGE('',*,*,#207,.T.);
#92=ORIENTED_EDGE('',*,*,#208,.T.);
#93=ORIENTED_EDGE('',*,*,#209,.T.);
#94=ORIENTED_EDGE('',*,*,#210,.F.);
#95=ORIENTED_EDGE('',*,*,#211,.F.);
#96=ORIENTED_EDGE('',*,*,#212,.F.);
#97=ORIENTED_EDGE('',*,*,#190,.T.);
#98=ORIENTED_EDGE('',*,*,#213,.T.);
#99=ORIENTED_EDGE('',*,*,#209,.F.);
#100=ORIENTED_EDGE('',*,*,#214,.F.);
#101=ORIENTED_EDGE('',*,*,#204,.F.);
#102=ORIENTED_EDGE('',*,*,#215,.F.);
#103=ORIENTED_EDGE('',*,*,#180,.T.);
#104=ORIENTED_EDGE('',*,*,#216,.T.);
#105=ORIENTED_EDGE('',*,*,#205,.F.);
#106=ORIENTED_EDGE('',*,*,#216,.F.);
#107=ORIENTED_EDGE('',*,*,#179,.T.);
#108=ORIENTED_EDGE('',*,*,#217,.T.);
#109=ORIENTED_EDGE('',*,*,#206,.F.);
#110=ORIENTED_EDGE('',*,*,#217,.F.);
#111=ORIENTED_EDGE('',*,*,#178,.T.);
#112=ORIENTED_EDGE('',*,*,#218,.T.);
#113=ORIENTED_EDGE('',*,*,#207,.F.);
#114=ORIENTED_EDGE('',*,*,#218,.F.);
#115=ORIENTED_EDGE('',*,*,#177,.T.);
#116=ORIENTED_EDGE('',*,*,#219,.T.);
#117=ORIENTED_EDGE('',*,*,#208,.F.);
#118=ORIENTED_EDGE('',*,*,#219,.F.);
#119=ORIENTED_EDGE('',*,*,#176,.T.);
#120=ORIENTED_EDGE('',*,*,#220,.T.);
#121=ORIENTED_EDGE('',*,*,#175,.T.);
#122=ORIENTED_EDGE('',*,*,#221,.T.);
#123=ORIENTED_EDGE('',*,*,#195,.F.);
#124=ORIENTED_EDGE('',*,*,#220,.F.);
#125=ORIENTED_EDGE('',*,*,#197,.F.);
#126=ORIENTED_EDGE('',*,*,#222,.T.);
#127=ORIENTED_EDGE('',*,*,#173,.T.);
#128=ORIENTED_EDGE('',*,*,#223,.T.);
#129=ORIENTED_EDGE('',*,*,#198,.F.);
#130=ORIENTED_EDGE('',*,*,#223,.F.);
#131=ORIENTED_EDGE('',*,*,#186,.T.);
#132=ORIENTED_EDGE('',*,*,#224,.T.);
#133=ORIENTED_EDGE('',*,*,#199,.F.);
#134=ORIENTED_EDGE('',*,*,#224,.F.);
#135=ORIENTED_EDGE('',*,*,#185,.T.);
#136=ORIENTED_EDGE('',*,*,#225,.T.);
#137=ORIENTED_EDGE('',*,*,#200,.F.);
#138=ORIENTED_EDGE('',*,*,#225,.F.);
#139=ORIENTED_EDGE('',*,*,#184,.T.);
#140=ORIENTED_EDGE('',*,*,#226,.T.);
#141=ORIENTED_EDGE('',*,*,#183,.T.);
#142=ORIENTED_EDGE('',*,*,#227,.T.);
#143=ORIENTED_EDGE('',*,*,#201,.F.);
#144=ORIENTED_EDGE('',*,*,#226,.F.);
#145=ORIENTED_EDGE('',*,*,#203,.F.);
#146=ORIENTED_EDGE('',*,*,#228,.T.);
#147=ORIENTED_EDGE('',*,*,#181,.T.);
#148=ORIENTED_EDGE('',*,*,#215,.T.);
#149=ORIENTED_EDGE('',*,*,#194,.F.);
#150=ORIENTED_EDGE('',*,*,#187,.T.);
#151=ORIENTED_EDGE('',*,*,#193,.F.);
#152=ORIENTED_EDGE('',*,*,#188,.T.);
#153=ORIENTED_EDGE('',*,*,#174,.F.);
#154=ORIENTED_EDGE('',*,*,#222,.F.);
#155=ORIENTED_EDGE('',*,*,#196,.F.);
#156=ORIENTED_EDGE('',*,*,#221,.F.);
#157=ORIENTED_EDGE('',*,*,#182,.F.);
#158=ORIENTED_EDGE('',*,*,#228,.F.);
#159=ORIENTED_EDGE('',*,*,#202,.F.);
#160=ORIENTED_EDGE('',*,*,#227,.F.);
#161=ORIENTED_EDGE('',*,*,#210,.T.);
#162=ORIENTED_EDGE('',*,*,#213,.F.);
#163=ORIENTED_EDGE('',*,*,#189,.F.);
#164=ORIENTED_EDGE('',*,*,#229,.T.);
#165=ORIENTED_EDGE('',*,*,#211,.T.);
#166=ORIENTED_EDGE('',*,*,#229,.F.);
#167=ORIENTED_EDGE('',*,*,#192,.F.);
#168=ORIENTED_EDGE('',*,*,#230,.T.);
#169=ORIENTED_EDGE('',*,*,#212,.T.);
#170=ORIENTED_EDGE('',*,*,#230,.F.);
#171=ORIENTED_EDGE('',*,*,#191,.F.);
#172=ORIENTED_EDGE('',*,*,#214,.T.);
#173=EDGE_CURVE('',#231,#232,#271,.T.);
#174=EDGE_CURVE('',#231,#233,#39,.F.);
#175=EDGE_CURVE('',#234,#233,#272,.T.);
#176=EDGE_CURVE('',#235,#234,#40,.T.);
#177=EDGE_CURVE('',#236,#235,#273,.T.);
#178=EDGE_CURVE('',#237,#236,#274,.T.);
#179=EDGE_CURVE('',#238,#237,#275,.T.);
#180=EDGE_CURVE('',#239,#238,#41,.T.);
#181=EDGE_CURVE('',#240,#239,#276,.T.);
#182=EDGE_CURVE('',#240,#241,#42,.F.);
#183=EDGE_CURVE('',#242,#241,#277,.T.);
#184=EDGE_CURVE('',#243,#242,#278,.T.);
#185=EDGE_CURVE('',#244,#243,#43,.T.);
#186=EDGE_CURVE('',#232,#244,#279,.T.);
#187=EDGE_CURVE('',#245,#245,#44,.F.);
#188=EDGE_CURVE('',#246,#246,#45,.F.);
#189=EDGE_CURVE('',#247,#248,#35,.T.);
#190=EDGE_CURVE('',#249,#248,#46,.F.);
#191=EDGE_CURVE('',#249,#250,#36,.T.);
#192=EDGE_CURVE('',#250,#247,#47,.T.);
#193=EDGE_CURVE('',#251,#251,#48,.T.);
#194=EDGE_CURVE('',#252,#252,#49,.T.);
#195=EDGE_CURVE('',#253,#254,#280,.T.);
#196=EDGE_CURVE('',#254,#255,#50,.T.);
#197=EDGE_CURVE('',#255,#256,#281,.T.);
#198=EDGE_CURVE('',#256,#257,#282,.T.);
#199=EDGE_CURVE('',#257,#258,#51,.T.);
#200=EDGE_CURVE('',#258,#259,#283,.T.);
#201=EDGE_CURVE('',#259,#260,#284,.T.);
#202=EDGE_CURVE('',#260,#261,#52,.T.);
#203=EDGE_CURVE('',#261,#262,#285,.T.);
#204=EDGE_CURVE('',#262,#263,#53,.T.);
#205=EDGE_CURVE('',#263,#264,#286,.T.);
#206=EDGE_CURVE('',#264,#265,#287,.T.);
#207=EDGE_CURVE('',#265,#266,#288,.T.);
#208=EDGE_CURVE('',#266,#253,#54,.T.);
#209=EDGE_CURVE('',#267,#268,#55,.F.);
#210=EDGE_CURVE('',#269,#268,#37,.T.);
#211=EDGE_CURVE('',#270,#269,#56,.T.);
#212=EDGE_CURVE('',#267,#270,#38,.T.);
#213=EDGE_CURVE('',#248,#268,#22,.T.);
#214=EDGE_CURVE('',#249,#267,#23,.T.);
#215=EDGE_CURVE('',#239,#262,#289,.T.);
#216=EDGE_CURVE('',#238,#263,#290,.T.);
#217=EDGE_CURVE('',#237,#264,#291,.T.);
#218=EDGE_CURVE('',#236,#265,#292,.T.);
#219=EDGE_CURVE('',#235,#266,#293,.T.);
#220=EDGE_CURVE('',#234,#253,#294,.T.);
#221=EDGE_CURVE('',#233,#254,#295,.T.);
#222=EDGE_CURVE('',#255,#231,#296,.F.);
#223=EDGE_CURVE('',#232,#256,#297,.T.);
#224=EDGE_CURVE('',#244,#257,#298,.T.);
#225=EDGE_CURVE('',#243,#258,#299,.T.);
#226=EDGE_CURVE('',#242,#259,#300,.T.);
#227=EDGE_CURVE('',#241,#260,#301,.T.);
#228=EDGE_CURVE('',#261,#240,#302,.F.);
#229=EDGE_CURVE('',#247,#269,#24,.T.);
#230=EDGE_CURVE('',#250,#270,#25,.T.);
#231=VERTEX_POINT('',#740);
#232=VERTEX_POINT('',#741);
#233=VERTEX_POINT('',#743);
#234=VERTEX_POINT('',#745);
#235=VERTEX_POINT('',#747);
#236=VERTEX_POINT('',#749);
#237=VERTEX_POINT('',#751);
#238=VERTEX_POINT('',#753);
#239=VERTEX_POINT('',#755);
#240=VERTEX_POINT('',#757);
#241=VERTEX_POINT('',#759);
#242=VERTEX_POINT('',#761);
#243=VERTEX_POINT('',#763);
#244=VERTEX_POINT('',#765);
#245=VERTEX_POINT('',#768);
#246=VERTEX_POINT('',#770);
#247=VERTEX_POINT('',#776);
#248=VERTEX_POINT('',#777);
#249=VERTEX_POINT('',#779);
#250=VERTEX_POINT('',#785);
#251=VERTEX_POINT('',#789);
#252=VERTEX_POINT('',#791);
#253=VERTEX_POINT('',#793);
#254=VERTEX_POINT('',#794);
#255=VERTEX_POINT('',#796);
#256=VERTEX_POINT('',#798);
#257=VERTEX_POINT('',#800);
#258=VERTEX_POINT('',#802);
#259=VERTEX_POINT('',#804);
#260=VERTEX_POINT('',#806);
#261=VERTEX_POINT('',#808);
#262=VERTEX_POINT('',#810);
#263=VERTEX_POINT('',#812);
#264=VERTEX_POINT('',#814);
#265=VERTEX_POINT('',#816);
#266=VERTEX_POINT('',#818);
#267=VERTEX_POINT('',#821);
#268=VERTEX_POINT('',#822);
#269=VERTEX_POINT('',#828);
#270=VERTEX_POINT('',#830);
#271=LINE('',#739,#303);
#272=LINE('',#744,#304);
#273=LINE('',#748,#305);
#274=LINE('',#750,#306);
#275=LINE('',#752,#307);
#276=LINE('',#756,#308);
#277=LINE('',#760,#309);
#278=LINE('',#762,#310);
#279=LINE('',#766,#311);
#280=LINE('',#792,#312);
#281=LINE('',#797,#313);
#282=LINE('',#799,#314);
#283=LINE('',#803,#315);
#284=LINE('',#805,#316);
#285=LINE('',#809,#317);
#286=LINE('',#813,#318);
#287=LINE('',#815,#319);
#288=LINE('',#817,#320);
#289=LINE('',#1456,#321);
#290=LINE('',#1457,#322);
#291=LINE('',#1459,#323);
#292=LINE('',#1461,#324);
#293=LINE('',#1463,#325);
#294=LINE('',#1465,#326);
#295=LINE('',#1467,#327);
#296=LINE('',#1469,#328);
#297=LINE('',#1470,#329);
#298=LINE('',#1472,#330);
#299=LINE('',#1474,#331);
#300=LINE('',#1476,#332);
#301=LINE('',#1478,#333);
#302=LINE('',#1480,#334);
#303=VECTOR('',#631,1000.);
#304=VECTOR('',#634,1000.);
#305=VECTOR('',#637,1000.);
#306=VECTOR('',#638,1000.);
#307=VECTOR('',#639,1000.);
#308=VECTOR('',#642,1000.);
#309=VECTOR('',#645,1000.);
#310=VECTOR('',#646,1000.);
#311=VECTOR('',#649,1000.);
#312=VECTOR('',#664,1000.);
#313=VECTOR('',#667,1000.);
#314=VECTOR('',#668,1000.);
#315=VECTOR('',#671,1000.);
#316=VECTOR('',#672,1000.);
#317=VECTOR('',#675,1000.);
#318=VECTOR('',#678,1000.);
#319=VECTOR('',#679,1000.);
#320=VECTOR('',#680,1000.);
#321=VECTOR('',#691,1000.);
#322=VECTOR('',#692,1000.);
#323=VECTOR('',#695,1000.);
#324=VECTOR('',#698,1000.);
#325=VECTOR('',#701,1000.);
#326=VECTOR('',#704,1000.);
#327=VECTOR('',#707,1000.);
#328=VECTOR('',#710,1000.);
#329=VECTOR('',#711,1000.);
#330=VECTOR('',#714,1000.);
#331=VECTOR('',#717,1000.);
#332=VECTOR('',#720,1000.);
#333=VECTOR('',#723,1000.);
#334=VECTOR('',#726,1000.);
#335=EDGE_LOOP('',(#57,#58,#59,#60,#61,#62,#63,#64,#65,#66,#67,#68,#69,
#70));
#336=EDGE_LOOP('',(#71));
#337=EDGE_LOOP('',(#72));
#338=EDGE_LOOP('',(#73,#74,#75,#76));
#339=EDGE_LOOP('',(#77));
#340=EDGE_LOOP('',(#78));
#341=EDGE_LOOP('',(#79,#80,#81,#82,#83,#84,#85,#86,#87,#88,#89,#90,#91,
#92));
#342=EDGE_LOOP('',(#93,#94,#95,#96));
#343=EDGE_LOOP('',(#97,#98,#99,#100));
#344=EDGE_LOOP('',(#101,#102,#103,#104));
#345=EDGE_LOOP('',(#105,#106,#107,#108));
#346=EDGE_LOOP('',(#109,#110,#111,#112));
#347=EDGE_LOOP('',(#113,#114,#115,#116));
#348=EDGE_LOOP('',(#117,#118,#119,#120));
#349=EDGE_LOOP('',(#121,#122,#123,#124));
#350=EDGE_LOOP('',(#125,#126,#127,#128));
#351=EDGE_LOOP('',(#129,#130,#131,#132));
#352=EDGE_LOOP('',(#133,#134,#135,#136));
#353=EDGE_LOOP('',(#137,#138,#139,#140));
#354=EDGE_LOOP('',(#141,#142,#143,#144));
#355=EDGE_LOOP('',(#145,#146,#147,#148));
#356=EDGE_LOOP('',(#149));
#357=EDGE_LOOP('',(#150));
#358=EDGE_LOOP('',(#151));
#359=EDGE_LOOP('',(#152));
#360=EDGE_LOOP('',(#153,#154,#155,#156));
#361=EDGE_LOOP('',(#157,#158,#159,#160));
#362=EDGE_LOOP('',(#161,#162,#163,#164));
#363=EDGE_LOOP('',(#165,#166,#167,#168));
#364=EDGE_LOOP('',(#169,#170,#171,#172));
#365=FACE_BOUND('',#335,.T.);
#366=FACE_BOUND('',#336,.T.);
#367=FACE_BOUND('',#337,.T.);
#368=FACE_BOUND('',#338,.T.);
#369=FACE_BOUND('',#339,.T.);
#370=FACE_BOUND('',#340,.T.);
#371=FACE_BOUND('',#341,.T.);
#372=FACE_BOUND('',#342,.T.);
#373=FACE_BOUND('',#343,.T.);
#374=FACE_BOUND('',#344,.T.);
#375=FACE_BOUND('',#345,.T.);
#376=FACE_BOUND('',#346,.T.);
#377=FACE_BOUND('',#347,.T.);
#378=FACE_BOUND('',#348,.T.);
#379=FACE_BOUND('',#349,.T.);
#380=FACE_BOUND('',#350,.T.);
#381=FACE_BOUND('',#351,.T.);
#382=FACE_BOUND('',#352,.T.);
#383=FACE_BOUND('',#353,.T.);
#384=FACE_BOUND('',#354,.T.);
#385=FACE_BOUND('',#355,.T.);
#386=FACE_BOUND('',#356,.T.);
#387=FACE_BOUND('',#357,.T.);
#388=FACE_BOUND('',#358,.T.);
#389=FACE_BOUND('',#359,.T.);
#390=FACE_BOUND('',#360,.T.);
#391=FACE_BOUND('',#361,.T.);
#392=FACE_BOUND('',#362,.T.);
#393=FACE_BOUND('',#363,.T.);
#394=FACE_BOUND('',#364,.T.);
#395=PLANE('',#589);
#396=PLANE('',#599);
#397=PLANE('',#611);
#398=PLANE('',#612);
#399=PLANE('',#613);
#400=PLANE('',#615);
#401=PLANE('',#616);
#402=PLANE('',#617);
#403=PLANE('',#619);
#404=PLANE('',#620);
#405=PLANE('',#621);
#406=STYLED_ITEM('',(#428),#562);
#407=STYLED_ITEM('',(#429),#563);
#408=STYLED_ITEM('',(#430),#564);
#409=STYLED_ITEM('',(#431),#565);
#410=STYLED_ITEM('',(#432),#566);
#411=STYLED_ITEM('',(#433),#567);
#412=STYLED_ITEM('',(#434),#568);
#413=STYLED_ITEM('',(#435),#569);
#414=STYLED_ITEM('',(#436),#570);
#415=STYLED_ITEM('',(#437),#571);
#416=STYLED_ITEM('',(#438),#572);
#417=STYLED_ITEM('',(#439),#573);
#418=STYLED_ITEM('',(#440),#574);
#419=STYLED_ITEM('',(#441),#575);
#420=STYLED_ITEM('',(#442),#576);
#421=STYLED_ITEM('',(#443),#577);
#422=STYLED_ITEM('',(#444),#578);
#423=STYLED_ITEM('',(#445),#579);
#424=STYLED_ITEM('',(#446),#580);
#425=STYLED_ITEM('',(#447),#581);
#426=STYLED_ITEM('',(#448),#582);
#427=STYLED_ITEM('',(#449),#583);
#428=PRESENTATION_STYLE_ASSIGNMENT((#450));
#429=PRESENTATION_STYLE_ASSIGNMENT((#451));
#430=PRESENTATION_STYLE_ASSIGNMENT((#452));
#431=PRESENTATION_STYLE_ASSIGNMENT((#453));
#432=PRESENTATION_STYLE_ASSIGNMENT((#454));
#433=PRESENTATION_STYLE_ASSIGNMENT((#455));
#434=PRESENTATION_STYLE_ASSIGNMENT((#456));
#435=PRESENTATION_STYLE_ASSIGNMENT((#457));
#436=PRESENTATION_STYLE_ASSIGNMENT((#458));
#437=PRESENTATION_STYLE_ASSIGNMENT((#459));
#438=PRESENTATION_STYLE_ASSIGNMENT((#460));
#439=PRESENTATION_STYLE_ASSIGNMENT((#461));
#440=PRESENTATION_STYLE_ASSIGNMENT((#462));
#441=PRESENTATION_STYLE_ASSIGNMENT((#463));
#442=PRESENTATION_STYLE_ASSIGNMENT((#464));
#443=PRESENTATION_STYLE_ASSIGNMENT((#465));
#444=PRESENTATION_STYLE_ASSIGNMENT((#466));
#445=PRESENTATION_STYLE_ASSIGNMENT((#467));
#446=PRESENTATION_STYLE_ASSIGNMENT((#468));
#447=PRESENTATION_STYLE_ASSIGNMENT((#469));
#448=PRESENTATION_STYLE_ASSIGNMENT((#470));
#449=PRESENTATION_STYLE_ASSIGNMENT((#471));
#450=SURFACE_STYLE_USAGE(.BOTH.,#472);
#451=SURFACE_STYLE_USAGE(.BOTH.,#473);
#452=SURFACE_STYLE_USAGE(.BOTH.,#474);
#453=SURFACE_STYLE_USAGE(.BOTH.,#475);
#454=SURFACE_STYLE_USAGE(.BOTH.,#476);
#455=SURFACE_STYLE_USAGE(.BOTH.,#477);
#456=SURFACE_STYLE_USAGE(.BOTH.,#478);
#457=SURFACE_STYLE_USAGE(.BOTH.,#479);
#458=SURFACE_STYLE_USAGE(.BOTH.,#480);
#459=SURFACE_STYLE_USAGE(.BOTH.,#481);
#460=SURFACE_STYLE_USAGE(.BOTH.,#482);
#461=SURFACE_STYLE_USAGE(.BOTH.,#483);
#462=SURFACE_STYLE_USAGE(.BOTH.,#484);
#463=SURFACE_STYLE_USAGE(.BOTH.,#485);
#464=SURFACE_STYLE_USAGE(.BOTH.,#486);
#465=SURFACE_STYLE_USAGE(.BOTH.,#487);
#466=SURFACE_STYLE_USAGE(.BOTH.,#488);
#467=SURFACE_STYLE_USAGE(.BOTH.,#489);
#468=SURFACE_STYLE_USAGE(.BOTH.,#490);
#469=SURFACE_STYLE_USAGE(.BOTH.,#491);
#470=SURFACE_STYLE_USAGE(.BOTH.,#492);
#471=SURFACE_STYLE_USAGE(.BOTH.,#493);
#472=SURFACE_SIDE_STYLE('',(#494));
#473=SURFACE_SIDE_STYLE('',(#495));
#474=SURFACE_SIDE_STYLE('',(#496));
#475=SURFACE_SIDE_STYLE('',(#497));
#476=SURFACE_SIDE_STYLE('',(#498));
#477=SURFACE_SIDE_STYLE('',(#499));
#478=SURFACE_SIDE_STYLE('',(#500));
#479=SURFACE_SIDE_STYLE('',(#501));
#480=SURFACE_SIDE_STYLE('',(#502));
#481=SURFACE_SIDE_STYLE('',(#503));
#482=SURFACE_SIDE_STYLE('',(#504));
#483=SURFACE_SIDE_STYLE('',(#505));
#484=SURFACE_SIDE_STYLE('',(#506));
#485=SURFACE_SIDE_STYLE('',(#507));
#486=SURFACE_SIDE_STYLE('',(#508));
#487=SURFACE_SIDE_STYLE('',(#509));
#488=SURFACE_SIDE_STYLE('',(#510));
#489=SURFACE_SIDE_STYLE('',(#511));
#490=SURFACE_SIDE_STYLE('',(#512));
#491=SURFACE_SIDE_STYLE('',(#513));
#492=SURFACE_SIDE_STYLE('',(#514));
#493=SURFACE_SIDE_STYLE('',(#515));
#494=SURFACE_STYLE_FILL_AREA(#516);
#495=SURFACE_STYLE_FILL_AREA(#517);
#496=SURFACE_STYLE_FILL_AREA(#518);
#497=SURFACE_STYLE_FILL_AREA(#519);
#498=SURFACE_STYLE_FILL_AREA(#520);
#499=SURFACE_STYLE_FILL_AREA(#521);
#500=SURFACE_STYLE_FILL_AREA(#522);
#501=SURFACE_STYLE_FILL_AREA(#523);
#502=SURFACE_STYLE_FILL_AREA(#524);
#503=SURFACE_STYLE_FILL_AREA(#525);
#504=SURFACE_STYLE_FILL_AREA(#526);
#505=SURFACE_STYLE_FILL_AREA(#527);
#506=SURFACE_STYLE_FILL_AREA(#528);
#507=SURFACE_STYLE_FILL_AREA(#529);
#508=SURFACE_STYLE_FILL_AREA(#530);
#509=SURFACE_STYLE_FILL_AREA(#531);
#510=SURFACE_STYLE_FILL_AREA(#532);
#511=SURFACE_STYLE_FILL_AREA(#533);
#512=SURFACE_STYLE_FILL_AREA(#534);
#513=SURFACE_STYLE_FILL_AREA(#535);
#514=SURFACE_STYLE_FILL_AREA(#536);
#515=SURFACE_STYLE_FILL_AREA(#537);
#516=FILL_AREA_STYLE('',(#538));
#517=FILL_AREA_STYLE('',(#539));
#518=FILL_AREA_STYLE('',(#540));
#519=FILL_AREA_STYLE('',(#541));
#520=FILL_AREA_STYLE('',(#542));
#521=FILL_AREA_STYLE('',(#543));
#522=FILL_AREA_STYLE('',(#544));
#523=FILL_AREA_STYLE('',(#545));
#524=FILL_AREA_STYLE('',(#546));
#525=FILL_AREA_STYLE('',(#547));
#526=FILL_AREA_STYLE('',(#548));
#527=FILL_AREA_STYLE('',(#549));
#528=FILL_AREA_STYLE('',(#550));
#529=FILL_AREA_STYLE('',(#551));
#530=FILL_AREA_STYLE('',(#552));
#531=FILL_AREA_STYLE('',(#553));
#532=FILL_AREA_STYLE('',(#554));
#533=FILL_AREA_STYLE('',(#555));
#534=FILL_AREA_STYLE('',(#556));
#535=FILL_AREA_STYLE('',(#557));
#536=FILL_AREA_STYLE('',(#558));
#537=FILL_AREA_STYLE('',(#559));
#538=FILL_AREA_STYLE_COLOUR('',#560);
#539=FILL_AREA_STYLE_COLOUR('',#560);
#540=FILL_AREA_STYLE_COLOUR('',#561);
#541=FILL_AREA_STYLE_COLOUR('',#560);
#542=FILL_AREA_STYLE_COLOUR('',#560);
#543=FILL_AREA_STYLE_COLOUR('',#560);
#544=FILL_AREA_STYLE_COLOUR('',#560);
#545=FILL_AREA_STYLE_COLOUR('',#560);
#546=FILL_AREA_STYLE_COLOUR('',#560);
#547=FILL_AREA_STYLE_COLOUR('',#560);
#548=FILL_AREA_STYLE_COLOUR('',#560);
#549=FILL_AREA_STYLE_COLOUR('',#560);
#550=FILL_AREA_STYLE_COLOUR('',#560);
#551=FILL_AREA_STYLE_COLOUR('',#560);
#552=FILL_AREA_STYLE_COLOUR('',#560);
#553=FILL_AREA_STYLE_COLOUR('',#560);
#554=FILL_AREA_STYLE_COLOUR('',#560);
#555=FILL_AREA_STYLE_COLOUR('',#560);
#556=FILL_AREA_STYLE_COLOUR('',#560);
#557=FILL_AREA_STYLE_COLOUR('',#560);
#558=FILL_AREA_STYLE_COLOUR('',#560);
#559=FILL_AREA_STYLE_COLOUR('',#560);
#560=COLOUR_RGB('',0.506983280181885,0.531564235687256,0.550000011920929);
#561=COLOUR_RGB('',0.1875,0.75,0.581249892711639);
#562=ADVANCED_FACE('',(#365,#366,#367,#368),#395,.F.);
#563=ADVANCED_FACE('',(#369,#370,#371,#372),#396,.T.);
#564=ADVANCED_FACE('',(#373),#26,.F.);
#565=ADVANCED_FACE('',(#374),#27,.T.);
#566=ADVANCED_FACE('',(#375),#397,.T.);
#567=ADVANCED_FACE('',(#376),#398,.T.);
#568=ADVANCED_FACE('',(#377),#399,.T.);
#569=ADVANCED_FACE('',(#378),#28,.T.);
#570=ADVANCED_FACE('',(#379),#400,.T.);
#571=ADVANCED_FACE('',(#380),#401,.T.);
#572=ADVANCED_FACE('',(#381),#402,.T.);
#573=ADVANCED_FACE('',(#382),#29,.T.);
#574=ADVANCED_FACE('',(#383),#403,.T.);
#575=ADVANCED_FACE('',(#384),#404,.T.);
#576=ADVANCED_FACE('',(#385),#405,.T.);
#577=ADVANCED_FACE('',(#386,#387),#30,.F.);
#578=ADVANCED_FACE('',(#388,#389),#31,.F.);
#579=ADVANCED_FACE('',(#390),#32,.T.);
#580=ADVANCED_FACE('',(#391),#33,.T.);
#581=ADVANCED_FACE('',(#392),#20,.T.);
#582=ADVANCED_FACE('',(#393),#34,.F.);
#583=ADVANCED_FACE('',(#394),#21,.T.);
#584=CLOSED_SHELL('',(#562,#563,#564,#565,#566,#567,#568,#569,#570,#571,
#572,#573,#574,#575,#576,#577,#578,#579,#580,#581,#582,#583));
#585=MANIFOLD_SOLID_BREP('',#584);
#586=SHAPE_DEFINITION_REPRESENTATION(#2862,#587);
#587=SHAPE_REPRESENTATION('Bus bar',(#588),#2857);
#588=AXIS2_PLACEMENT_3D('',#737,#627,#628);
#589=AXIS2_PLACEMENT_3D('',#738,#629,#630);
#590=AXIS2_PLACEMENT_3D('',#742,#632,#633);
#591=AXIS2_PLACEMENT_3D('',#746,#635,#636);
#592=AXIS2_PLACEMENT_3D('',#754,#640,#641);
#593=AXIS2_PLACEMENT_3D('',#758,#643,#644);
#594=AXIS2_PLACEMENT_3D('',#764,#647,#648);
#595=AXIS2_PLACEMENT_3D('',#767,#650,#651);
#596=AXIS2_PLACEMENT_3D('',#769,#652,#653);
#597=AXIS2_PLACEMENT_3D('',#778,#654,#655);
#598=AXIS2_PLACEMENT_3D('',#786,#656,#657);
#599=AXIS2_PLACEMENT_3D('',#787,#658,#659);
#600=AXIS2_PLACEMENT_3D('',#788,#660,#661);
#601=AXIS2_PLACEMENT_3D('',#790,#662,#663);
#602=AXIS2_PLACEMENT_3D('',#795,#665,#666);
#603=AXIS2_PLACEMENT_3D('',#801,#669,#670);
#604=AXIS2_PLACEMENT_3D('',#807,#673,#674);
#605=AXIS2_PLACEMENT_3D('',#811,#676,#677);
#606=AXIS2_PLACEMENT_3D('',#819,#681,#682);
#607=AXIS2_PLACEMENT_3D('',#820,#683,#684);
#608=AXIS2_PLACEMENT_3D('',#829,#685,#686);
#609=AXIS2_PLACEMENT_3D('',#836,#687,#688);
#610=AXIS2_PLACEMENT_3D('',#1455,#689,#690);
#611=AXIS2_PLACEMENT_3D('',#1458,#693,#694);
#612=AXIS2_PLACEMENT_3D('',#1460,#696,#697);
#613=AXIS2_PLACEMENT_3D('',#1462,#699,#700);
#614=AXIS2_PLACEMENT_3D('',#1464,#702,#703);
#615=AXIS2_PLACEMENT_3D('',#1466,#705,#706);
#616=AXIS2_PLACEMENT_3D('',#1468,#708,#709);
#617=AXIS2_PLACEMENT_3D('',#1471,#712,#713);
#618=AXIS2_PLACEMENT_3D('',#1473,#715,#716);
#619=AXIS2_PLACEMENT_3D('',#1475,#718,#719);
#620=AXIS2_PLACEMENT_3D('',#1477,#721,#722);
#621=AXIS2_PLACEMENT_3D('',#1479,#724,#725);
#622=AXIS2_PLACEMENT_3D('',#1481,#727,#728);
#623=AXIS2_PLACEMENT_3D('',#1482,#729,#730);
#624=AXIS2_PLACEMENT_3D('',#1483,#731,#732);
#625=AXIS2_PLACEMENT_3D('',#1484,#733,#734);
#626=AXIS2_PLACEMENT_3D('',#2172,#735,#736);
#627=DIRECTION('',(0.,0.,1.));
#628=DIRECTION('',(1.,0.,0.));
#629=DIRECTION('',(0.,0.,1.));
#630=DIRECTION('',(1.,0.,0.));
#631=DIRECTION('',(0.,1.,0.));
#632=DIRECTION('',(0.,0.,1.));
#633=DIRECTION('',(1.,0.,0.));
#634=DIRECTION('',(1.,0.,0.));
#635=DIRECTION('',(0.,0.,1.));
#636=DIRECTION('',(1.,0.,0.));
#637=DIRECTION('',(-1.,4.02248342502633E-16,0.));
#638=DIRECTION('',(0.,-1.,0.));
#639=DIRECTION('',(1.,4.02248342502633E-16,0.));
#640=DIRECTION('',(0.,0.,1.));
#641=DIRECTION('',(1.,0.,0.));
#642=DIRECTION('',(-1.,0.,0.));
#643=DIRECTION('',(0.,0.,1.));
#644=DIRECTION('',(1.,0.,0.));
#645=DIRECTION('',(-1.64967795880438E-16,1.,0.));
#646=DIRECTION('',(-1.,-3.37092704597338E-16,0.));
#647=DIRECTION('',(0.,0.,1.));
#648=DIRECTION('',(-1.,0.,0.));
#649=DIRECTION('',(1.,-3.37092704597338E-16,0.));
#650=DIRECTION('',(0.,0.,1.));
#651=DIRECTION('',(1.,0.,0.));
#652=DIRECTION('',(0.,0.,1.));
#653=DIRECTION('',(1.,0.,0.));
#654=DIRECTION('',(0.,0.,1.));
#655=DIRECTION('',(1.,0.,0.));
#656=DIRECTION('',(0.,0.,1.));
#657=DIRECTION('',(1.,0.,0.));
#658=DIRECTION('',(0.,0.,1.));
#659=DIRECTION('',(1.,0.,0.));
#660=DIRECTION('',(0.,0.,-1.));
#661=DIRECTION('',(-1.,0.,0.));
#662=DIRECTION('',(0.,0.,-1.));
#663=DIRECTION('',(-1.,0.,0.));
#664=DIRECTION('',(1.,0.,0.));
#665=DIRECTION('',(0.,0.,1.));
#666=DIRECTION('',(1.,0.,0.));
#667=DIRECTION('',(-1.06060959347734E-16,1.,0.));
#668=DIRECTION('',(1.,-3.37092704597338E-16,0.));
#669=DIRECTION('',(0.,0.,1.));
#670=DIRECTION('',(-1.,0.,0.));
#671=DIRECTION('',(-1.,-3.37092704597338E-16,0.));
#672=DIRECTION('',(0.,1.,0.));
#673=DIRECTION('',(0.,0.,1.));
#674=DIRECTION('',(1.,0.,0.));
#675=DIRECTION('',(-1.,0.,0.));
#676=DIRECTION('',(0.,0.,1.));
#677=DIRECTION('',(1.,0.,0.));
#678=DIRECTION('',(1.,4.02248342502633E-16,0.));
#679=DIRECTION('',(0.,-1.,0.));
#680=DIRECTION('',(-1.,4.02248342502633E-16,0.));
#681=DIRECTION('',(0.,0.,1.));
#682=DIRECTION('',(1.,0.,0.));
#683=DIRECTION('',(0.,0.,1.));
#684=DIRECTION('',(1.,0.,0.));
#685=DIRECTION('',(0.,0.,1.));
#686=DIRECTION('',(1.,0.,0.));
#687=DIRECTION('',(0.,0.,1.));
#688=DIRECTION('',(1.,0.,0.));
#689=DIRECTION('',(0.,0.,1.));
#690=DIRECTION('',(1.,0.,0.));
#691=DIRECTION('',(0.,0.,1.));
#692=DIRECTION('',(0.,0.,1.));
#693=DIRECTION('',(4.02248342502633E-16,-1.,0.));
#694=DIRECTION('',(1.,4.02248342502633E-16,0.));
#695=DIRECTION('',(0.,0.,1.));
#696=DIRECTION('',(-1.,0.,0.));
#697=DIRECTION('',(0.,0.,1.));
#698=DIRECTION('',(0.,0.,1.));
#699=DIRECTION('',(4.02248342502633E-16,1.,0.));
#700=DIRECTION('',(-1.,4.02248342502633E-16,0.));
#701=DIRECTION('',(0.,0.,1.));
#702=DIRECTION('',(0.,0.,1.));
#703=DIRECTION('',(1.,0.,0.));
#704=DIRECTION('',(0.,0.,1.));
#705=DIRECTION('',(0.,-1.,0.));
#706=DIRECTION('',(0.,0.,-1.));
#707=DIRECTION('',(0.,0.,1.));
#708=DIRECTION('',(1.,1.06060959347734E-16,0.));
#709=DIRECTION('',(-1.06060959347734E-16,1.,0.));
#710=DIRECTION('',(0.,0.,1.));
#711=DIRECTION('',(0.,0.,1.));
#712=DIRECTION('',(-3.37092704597338E-16,-1.,0.));
#713=DIRECTION('',(1.,-3.37092704597338E-16,0.));
#714=DIRECTION('',(0.,0.,1.));
#715=DIRECTION('',(0.,0.,1.));
#716=DIRECTION('',(1.,0.,0.));
#717=DIRECTION('',(0.,0.,1.));
#718=DIRECTION('',(-3.37092704597338E-16,1.,0.));
#719=DIRECTION('',(-1.,-3.37092704597338E-16,0.));
#720=DIRECTION('',(0.,0.,1.));
#721=DIRECTION('',(1.,0.,0.));
#722=DIRECTION('',(0.,0.,-1.));
#723=DIRECTION('',(0.,0.,1.));
#724=DIRECTION('',(0.,1.,0.));
#725=DIRECTION('',(0.,0.,1.));
#726=DIRECTION('',(0.,0.,1.));
#727=DIRECTION('',(0.,0.,1.));
#728=DIRECTION('',(1.,0.,0.));
#729=DIRECTION('',(0.,0.,1.));
#730=DIRECTION('',(1.,0.,0.));
#731=DIRECTION('',(0.,0.,1.));
#732=DIRECTION('',(1.,0.,0.));
#733=DIRECTION('',(0.,0.,1.));
#734=DIRECTION('',(1.,0.,0.));
#735=DIRECTION('',(0.,0.,1.));
#736=DIRECTION('',(1.,0.,0.));
#737=CARTESIAN_POINT('',(0.,0.,0.));
#738=CARTESIAN_POINT('',(-35.0425369888245,83.4391668783335,-5.));
#739=CARTESIAN_POINT('',(19.4580099157874,-90.9391668783335,-5.));
#740=CARTESIAN_POINT('',(19.4580099157874,-85.9391668783335,-5.));
#741=CARTESIAN_POINT('',(19.4580099157873,47.4081108868469,-5.));
#742=CARTESIAN_POINT('',(14.4580099157874,-85.9391668783335,-5.));
#743=CARTESIAN_POINT('',(14.4580099157874,-90.9391668783335,-5.));
#744=CARTESIAN_POINT('',(-35.0425369888245,-90.9391668783335,-5.));
#745=CARTESIAN_POINT('',(-35.0425369888245,-90.9391668783335,-5.));
#746=CARTESIAN_POINT('',(-35.0425369888245,-83.4391668783335,-5.));
#747=CARTESIAN_POINT('',(-35.0425369888245,-75.9391668783335,-5.));
#748=CARTESIAN_POINT('',(-35.0425369888245,-75.9391668783335,-5.));
#749=CARTESIAN_POINT('',(4.45800991578734,-75.9391668783335,-5.));
#750=CARTESIAN_POINT('',(4.45800991578734,-75.9391668783335,-5.));
#751=CARTESIAN_POINT('',(4.45800991578734,75.9391668783335,-5.));
#752=CARTESIAN_POINT('',(-35.0425369888245,75.9391668783335,-5.));
#753=CARTESIAN_POINT('',(-35.0425369888245,75.9391668783335,-5.));
#754=CARTESIAN_POINT('',(-35.0425369888245,83.4391668783335,-5.));
#755=CARTESIAN_POINT('',(-35.0425369888245,90.9391668783335,-5.));
#756=CARTESIAN_POINT('',(-35.0425369888245,90.9391668783335,-5.));
#757=CARTESIAN_POINT('',(14.4580099157873,90.9391668783335,-5.));
#758=CARTESIAN_POINT('',(14.4580099157873,85.9391668783335,-5.));
#759=CARTESIAN_POINT('',(19.4580099157873,85.9391668783335,-5.));
#760=CARTESIAN_POINT('',(19.4580099157873,83.4391668783335,-5.));
#761=CARTESIAN_POINT('',(19.4580099157873,62.4081108868469,-5.));
#762=CARTESIAN_POINT('',(35.0425369888245,62.4081108868469,-5.));
#763=CARTESIAN_POINT('',(35.0425369888245,62.4081108868469,-5.));
#764=CARTESIAN_POINT('',(35.0425369888245,54.9081108868469,-5.));
#765=CARTESIAN_POINT('',(35.0425369888245,47.4081108868469,-5.));
#766=CARTESIAN_POINT('',(35.0425369888245,47.4081108868469,-5.));
#767=CARTESIAN_POINT('',(-35.0425369888245,83.4391668783335,-5.));
#768=CARTESIAN_POINT('',(-32.9425369888245,83.4391668783335,-5.));
#769=CARTESIAN_POINT('',(-35.0425369888245,-83.4391668783335,-5.));
#770=CARTESIAN_POINT('',(-32.9425369888245,-83.4391668783335,-5.));
#771=CARTESIAN_POINT('',(37.352844391795,53.9528396094592,-5.));
#772=CARTESIAN_POINT('',(37.579892866864,54.6750684030046,-5.));
#773=CARTESIAN_POINT('',(37.3271703296842,56.3176401705117,-5.));
#774=CARTESIAN_POINT('',(35.7964958688002,57.0562310644664,-5.));
#775=CARTESIAN_POINT('',(35.0425369888245,56.9751108868469,-5.));
#776=CARTESIAN_POINT('',(37.352844391795,53.9528396094592,-5.));
#777=CARTESIAN_POINT('',(35.0425369888245,56.9751108868469,-5.));
#778=CARTESIAN_POINT('',(35.0425369888245,54.9081108868469,-5.));
#779=CARTESIAN_POINT('',(32.9755369888245,54.9081108868469,-5.));
#780=CARTESIAN_POINT('',(32.9755369888245,54.9081108868469,-5.));
#781=CARTESIAN_POINT('',(32.8964115876784,54.1537794835066,-5.));
#782=CARTESIAN_POINT('',(33.6309075362132,52.6237994626643,-5.));
#783=CARTESIAN_POINT('',(35.2780402520351,52.3718025961144,-5.));
#784=CARTESIAN_POINT('',(36.0002686933709,52.5988223618399,-5.));
#785=CARTESIAN_POINT('',(36.0002686933709,52.5988223618399,-5.));
#786=CARTESIAN_POINT('',(35.0425369888245,54.9081108868469,-5.));
#787=CARTESIAN_POINT('',(-35.0425369888245,83.4391668783335,0.));
#788=CARTESIAN_POINT('',(-35.0425369888245,-83.4391668783335,0.));
#789=CARTESIAN_POINT('',(-37.1425369888245,-83.4391668783335,0.));
#790=CARTESIAN_POINT('',(-35.0425369888245,83.4391668783335,0.));
#791=CARTESIAN_POINT('',(-37.1425369888245,83.4391668783335,0.));
#792=CARTESIAN_POINT('',(-35.0425369888245,-90.9391668783335,0.));
#793=CARTESIAN_POINT('',(-35.0425369888245,-90.9391668783335,0.));
#794=CARTESIAN_POINT('',(14.4580099157874,-90.9391668783335,0.));
#795=CARTESIAN_POINT('',(14.4580099157874,-85.9391668783335,0.));
#796=CARTESIAN_POINT('',(19.4580099157874,-85.9391668783335,0.));
#797=CARTESIAN_POINT('',(19.4580099157873,47.4081108868469,0.));
#798=CARTESIAN_POINT('',(19.4580099157873,47.4081108868469,0.));
#799=CARTESIAN_POINT('',(35.0425369888245,47.4081108868469,0.));
#800=CARTESIAN_POINT('',(35.0425369888245,47.4081108868469,0.));
#801=CARTESIAN_POINT('',(35.0425369888245,54.9081108868469,0.));
#802=CARTESIAN_POINT('',(35.0425369888245,62.4081108868469,0.));
#803=CARTESIAN_POINT('',(35.0425369888245,62.4081108868469,0.));
#804=CARTESIAN_POINT('',(19.4580099157873,62.4081108868469,0.));
#805=CARTESIAN_POINT('',(19.4580099157873,90.9391668783335,0.));
#806=CARTESIAN_POINT('',(19.4580099157873,85.9391668783335,0.));
#807=CARTESIAN_POINT('',(14.4580099157873,85.9391668783335,0.));
#808=CARTESIAN_POINT('',(14.4580099157873,90.9391668783335,0.));
#809=CARTESIAN_POINT('',(-35.0425369888245,90.9391668783335,0.));
#810=CARTESIAN_POINT('',(-35.0425369888245,90.9391668783335,0.));
#811=CARTESIAN_POINT('',(-35.0425369888245,83.4391668783335,0.));
#812=CARTESIAN_POINT('',(-35.0425369888245,75.9391668783335,0.));
#813=CARTESIAN_POINT('',(-35.0425369888245,75.9391668783335,0.));
#814=CARTESIAN_POINT('',(4.45800991578734,75.9391668783335,0.));
#815=CARTESIAN_POINT('',(4.45800991578734,-75.9391668783335,0.));
#816=CARTESIAN_POINT('',(4.45800991578734,-75.9391668783335,0.));
#817=CARTESIAN_POINT('',(-35.0425369888245,-75.9391668783335,0.));
#818=CARTESIAN_POINT('',(-35.0425369888245,-75.9391668783335,0.));
#819=CARTESIAN_POINT('',(-35.0425369888245,-83.4391668783335,0.));
#820=CARTESIAN_POINT('',(35.0425369888245,54.9081108868469,0.));
#821=CARTESIAN_POINT('',(35.0425369888245,52.8411108868469,0.));
#822=CARTESIAN_POINT('',(32.9755369888245,54.9081108868469,8.67361737988404E-16));
#823=CARTESIAN_POINT('',(36.0002686933708,57.217399411854,4.3198950097282E-16));
#824=CARTESIAN_POINT('',(35.2777379671638,57.4445141954945,4.3198950097282E-16));
#825=CARTESIAN_POINT('',(33.6332155844593,57.1937771999386,-4.92767623768344E-15));
#826=CARTESIAN_POINT('',(32.8963732247081,55.6628080184208,8.67361737988404E-16));
#827=CARTESIAN_POINT('',(32.9755369888245,54.9081108868469,8.67361737988404E-16));
#828=CARTESIAN_POINT('',(36.0002686933709,57.217399411854,1.91995333765698E-16));
#829=CARTESIAN_POINT('',(35.0425369888245,54.9081108868469,0.));
#830=CARTESIAN_POINT('',(37.352844391795,55.8633821642348,8.17700293950451E-16));
#831=CARTESIAN_POINT('',(35.0425369888245,52.8411108868469,-4.68351261175825E-16));
#832=CARTESIAN_POINT('',(35.7963436894608,52.7600070825542,-4.68351261175825E-16));
#833=CARTESIAN_POINT('',(37.3260838064539,53.4969040910256,-1.03184861325531E-15));
#834=CARTESIAN_POINT('',(37.5798479718719,55.1412961792061,-1.48208178278519E-16));
#835=CARTESIAN_POINT('',(37.352844391795,55.8633821642347,-1.48208178278519E-16));
#836=CARTESIAN_POINT('',(35.0425369888245,54.9081108868469,-18.4737629970689));
#837=CARTESIAN_POINT('',(32.9755369888245,54.9081108868469,-5.6));
#838=CARTESIAN_POINT('',(32.9755369888245,54.4363316252825,-5.57142857142857));
#839=CARTESIAN_POINT('',(33.1802343388702,54.0112731980909,-5.54285714285714));
#840=CARTESIAN_POINT('',(33.3849316889159,53.5862147708994,-5.51428571428572));
#841=CARTESIAN_POINT('',(33.7537835683825,53.2920652125855,-5.48571428571429));
#842=CARTESIAN_POINT('',(34.1226354478491,52.9979156542717,-5.45714285714286));
#843=CARTESIAN_POINT('',(34.5825862183368,52.8929348923671,-5.42857142857143));
#844=CARTESIAN_POINT('',(35.0425369888245,52.7879541304626,-5.4));
#845=CARTESIAN_POINT('',(35.5024877593122,52.8929348923671,-5.37142857142857));
#846=CARTESIAN_POINT('',(35.9624385297999,52.9979156542717,-5.34285714285714));
#847=CARTESIAN_POINT('',(36.3312904092665,53.2920652125855,-5.31428571428571));
#848=CARTESIAN_POINT('',(36.7001422887331,53.5862147708994,-5.28571428571429));
#849=CARTESIAN_POINT('',(36.9048396387788,54.0112731980909,-5.25714285714286));
#850=CARTESIAN_POINT('',(37.1095369888245,54.4363316252825,-5.22857142857143));
#851=CARTESIAN_POINT('',(37.1095369888245,54.9081108868469,-5.2));
#852=CARTESIAN_POINT('',(37.1095369888245,55.3798901484114,-5.17142857142857));
#853=CARTESIAN_POINT('',(36.9048396387788,55.8049485756029,-5.14285714285714));
#854=CARTESIAN_POINT('',(36.7001422887331,56.2300070027945,-5.11428571428572));
#855=CARTESIAN_POINT('',(36.3312904092665,56.5241565611084,-5.08571428571429));
#856=CARTESIAN_POINT('',(35.9624385297999,56.8183061194222,-5.05714285714286));
#857=CARTESIAN_POINT('',(35.5024877593122,56.9232868813268,-5.02857142857143));
#858=CARTESIAN_POINT('',(35.0425369888245,57.0282676432313,-5.));
#859=CARTESIAN_POINT('',(34.5825862183368,56.9232868813268,-4.97142857142857));
#860=CARTESIAN_POINT('',(34.1226354478491,56.8183061194222,-4.94285714285714));
#861=CARTESIAN_POINT('',(33.7537835683825,56.5241565611084,-4.91428571428571));
#862=CARTESIAN_POINT('',(33.3849316889159,56.2300070027945,-4.88571428571429));
#863=CARTESIAN_POINT('',(33.1802343388702,55.8049485756029,-4.85714285714286));
#864=CARTESIAN_POINT('',(32.9755369888245,55.3798901484114,-4.82857142857143));
#865=CARTESIAN_POINT('',(32.9755369888245,54.9081108868469,-4.8));
#866=CARTESIAN_POINT('',(32.9755369888245,54.4363316252825,-4.77142857142857));
#867=CARTESIAN_POINT('',(33.1802343388702,54.0112731980909,-4.74285714285714));
#868=CARTESIAN_POINT('',(33.3849316889159,53.5862147708994,-4.71428571428572));
#869=CARTESIAN_POINT('',(33.7537835683825,53.2920652125855,-4.68571428571429));
#870=CARTESIAN_POINT('',(34.1226354478491,52.9979156542717,-4.65714285714286));
#871=CARTESIAN_POINT('',(34.5825862183368,52.8929348923671,-4.62857142857143));
#872=CARTESIAN_POINT('',(35.0425369888245,52.7879541304626,-4.6));
#873=CARTESIAN_POINT('',(35.5024877593122,52.8929348923671,-4.57142857142857));
#874=CARTESIAN_POINT('',(35.9624385297999,52.9979156542717,-4.54285714285714));
#875=CARTESIAN_POINT('',(36.3312904092665,53.2920652125855,-4.51428571428571));
#876=CARTESIAN_POINT('',(36.7001422887331,53.5862147708994,-4.48571428571429));
#877=CARTESIAN_POINT('',(36.9048396387788,54.0112731980909,-4.45714285714286));
#878=CARTESIAN_POINT('',(37.1095369888245,54.4363316252825,-4.42857142857143));
#879=CARTESIAN_POINT('',(37.1095369888245,54.9081108868469,-4.4));
#880=CARTESIAN_POINT('',(37.1095369888245,55.3798901484114,-4.37142857142857));
#881=CARTESIAN_POINT('',(36.9048396387788,55.8049485756029,-4.34285714285714));
#882=CARTESIAN_POINT('',(36.7001422887331,56.2300070027945,-4.31428571428571));
#883=CARTESIAN_POINT('',(36.3312904092665,56.5241565611084,-4.28571428571429));
#884=CARTESIAN_POINT('',(35.9624385297999,56.8183061194222,-4.25714285714286));
#885=CARTESIAN_POINT('',(35.5024877593122,56.9232868813268,-4.22857142857143));
#886=CARTESIAN_POINT('',(35.0425369888245,57.0282676432313,-4.2));
#887=CARTESIAN_POINT('',(34.5825862183368,56.9232868813268,-4.17142857142857));
#888=CARTESIAN_POINT('',(34.1226354478491,56.8183061194222,-4.14285714285714));
#889=CARTESIAN_POINT('',(33.7537835683825,56.5241565611084,-4.11428571428571));
#890=CARTESIAN_POINT('',(33.3849316889159,56.2300070027945,-4.08571428571429));
#891=CARTESIAN_POINT('',(33.1802343388702,55.8049485756029,-4.05714285714286));
#892=CARTESIAN_POINT('',(32.9755369888245,55.3798901484114,-4.02857142857143));
#893=CARTESIAN_POINT('',(32.9755369888245,54.9081108868469,-4.));
#894=CARTESIAN_POINT('',(32.9755369888245,54.4363316252825,-3.97142857142857));
#895=CARTESIAN_POINT('',(33.1802343388702,54.0112731980909,-3.94285714285714));
#896=CARTESIAN_POINT('',(33.3849316889159,53.5862147708994,-3.91428571428571));
#897=CARTESIAN_POINT('',(33.7537835683825,53.2920652125855,-3.88571428571429));
#898=CARTESIAN_POINT('',(34.1226354478491,52.9979156542717,-3.85714285714286));
#899=CARTESIAN_POINT('',(34.5825862183368,52.8929348923671,-3.82857142857143));
#900=CARTESIAN_POINT('',(35.0425369888245,52.7879541304626,-3.8));
#901=CARTESIAN_POINT('',(35.5024877593122,52.8929348923671,-3.77142857142857));
#902=CARTESIAN_POINT('',(35.9624385297999,52.9979156542717,-3.74285714285714));
#903=CARTESIAN_POINT('',(36.3312904092665,53.2920652125855,-3.71428571428571));
#904=CARTESIAN_POINT('',(36.7001422887331,53.5862147708994,-3.68571428571429));
#905=CARTESIAN_POINT('',(36.9048396387788,54.0112731980909,-3.65714285714286));
#906=CARTESIAN_POINT('',(37.1095369888245,54.4363316252825,-3.62857142857143));
#907=CARTESIAN_POINT('',(37.1095369888245,54.9081108868469,-3.6));
#908=CARTESIAN_POINT('',(37.1095369888245,55.3798901484114,-3.57142857142857));
#909=CARTESIAN_POINT('',(36.9048396387788,55.8049485756029,-3.54285714285714));
#910=CARTESIAN_POINT('',(36.7001422887331,56.2300070027945,-3.51428571428571));
#911=CARTESIAN_POINT('',(36.3312904092665,56.5241565611084,-3.48571428571429));
#912=CARTESIAN_POINT('',(35.9624385297999,56.8183061194222,-3.45714285714286));
#913=CARTESIAN_POINT('',(35.5024877593122,56.9232868813268,-3.42857142857143));
#914=CARTESIAN_POINT('',(35.0425369888245,57.0282676432313,-3.4));
#915=CARTESIAN_POINT('',(34.5825862183368,56.9232868813268,-3.37142857142857));
#916=CARTESIAN_POINT('',(34.1226354478491,56.8183061194222,-3.34285714285714));
#917=CARTESIAN_POINT('',(33.7537835683825,56.5241565611084,-3.31428571428571));
#918=CARTESIAN_POINT('',(33.3849316889159,56.2300070027945,-3.28571428571429));
#919=CARTESIAN_POINT('',(33.1802343388702,55.8049485756029,-3.25714285714286));
#920=CARTESIAN_POINT('',(32.9755369888245,55.3798901484114,-3.22857142857143));
#921=CARTESIAN_POINT('',(32.9755369888245,54.9081108868469,-3.2));
#922=CARTESIAN_POINT('',(32.9755369888245,54.4363316252825,-3.17142857142857));
#923=CARTESIAN_POINT('',(33.1802343388702,54.0112731980909,-3.14285714285714));
#924=CARTESIAN_POINT('',(33.3849316889159,53.5862147708994,-3.11428571428571));
#925=CARTESIAN_POINT('',(33.7537835683825,53.2920652125855,-3.08571428571429));
#926=CARTESIAN_POINT('',(34.1226354478491,52.9979156542717,-3.05714285714286));
#927=CARTESIAN_POINT('',(34.5825862183368,52.8929348923671,-3.02857142857143));
#928=CARTESIAN_POINT('',(35.0425369888245,52.7879541304626,-3.));
#929=CARTESIAN_POINT('',(35.5024877593122,52.8929348923671,-2.97142857142857));
#930=CARTESIAN_POINT('',(35.9624385297999,52.9979156542717,-2.94285714285714));
#931=CARTESIAN_POINT('',(36.3312904092665,53.2920652125855,-2.91428571428571));
#932=CARTESIAN_POINT('',(36.7001422887331,53.5862147708994,-2.88571428571429));
#933=CARTESIAN_POINT('',(36.9048396387788,54.0112731980909,-2.85714285714286));
#934=CARTESIAN_POINT('',(37.1095369888245,54.4363316252825,-2.82857142857143));
#935=CARTESIAN_POINT('',(37.1095369888245,54.9081108868469,-2.8));
#936=CARTESIAN_POINT('',(37.1095369888245,55.3798901484114,-2.77142857142857));
#937=CARTESIAN_POINT('',(36.9048396387788,55.8049485756029,-2.74285714285714));
#938=CARTESIAN_POINT('',(36.7001422887331,56.2300070027945,-2.71428571428571));
#939=CARTESIAN_POINT('',(36.3312904092665,56.5241565611084,-2.68571428571429));
#940=CARTESIAN_POINT('',(35.9624385297999,56.8183061194222,-2.65714285714286));
#941=CARTESIAN_POINT('',(35.5024877593122,56.9232868813268,-2.62857142857143));
#942=CARTESIAN_POINT('',(35.0425369888245,57.0282676432313,-2.6));
#943=CARTESIAN_POINT('',(34.5825862183368,56.9232868813268,-2.57142857142857));
#944=CARTESIAN_POINT('',(34.1226354478491,56.8183061194222,-2.54285714285714));
#945=CARTESIAN_POINT('',(33.7537835683825,56.5241565611084,-2.51428571428571));
#946=CARTESIAN_POINT('',(33.3849316889159,56.2300070027945,-2.48571428571429));
#947=CARTESIAN_POINT('',(33.1802343388702,55.8049485756029,-2.45714285714286));
#948=CARTESIAN_POINT('',(32.9755369888245,55.3798901484114,-2.42857142857143));
#949=CARTESIAN_POINT('',(32.9755369888245,54.9081108868469,-2.4));
#950=CARTESIAN_POINT('',(32.9755369888245,54.4363316252825,-2.37142857142857));
#951=CARTESIAN_POINT('',(33.1802343388702,54.011273198091,-2.34285714285714));
#952=CARTESIAN_POINT('',(33.3849316889159,53.5862147708994,-2.31428571428571));
#953=CARTESIAN_POINT('',(33.7537835683825,53.2920652125855,-2.28571428571429));
#954=CARTESIAN_POINT('',(34.1226354478491,52.9979156542717,-2.25714285714286));
#955=CARTESIAN_POINT('',(34.5825862183368,52.8929348923671,-2.22857142857143));
#956=CARTESIAN_POINT('',(35.0425369888245,52.7879541304626,-2.2));
#957=CARTESIAN_POINT('',(35.5024877593122,52.8929348923671,-2.17142857142857));
#958=CARTESIAN_POINT('',(35.9624385297999,52.9979156542717,-2.14285714285714));
#959=CARTESIAN_POINT('',(36.3312904092665,53.2920652125855,-2.11428571428571));
#960=CARTESIAN_POINT('',(36.7001422887331,53.5862147708994,-2.08571428571429));
#961=CARTESIAN_POINT('',(36.9048396387788,54.0112731980909,-2.05714285714286));
#962=CARTESIAN_POINT('',(37.1095369888245,54.4363316252825,-2.02857142857143));
#963=CARTESIAN_POINT('',(37.1095369888245,54.9081108868469,-2.));
#964=CARTESIAN_POINT('',(37.1095369888245,55.3798901484114,-1.97142857142857));
#965=CARTESIAN_POINT('',(36.9048396387788,55.8049485756029,-1.94285714285714));
#966=CARTESIAN_POINT('',(36.7001422887331,56.2300070027945,-1.91428571428571));
#967=CARTESIAN_POINT('',(36.3312904092665,56.5241565611084,-1.88571428571429));
#968=CARTESIAN_POINT('',(35.9624385297999,56.8183061194222,-1.85714285714286));
#969=CARTESIAN_POINT('',(35.5024877593122,56.9232868813268,-1.82857142857143));
#970=CARTESIAN_POINT('',(35.0425369888245,57.0282676432313,-1.8));
#971=CARTESIAN_POINT('',(34.5825862183368,56.9232868813268,-1.77142857142857));
#972=CARTESIAN_POINT('',(34.1226354478491,56.8183061194222,-1.74285714285714));
#973=CARTESIAN_POINT('',(33.7537835683825,56.5241565611084,-1.71428571428571));
#974=CARTESIAN_POINT('',(33.3849316889159,56.2300070027945,-1.68571428571429));
#975=CARTESIAN_POINT('',(33.1802343388702,55.8049485756029,-1.65714285714286));
#976=CARTESIAN_POINT('',(32.9755369888245,55.3798901484114,-1.62857142857143));
#977=CARTESIAN_POINT('',(32.9755369888245,54.9081108868469,-1.6));
#978=CARTESIAN_POINT('',(32.9755369888245,54.4363316252825,-1.57142857142857));
#979=CARTESIAN_POINT('',(33.1802343388702,54.011273198091,-1.54285714285714));
#980=CARTESIAN_POINT('',(33.3849316889159,53.5862147708994,-1.51428571428571));
#981=CARTESIAN_POINT('',(33.7537835683825,53.2920652125855,-1.48571428571429));
#982=CARTESIAN_POINT('',(34.1226354478491,52.9979156542717,-1.45714285714286));
#983=CARTESIAN_POINT('',(34.5825862183368,52.8929348923671,-1.42857142857143));
#984=CARTESIAN_POINT('',(35.0425369888245,52.7879541304626,-1.4));
#985=CARTESIAN_POINT('',(35.5024877593122,52.8929348923671,-1.37142857142857));
#986=CARTESIAN_POINT('',(35.9624385297999,52.9979156542716,-1.34285714285714));
#987=CARTESIAN_POINT('',(36.3312904092665,53.2920652125855,-1.31428571428571));
#988=CARTESIAN_POINT('',(36.7001422887331,53.5862147708994,-1.28571428571428));
#989=CARTESIAN_POINT('',(36.9048396387788,54.0112731980909,-1.25714285714286));
#990=CARTESIAN_POINT('',(37.1095369888245,54.4363316252825,-1.22857142857143));
#991=CARTESIAN_POINT('',(37.1095369888245,54.9081108868469,-1.2));
#992=CARTESIAN_POINT('',(37.1095369888245,55.3798901484114,-1.17142857142857));
#993=CARTESIAN_POINT('',(36.9048396387788,55.8049485756029,-1.14285714285714));
#994=CARTESIAN_POINT('',(36.7001422887331,56.2300070027945,-1.11428571428571));
#995=CARTESIAN_POINT('',(36.3312904092665,56.5241565611084,-1.08571428571429));
#996=CARTESIAN_POINT('',(35.9624385297999,56.8183061194222,-1.05714285714286));
#997=CARTESIAN_POINT('',(35.5024877593122,56.9232868813268,-1.02857142857143));
#998=CARTESIAN_POINT('',(35.0425369888245,57.0282676432313,-0.999999999999999));
#999=CARTESIAN_POINT('',(34.5825862183368,56.9232868813268,-0.971428571428571));
#1000=CARTESIAN_POINT('',(34.1226354478491,56.8183061194222,-0.942857142857142));
#1001=CARTESIAN_POINT('',(33.7537835683825,56.5241565611084,-0.914285714285714));
#1002=CARTESIAN_POINT('',(33.3849316889159,56.2300070027945,-0.885714285714285));
#1003=CARTESIAN_POINT('',(33.1802343388702,55.8049485756029,-0.857142857142857));
#1004=CARTESIAN_POINT('',(32.9755369888245,55.3798901484114,-0.828571428571428));
#1005=CARTESIAN_POINT('',(32.9755369888245,54.9081108868469,-0.799999999999999));
#1006=CARTESIAN_POINT('',(32.9755369888245,54.4363316252825,-0.77142857142857));
#1007=CARTESIAN_POINT('',(33.1802343388702,54.011273198091,-0.742857142857142));
#1008=CARTESIAN_POINT('',(33.3849316889159,53.5862147708994,-0.714285714285713));
#1009=CARTESIAN_POINT('',(33.7537835683825,53.2920652125855,-0.685714285714285));
#1010=CARTESIAN_POINT('',(34.1226354478491,52.9979156542717,-0.657142857142856));
#1011=CARTESIAN_POINT('',(34.5825862183368,52.8929348923671,-0.628571428571428));
#1012=CARTESIAN_POINT('',(35.0425369888245,52.7879541304626,-0.599999999999999));
#1013=CARTESIAN_POINT('',(35.5024877593122,52.8929348923671,-0.571428571428571));
#1014=CARTESIAN_POINT('',(35.9624385297999,52.9979156542716,-0.542857142857142));
#1015=CARTESIAN_POINT('',(36.3312904092665,53.2920652125855,-0.514285714285714));
#1016=CARTESIAN_POINT('',(36.7001422887331,53.5862147708994,-0.485714285714285));
#1017=CARTESIAN_POINT('',(36.9048396387788,54.0112731980909,-0.457142857142856));
#1018=CARTESIAN_POINT('',(37.1095369888245,54.4363316252825,-0.428571428571427));
#1019=CARTESIAN_POINT('',(37.1095369888245,54.9081108868469,-0.399999999999999));
#1020=CARTESIAN_POINT('',(37.1095369888245,55.3798901484114,-0.37142857142857));
#1021=CARTESIAN_POINT('',(36.9048396387788,55.8049485756029,-0.342857142857142));
#1022=CARTESIAN_POINT('',(36.7001422887331,56.2300070027945,-0.314285714285713));
#1023=CARTESIAN_POINT('',(36.3312904092665,56.5241565611083,-0.285714285714285));
#1024=CARTESIAN_POINT('',(35.9624385297999,56.8183061194222,-0.257142857142856));
#1025=CARTESIAN_POINT('',(35.5024877593122,56.9232868813268,-0.228571428571428));
#1026=CARTESIAN_POINT('',(35.0425369888245,57.0282676432313,-0.199999999999999));
#1027=CARTESIAN_POINT('',(34.5825862183368,56.9232868813268,-0.171428571428571));
#1028=CARTESIAN_POINT('',(34.1226354478491,56.8183061194222,-0.142857142857142));
#1029=CARTESIAN_POINT('',(33.7537835683825,56.5241565611084,-0.114285714285713));
#1030=CARTESIAN_POINT('',(33.3849316889159,56.2300070027945,-0.0857142857142845));
#1031=CARTESIAN_POINT('',(33.1802343388702,55.8049485756029,-0.0571428571428563));
#1032=CARTESIAN_POINT('',(32.9755369888245,55.3798901484114,-0.0285714285714273));
#1033=CARTESIAN_POINT('',(32.9755369888245,54.9081108868469,8.67361737988404E-16));
#1034=CARTESIAN_POINT('',(32.9755369888245,54.4363316252825,0.0285714285714299));
#1035=CARTESIAN_POINT('',(33.1802343388702,54.0112731980909,0.057142857142858));
#1036=CARTESIAN_POINT('',(33.3849316889159,53.5862147708994,0.085714285714287));
#1037=CARTESIAN_POINT('',(33.7537835683825,53.2920652125855,0.114285714285715));
#1038=CARTESIAN_POINT('',(34.1226354478491,52.9979156542717,0.142857142857144));
#1039=CARTESIAN_POINT('',(34.5825862183368,52.8929348923671,0.171428571428572));
#1040=CARTESIAN_POINT('',(35.0425369888245,52.7879541304626,0.200000000000001));
#1041=CARTESIAN_POINT('',(35.5024877593122,52.8929348923671,0.22857142857143));
#1042=CARTESIAN_POINT('',(35.9624385297999,52.9979156542716,0.257142857142859));
#1043=CARTESIAN_POINT('',(36.3312904092665,53.2920652125855,0.285714285714287));
#1044=CARTESIAN_POINT('',(36.7001422887331,53.5862147708994,0.314285714285716));
#1045=CARTESIAN_POINT('',(36.9048396387788,54.0112731980909,0.342857142857144));
#1046=CARTESIAN_POINT('',(37.1095369888245,54.4363316252825,0.371428571428573));
#1047=CARTESIAN_POINT('',(37.1095369888245,54.9081108868469,0.400000000000001));
#1048=CARTESIAN_POINT('',(37.1095369888245,55.3798901484114,0.42857142857143));
#1049=CARTESIAN_POINT('',(36.9048396387788,55.8049485756029,0.457142857142858));
#1050=CARTESIAN_POINT('',(36.7001422887331,56.2300070027945,0.485714285714287));
#1051=CARTESIAN_POINT('',(36.3312904092665,56.5241565611084,0.514285714285715));
#1052=CARTESIAN_POINT('',(35.9624385297999,56.8183061194222,0.542857142857144));
#1053=CARTESIAN_POINT('',(35.5024877593122,56.9232868813268,0.571428571428573));
#1054=CARTESIAN_POINT('',(35.0425369888245,57.0282676432313,0.600000000000002));
#1055=CARTESIAN_POINT('',(34.5825862183368,56.9232868813268,0.62857142857143));
#1056=CARTESIAN_POINT('',(34.1226354478491,56.8183061194222,0.657142857142859));
#1057=CARTESIAN_POINT('',(33.7537835683825,56.5241565611084,0.685714285714287));
#1058=CARTESIAN_POINT('',(33.3849316889159,56.2300070027945,0.714285714285716));
#1059=CARTESIAN_POINT('',(33.1802343388702,55.8049485756029,0.742857142857144));
#1060=CARTESIAN_POINT('',(32.9755369888245,55.3798901484114,0.771428571428573));
#1061=CARTESIAN_POINT('',(32.9755369888245,54.9081108868469,0.800000000000001));
#1062=CARTESIAN_POINT('',(32.9755369888245,54.4363316252825,0.82857142857143));
#1063=CARTESIAN_POINT('',(33.1802343388702,54.011273198091,0.857142857142858));
#1064=CARTESIAN_POINT('',(33.3849316889159,53.5862147708994,0.885714285714287));
#1065=CARTESIAN_POINT('',(33.7537835683825,53.2920652125855,0.914285714285716));
#1066=CARTESIAN_POINT('',(34.1226354478491,52.9979156542717,0.942857142857145));
#1067=CARTESIAN_POINT('',(34.5825862183368,52.8929348923671,0.971428571428573));
#1068=CARTESIAN_POINT('',(35.0425369888245,52.7879541304626,1.));
#1069=CARTESIAN_POINT('',(35.5024877593122,52.8929348923671,1.02857142857143));
#1070=CARTESIAN_POINT('',(35.9624385297999,52.9979156542716,1.05714285714286));
#1071=CARTESIAN_POINT('',(36.3312904092665,53.2920652125855,1.08571428571429));
#1072=CARTESIAN_POINT('',(36.7001422887331,53.5862147708994,1.11428571428572));
#1073=CARTESIAN_POINT('',(36.9048396387788,54.0112731980909,1.14285714285714));
#1074=CARTESIAN_POINT('',(37.1095369888245,54.4363316252825,1.17142857142857));
#1075=CARTESIAN_POINT('',(37.1095369888245,54.9081108868469,1.2));
#1076=CARTESIAN_POINT('',(37.1095369888245,55.3798901484114,1.22857142857143));
#1077=CARTESIAN_POINT('',(36.9048396387788,55.8049485756029,1.25714285714286));
#1078=CARTESIAN_POINT('',(36.7001422887331,56.2300070027945,1.28571428571429));
#1079=CARTESIAN_POINT('',(36.3312904092665,56.5241565611083,1.31428571428572));
#1080=CARTESIAN_POINT('',(35.9624385297999,56.8183061194222,1.34285714285714));
#1081=CARTESIAN_POINT('',(35.5024877593122,56.9232868813268,1.37142857142857));
#1082=CARTESIAN_POINT('',(35.0425369888245,57.0282676432313,1.4));
#1083=CARTESIAN_POINT('',(34.5825862183368,56.9232868813268,1.42857142857143));
#1084=CARTESIAN_POINT('',(34.1226354478491,56.8183061194222,1.45714285714286));
#1085=CARTESIAN_POINT('',(33.7537835683825,56.5241565611084,1.48571428571429));
#1086=CARTESIAN_POINT('',(33.3849316889159,56.2300070027945,1.51428571428572));
#1087=CARTESIAN_POINT('',(33.1802343388702,55.8049485756029,1.54285714285714));
#1088=CARTESIAN_POINT('',(32.9755369888245,55.3798901484114,1.57142857142857));
#1089=CARTESIAN_POINT('',(32.9755369888245,54.9081108868469,1.6));
#1090=CARTESIAN_POINT('',(32.9755369888245,54.4363316252825,1.62857142857143));
#1091=CARTESIAN_POINT('',(33.1802343388702,54.0112731980909,1.65714285714286));
#1092=CARTESIAN_POINT('',(33.3849316889159,53.5862147708994,1.68571428571429));
#1093=CARTESIAN_POINT('',(33.7537835683825,53.2920652125855,1.71428571428572));
#1094=CARTESIAN_POINT('',(34.1226354478491,52.9979156542717,1.74285714285714));
#1095=CARTESIAN_POINT('',(34.5825862183368,52.8929348923671,1.77142857142857));
#1096=CARTESIAN_POINT('',(35.0425369888245,52.7879541304626,1.8));
#1097=CARTESIAN_POINT('',(35.5024877593122,52.8929348923671,1.82857142857143));
#1098=CARTESIAN_POINT('',(35.9624385297999,52.9979156542716,1.85714285714286));
#1099=CARTESIAN_POINT('',(36.3312904092665,53.2920652125855,1.88571428571429));
#1100=CARTESIAN_POINT('',(36.7001422887331,53.5862147708994,1.91428571428572));
#1101=CARTESIAN_POINT('',(36.9048396387788,54.0112731980909,1.94285714285714));
#1102=CARTESIAN_POINT('',(37.1095369888245,54.4363316252825,1.97142857142857));
#1103=CARTESIAN_POINT('',(37.1095369888245,54.9081108868469,2.));
#1104=CARTESIAN_POINT('',(37.1095369888245,55.3798901484114,2.02857142857143));
#1105=CARTESIAN_POINT('',(36.9048396387788,55.8049485756029,2.05714285714286));
#1106=CARTESIAN_POINT('',(36.7001422887331,56.2300070027945,2.08571428571429));
#1107=CARTESIAN_POINT('',(36.3312904092665,56.5241565611084,2.11428571428572));
#1108=CARTESIAN_POINT('',(35.9624385297999,56.8183061194222,2.14285714285714));
#1109=CARTESIAN_POINT('',(35.5024877593122,56.9232868813268,2.17142857142857));
#1110=CARTESIAN_POINT('',(35.0425369888245,57.0282676432313,2.2));
#1111=CARTESIAN_POINT('',(34.5825862183368,56.9232868813268,2.22857142857143));
#1112=CARTESIAN_POINT('',(34.1226354478491,56.8183061194222,2.25714285714286));
#1113=CARTESIAN_POINT('',(33.7537835683825,56.5241565611084,2.28571428571429));
#1114=CARTESIAN_POINT('',(33.3849316889159,56.2300070027945,2.31428571428572));
#1115=CARTESIAN_POINT('',(33.1802343388702,55.8049485756029,2.34285714285714));
#1116=CARTESIAN_POINT('',(32.9755369888245,55.3798901484114,2.37142857142857));
#1117=CARTESIAN_POINT('',(32.9755369888245,54.9081108868469,2.4));
#1118=CARTESIAN_POINT('',(32.9755369888245,54.4363316252825,2.42857142857143));
#1119=CARTESIAN_POINT('',(33.1802343388702,54.011273198091,2.45714285714286));
#1120=CARTESIAN_POINT('',(33.3849316889159,53.5862147708994,2.48571428571429));
#1121=CARTESIAN_POINT('',(33.7537835683825,53.2920652125855,2.51428571428572));
#1122=CARTESIAN_POINT('',(34.1226354478491,52.9979156542717,2.54285714285715));
#1123=CARTESIAN_POINT('',(34.5825862183368,52.8929348923671,2.57142857142857));
#1124=CARTESIAN_POINT('',(35.0425369888245,52.7879541304626,2.6));
#1125=CARTESIAN_POINT('',(35.5024877593122,52.8929348923671,2.62857142857143));
#1126=CARTESIAN_POINT('',(35.9624385297999,52.9979156542717,2.65714285714286));
#1127=CARTESIAN_POINT('',(36.3312904092665,53.2920652125855,2.68571428571429));
#1128=CARTESIAN_POINT('',(36.7001422887331,53.5862147708994,2.71428571428572));
#1129=CARTESIAN_POINT('',(36.9048396387788,54.0112731980909,2.74285714285714));
#1130=CARTESIAN_POINT('',(37.1095369888245,54.4363316252825,2.77142857142857));
#1131=CARTESIAN_POINT('',(37.1095369888245,54.9081108868469,2.8));
#1132=CARTESIAN_POINT('',(37.1095369888245,55.3798901484114,2.82857142857143));
#1133=CARTESIAN_POINT('',(36.9048396387788,55.8049485756029,2.85714285714286));
#1134=CARTESIAN_POINT('',(36.7001422887331,56.2300070027945,2.88571428571429));
#1135=CARTESIAN_POINT('',(36.3312904092665,56.5241565611083,2.91428571428572));
#1136=CARTESIAN_POINT('',(35.9624385297999,56.8183061194222,2.94285714285714));
#1137=CARTESIAN_POINT('',(35.5024877593122,56.9232868813268,2.97142857142857));
#1138=CARTESIAN_POINT('',(35.0425369888245,57.0282676432313,3.));
#1139=CARTESIAN_POINT('',(34.5825862183368,56.9232868813268,3.02857142857143));
#1140=CARTESIAN_POINT('',(34.1226354478491,56.8183061194222,3.05714285714286));
#1141=CARTESIAN_POINT('',(33.7537835683825,56.5241565611084,3.08571428571429));
#1142=CARTESIAN_POINT('',(33.3849316889159,56.2300070027945,3.11428571428572));
#1143=CARTESIAN_POINT('',(33.1802343388702,55.8049485756029,3.14285714285715));
#1144=CARTESIAN_POINT('',(32.9755369888245,55.3798901484114,3.17142857142857));
#1145=CARTESIAN_POINT('',(32.9755369888245,54.908110886847,3.2));
#1146=CARTESIAN_POINT('',(32.9755369888245,54.9081108868469,-5.));
#1147=CARTESIAN_POINT('',(32.9755369888245,54.4363316252825,-4.97142857142857));
#1148=CARTESIAN_POINT('',(33.1802343388702,54.0112731980909,-4.94285714285714));
#1149=CARTESIAN_POINT('',(33.3849316889159,53.5862147708994,-4.91428571428572));
#1150=CARTESIAN_POINT('',(33.7537835683825,53.2920652125855,-4.88571428571429));
#1151=CARTESIAN_POINT('',(34.1226354478491,52.9979156542717,-4.85714285714286));
#1152=CARTESIAN_POINT('',(34.5825862183368,52.8929348923671,-4.82857142857143));
#1153=CARTESIAN_POINT('',(35.0425369888245,52.7879541304626,-4.8));
#1154=CARTESIAN_POINT('',(35.5024877593122,52.8929348923671,-4.77142857142857));
#1155=CARTESIAN_POINT('',(35.9624385297999,52.9979156542717,-4.74285714285714));
#1156=CARTESIAN_POINT('',(36.3312904092665,53.2920652125855,-4.71428571428572));
#1157=CARTESIAN_POINT('',(36.7001422887331,53.5862147708994,-4.68571428571429));
#1158=CARTESIAN_POINT('',(36.9048396387788,54.0112731980909,-4.65714285714286));
#1159=CARTESIAN_POINT('',(37.1095369888245,54.4363316252825,-4.62857142857143));
#1160=CARTESIAN_POINT('',(37.1095369888245,54.9081108868469,-4.6));
#1161=CARTESIAN_POINT('',(37.1095369888245,55.3798901484114,-4.57142857142857));
#1162=CARTESIAN_POINT('',(36.9048396387788,55.8049485756029,-4.54285714285714));
#1163=CARTESIAN_POINT('',(36.7001422887331,56.2300070027945,-4.51428571428572));
#1164=CARTESIAN_POINT('',(36.3312904092665,56.5241565611084,-4.48571428571429));
#1165=CARTESIAN_POINT('',(35.9624385297999,56.8183061194222,-4.45714285714286));
#1166=CARTESIAN_POINT('',(35.5024877593122,56.9232868813268,-4.42857142857143));
#1167=CARTESIAN_POINT('',(35.0425369888245,57.0282676432313,-4.4));
#1168=CARTESIAN_POINT('',(34.5825862183368,56.9232868813268,-4.37142857142857));
#1169=CARTESIAN_POINT('',(34.1226354478491,56.8183061194222,-4.34285714285714));
#1170=CARTESIAN_POINT('',(33.7537835683825,56.5241565611084,-4.31428571428571));
#1171=CARTESIAN_POINT('',(33.3849316889159,56.2300070027945,-4.28571428571429));
#1172=CARTESIAN_POINT('',(33.1802343388702,55.8049485756029,-4.25714285714286));
#1173=CARTESIAN_POINT('',(32.9755369888245,55.3798901484114,-4.22857142857143));
#1174=CARTESIAN_POINT('',(32.9755369888245,54.9081108868469,-4.2));
#1175=CARTESIAN_POINT('',(32.9755369888245,54.4363316252825,-4.17142857142857));
#1176=CARTESIAN_POINT('',(33.1802343388702,54.0112731980909,-4.14285714285714));
#1177=CARTESIAN_POINT('',(33.3849316889159,53.5862147708994,-4.11428571428572));
#1178=CARTESIAN_POINT('',(33.7537835683825,53.2920652125855,-4.08571428571429));
#1179=CARTESIAN_POINT('',(34.1226354478491,52.9979156542717,-4.05714285714286));
#1180=CARTESIAN_POINT('',(34.5825862183368,52.8929348923671,-4.02857142857143));
#1181=CARTESIAN_POINT('',(35.0425369888245,52.7879541304626,-4.));
#1182=CARTESIAN_POINT('',(35.5024877593122,52.8929348923671,-3.97142857142857));
#1183=CARTESIAN_POINT('',(35.9624385297999,52.9979156542717,-3.94285714285714));
#1184=CARTESIAN_POINT('',(36.3312904092665,53.2920652125855,-3.91428571428571));
#1185=CARTESIAN_POINT('',(36.7001422887331,53.5862147708994,-3.88571428571429));
#1186=CARTESIAN_POINT('',(36.9048396387788,54.0112731980909,-3.85714285714286));
#1187=CARTESIAN_POINT('',(37.1095369888245,54.4363316252825,-3.82857142857143));
#1188=CARTESIAN_POINT('',(37.1095369888245,54.9081108868469,-3.8));
#1189=CARTESIAN_POINT('',(37.1095369888245,55.3798901484114,-3.77142857142857));
#1190=CARTESIAN_POINT('',(36.9048396387788,55.8049485756029,-3.74285714285714));
#1191=CARTESIAN_POINT('',(36.7001422887331,56.2300070027945,-3.71428571428572));
#1192=CARTESIAN_POINT('',(36.3312904092665,56.5241565611084,-3.68571428571429));
#1193=CARTESIAN_POINT('',(35.9624385297999,56.8183061194222,-3.65714285714286));
#1194=CARTESIAN_POINT('',(35.5024877593122,56.9232868813268,-3.62857142857143));
#1195=CARTESIAN_POINT('',(35.0425369888245,57.0282676432313,-3.6));
#1196=CARTESIAN_POINT('',(34.5825862183368,56.9232868813268,-3.57142857142857));
#1197=CARTESIAN_POINT('',(34.1226354478491,56.8183061194222,-3.54285714285714));
#1198=CARTESIAN_POINT('',(33.7537835683825,56.5241565611084,-3.51428571428571));
#1199=CARTESIAN_POINT('',(33.3849316889159,56.2300070027945,-3.48571428571429));
#1200=CARTESIAN_POINT('',(33.1802343388702,55.8049485756029,-3.45714285714286));
#1201=CARTESIAN_POINT('',(32.9755369888245,55.3798901484114,-3.42857142857143));
#1202=CARTESIAN_POINT('',(32.9755369888245,54.9081108868469,-3.4));
#1203=CARTESIAN_POINT('',(32.9755369888245,54.4363316252825,-3.37142857142857));
#1204=CARTESIAN_POINT('',(33.1802343388702,54.0112731980909,-3.34285714285714));
#1205=CARTESIAN_POINT('',(33.3849316889159,53.5862147708994,-3.31428571428571));
#1206=CARTESIAN_POINT('',(33.7537835683825,53.2920652125855,-3.28571428571429));
#1207=CARTESIAN_POINT('',(34.1226354478491,52.9979156542717,-3.25714285714286));
#1208=CARTESIAN_POINT('',(34.5825862183368,52.8929348923671,-3.22857142857143));
#1209=CARTESIAN_POINT('',(35.0425369888245,52.7879541304626,-3.2));
#1210=CARTESIAN_POINT('',(35.5024877593122,52.8929348923671,-3.17142857142857));
#1211=CARTESIAN_POINT('',(35.9624385297999,52.9979156542717,-3.14285714285714));
#1212=CARTESIAN_POINT('',(36.3312904092665,53.2920652125855,-3.11428571428571));
#1213=CARTESIAN_POINT('',(36.7001422887331,53.5862147708994,-3.08571428571429));
#1214=CARTESIAN_POINT('',(36.9048396387788,54.0112731980909,-3.05714285714286));
#1215=CARTESIAN_POINT('',(37.1095369888245,54.4363316252825,-3.02857142857143));
#1216=CARTESIAN_POINT('',(37.1095369888245,54.9081108868469,-3.));
#1217=CARTESIAN_POINT('',(37.1095369888245,55.3798901484114,-2.97142857142857));
#1218=CARTESIAN_POINT('',(36.9048396387788,55.8049485756029,-2.94285714285714));
#1219=CARTESIAN_POINT('',(36.7001422887331,56.2300070027945,-2.91428571428571));
#1220=CARTESIAN_POINT('',(36.3312904092665,56.5241565611084,-2.88571428571429));
#1221=CARTESIAN_POINT('',(35.9624385297999,56.8183061194222,-2.85714285714286));
#1222=CARTESIAN_POINT('',(35.5024877593122,56.9232868813268,-2.82857142857143));
#1223=CARTESIAN_POINT('',(35.0425369888245,57.0282676432313,-2.8));
#1224=CARTESIAN_POINT('',(34.5825862183368,56.9232868813268,-2.77142857142857));
#1225=CARTESIAN_POINT('',(34.1226354478491,56.8183061194222,-2.74285714285714));
#1226=CARTESIAN_POINT('',(33.7537835683825,56.5241565611084,-2.71428571428571));
#1227=CARTESIAN_POINT('',(33.3849316889159,56.2300070027945,-2.68571428571429));
#1228=CARTESIAN_POINT('',(33.1802343388702,55.8049485756029,-2.65714285714286));
#1229=CARTESIAN_POINT('',(32.9755369888245,55.3798901484114,-2.62857142857143));
#1230=CARTESIAN_POINT('',(32.9755369888245,54.9081108868469,-2.6));
#1231=CARTESIAN_POINT('',(32.9755369888245,54.4363316252825,-2.57142857142857));
#1232=CARTESIAN_POINT('',(33.1802343388702,54.0112731980909,-2.54285714285714));
#1233=CARTESIAN_POINT('',(33.3849316889159,53.5862147708994,-2.51428571428571));
#1234=CARTESIAN_POINT('',(33.7537835683825,53.2920652125855,-2.48571428571429));
#1235=CARTESIAN_POINT('',(34.1226354478491,52.9979156542717,-2.45714285714286));
#1236=CARTESIAN_POINT('',(34.5825862183368,52.8929348923671,-2.42857142857143));
#1237=CARTESIAN_POINT('',(35.0425369888245,52.7879541304626,-2.4));
#1238=CARTESIAN_POINT('',(35.5024877593122,52.8929348923671,-2.37142857142857));
#1239=CARTESIAN_POINT('',(35.9624385297999,52.9979156542717,-2.34285714285714));
#1240=CARTESIAN_POINT('',(36.3312904092665,53.2920652125855,-2.31428571428571));
#1241=CARTESIAN_POINT('',(36.7001422887331,53.5862147708994,-2.28571428571429));
#1242=CARTESIAN_POINT('',(36.9048396387788,54.0112731980909,-2.25714285714286));
#1243=CARTESIAN_POINT('',(37.1095369888245,54.4363316252825,-2.22857142857143));
#1244=CARTESIAN_POINT('',(37.1095369888245,54.9081108868469,-2.2));
#1245=CARTESIAN_POINT('',(37.1095369888245,55.3798901484114,-2.17142857142857));
#1246=CARTESIAN_POINT('',(36.9048396387788,55.8049485756029,-2.14285714285714));
#1247=CARTESIAN_POINT('',(36.7001422887331,56.2300070027945,-2.11428571428571));
#1248=CARTESIAN_POINT('',(36.3312904092665,56.5241565611084,-2.08571428571429));
#1249=CARTESIAN_POINT('',(35.9624385297999,56.8183061194222,-2.05714285714286));
#1250=CARTESIAN_POINT('',(35.5024877593122,56.9232868813268,-2.02857142857143));
#1251=CARTESIAN_POINT('',(35.0425369888245,57.0282676432313,-2.));
#1252=CARTESIAN_POINT('',(34.5825862183368,56.9232868813268,-1.97142857142857));
#1253=CARTESIAN_POINT('',(34.1226354478491,56.8183061194222,-1.94285714285714));
#1254=CARTESIAN_POINT('',(33.7537835683825,56.5241565611084,-1.91428571428571));
#1255=CARTESIAN_POINT('',(33.3849316889159,56.2300070027945,-1.88571428571429));
#1256=CARTESIAN_POINT('',(33.1802343388702,55.8049485756029,-1.85714285714286));
#1257=CARTESIAN_POINT('',(32.9755369888245,55.3798901484114,-1.82857142857143));
#1258=CARTESIAN_POINT('',(32.9755369888245,54.9081108868469,-1.8));
#1259=CARTESIAN_POINT('',(32.9755369888245,54.4363316252825,-1.77142857142857));
#1260=CARTESIAN_POINT('',(33.1802343388702,54.011273198091,-1.74285714285714));
#1261=CARTESIAN_POINT('',(33.3849316889159,53.5862147708994,-1.71428571428571));
#1262=CARTESIAN_POINT('',(33.7537835683825,53.2920652125855,-1.68571428571429));
#1263=CARTESIAN_POINT('',(34.1226354478491,52.9979156542717,-1.65714285714286));
#1264=CARTESIAN_POINT('',(34.5825862183368,52.8929348923671,-1.62857142857143));
#1265=CARTESIAN_POINT('',(35.0425369888245,52.7879541304626,-1.6));
#1266=CARTESIAN_POINT('',(35.5024877593122,52.8929348923671,-1.57142857142857));
#1267=CARTESIAN_POINT('',(35.9624385297999,52.9979156542717,-1.54285714285714));
#1268=CARTESIAN_POINT('',(36.3312904092665,53.2920652125855,-1.51428571428571));
#1269=CARTESIAN_POINT('',(36.7001422887331,53.5862147708994,-1.48571428571429));
#1270=CARTESIAN_POINT('',(36.9048396387788,54.0112731980909,-1.45714285714286));
#1271=CARTESIAN_POINT('',(37.1095369888245,54.4363316252825,-1.42857142857143));
#1272=CARTESIAN_POINT('',(37.1095369888245,54.9081108868469,-1.4));
#1273=CARTESIAN_POINT('',(37.1095369888245,55.3798901484114,-1.37142857142857));
#1274=CARTESIAN_POINT('',(36.9048396387788,55.8049485756029,-1.34285714285714));
#1275=CARTESIAN_POINT('',(36.7001422887331,56.2300070027945,-1.31428571428571));
#1276=CARTESIAN_POINT('',(36.3312904092665,56.5241565611084,-1.28571428571429));
#1277=CARTESIAN_POINT('',(35.9624385297999,56.8183061194222,-1.25714285714286));
#1278=CARTESIAN_POINT('',(35.5024877593122,56.9232868813268,-1.22857142857143));
#1279=CARTESIAN_POINT('',(35.0425369888245,57.0282676432313,-1.2));
#1280=CARTESIAN_POINT('',(34.5825862183368,56.9232868813268,-1.17142857142857));
#1281=CARTESIAN_POINT('',(34.1226354478491,56.8183061194222,-1.14285714285714));
#1282=CARTESIAN_POINT('',(33.7537835683825,56.5241565611084,-1.11428571428571));
#1283=CARTESIAN_POINT('',(33.3849316889159,56.2300070027945,-1.08571428571429));
#1284=CARTESIAN_POINT('',(33.1802343388702,55.8049485756029,-1.05714285714286));
#1285=CARTESIAN_POINT('',(32.9755369888245,55.3798901484114,-1.02857142857143));
#1286=CARTESIAN_POINT('',(32.9755369888245,54.9081108868469,-1.));
#1287=CARTESIAN_POINT('',(32.9755369888245,54.4363316252825,-0.971428571428571));
#1288=CARTESIAN_POINT('',(33.1802343388702,54.011273198091,-0.942857142857143));
#1289=CARTESIAN_POINT('',(33.3849316889159,53.5862147708994,-0.914285714285714));
#1290=CARTESIAN_POINT('',(33.7537835683825,53.2920652125855,-0.885714285714286));
#1291=CARTESIAN_POINT('',(34.1226354478491,52.9979156542717,-0.857142857142857));
#1292=CARTESIAN_POINT('',(34.5825862183368,52.8929348923671,-0.828571428571429));
#1293=CARTESIAN_POINT('',(35.0425369888245,52.7879541304626,-0.799999999999999));
#1294=CARTESIAN_POINT('',(35.5024877593122,52.8929348923671,-0.771428571428571));
#1295=CARTESIAN_POINT('',(35.9624385297999,52.9979156542716,-0.742857142857142));
#1296=CARTESIAN_POINT('',(36.3312904092665,53.2920652125855,-0.714285714285714));
#1297=CARTESIAN_POINT('',(36.7001422887331,53.5862147708994,-0.685714285714285));
#1298=CARTESIAN_POINT('',(36.9048396387788,54.0112731980909,-0.657142857142857));
#1299=CARTESIAN_POINT('',(37.1095369888245,54.4363316252825,-0.628571428571428));
#1300=CARTESIAN_POINT('',(37.1095369888245,54.9081108868469,-0.6));
#1301=CARTESIAN_POINT('',(37.1095369888245,55.3798901484114,-0.571428571428571));
#1302=CARTESIAN_POINT('',(36.9048396387788,55.8049485756029,-0.542857142857143));
#1303=CARTESIAN_POINT('',(36.7001422887331,56.2300070027945,-0.514285714285714));
#1304=CARTESIAN_POINT('',(36.3312904092665,56.5241565611084,-0.485714285714285));
#1305=CARTESIAN_POINT('',(35.9624385297999,56.8183061194222,-0.457142857142856));
#1306=CARTESIAN_POINT('',(35.5024877593122,56.9232868813268,-0.428571428571428));
#1307=CARTESIAN_POINT('',(35.0425369888245,57.0282676432313,-0.399999999999999));
#1308=CARTESIAN_POINT('',(34.5825862183368,56.9232868813268,-0.371428571428571));
#1309=CARTESIAN_POINT('',(34.1226354478491,56.8183061194222,-0.342857142857142));
#1310=CARTESIAN_POINT('',(33.7537835683825,56.5241565611084,-0.314285714285714));
#1311=CARTESIAN_POINT('',(33.3849316889159,56.2300070027945,-0.285714285714285));
#1312=CARTESIAN_POINT('',(33.1802343388702,55.8049485756029,-0.257142857142857));
#1313=CARTESIAN_POINT('',(32.9755369888245,55.3798901484114,-0.228571428571428));
#1314=CARTESIAN_POINT('',(32.9755369888245,54.9081108868469,-0.2));
#1315=CARTESIAN_POINT('',(32.9755369888245,54.4363316252825,-0.171428571428571));
#1316=CARTESIAN_POINT('',(33.1802343388702,54.011273198091,-0.142857142857142));
#1317=CARTESIAN_POINT('',(33.3849316889159,53.5862147708994,-0.114285714285713));
#1318=CARTESIAN_POINT('',(33.7537835683825,53.2920652125855,-0.0857142857142853));
#1319=CARTESIAN_POINT('',(34.1226354478491,52.9979156542717,-0.0571428571428563));
#1320=CARTESIAN_POINT('',(34.5825862183368,52.8929348923671,-0.0285714285714282));
#1321=CARTESIAN_POINT('',(35.0425369888245,52.7879541304626,8.67361737988404E-16));
#1322=CARTESIAN_POINT('',(35.5024877593122,52.8929348923671,0.028571428571429));
#1323=CARTESIAN_POINT('',(35.9624385297999,52.9979156542716,0.057142857142858));
#1324=CARTESIAN_POINT('',(36.3312904092665,53.2920652125855,0.0857142857142862));
#1325=CARTESIAN_POINT('',(36.7001422887331,53.5862147708994,0.114285714285715));
#1326=CARTESIAN_POINT('',(36.9048396387788,54.0112731980909,0.142857142857143));
#1327=CARTESIAN_POINT('',(37.1095369888245,54.4363316252825,0.171428571428572));
#1328=CARTESIAN_POINT('',(37.1095369888245,54.9081108868469,0.200000000000001));
#1329=CARTESIAN_POINT('',(37.1095369888245,55.3798901484114,0.22857142857143));
#1330=CARTESIAN_POINT('',(36.9048396387788,55.8049485756029,0.257142857142858));
#1331=CARTESIAN_POINT('',(36.7001422887331,56.2300070027945,0.285714285714287));
#1332=CARTESIAN_POINT('',(36.3312904092665,56.5241565611083,0.314285714285715));
#1333=CARTESIAN_POINT('',(35.9624385297999,56.8183061194222,0.342857142857144));
#1334=CARTESIAN_POINT('',(35.5024877593122,56.9232868813268,0.371428571428572));
#1335=CARTESIAN_POINT('',(35.0425369888245,57.0282676432313,0.400000000000001));
#1336=CARTESIAN_POINT('',(34.5825862183368,56.9232868813268,0.428571428571429));
#1337=CARTESIAN_POINT('',(34.1226354478491,56.8183061194222,0.457142857142858));
#1338=CARTESIAN_POINT('',(33.7537835683825,56.5241565611084,0.485714285714286));
#1339=CARTESIAN_POINT('',(33.3849316889159,56.2300070027945,0.514285714285715));
#1340=CARTESIAN_POINT('',(33.1802343388702,55.8049485756029,0.542857142857144));
#1341=CARTESIAN_POINT('',(32.9755369888245,55.3798901484114,0.571428571428573));
#1342=CARTESIAN_POINT('',(32.9755369888245,54.9081108868469,0.600000000000001));
#1343=CARTESIAN_POINT('',(32.9755369888245,54.4363316252825,0.62857142857143));
#1344=CARTESIAN_POINT('',(33.1802343388702,54.0112731980909,0.657142857142858));
#1345=CARTESIAN_POINT('',(33.3849316889159,53.5862147708994,0.685714285714287));
#1346=CARTESIAN_POINT('',(33.7537835683825,53.2920652125855,0.714285714285715));
#1347=CARTESIAN_POINT('',(34.1226354478491,52.9979156542717,0.742857142857144));
#1348=CARTESIAN_POINT('',(34.5825862183368,52.8929348923671,0.771428571428572));
#1349=CARTESIAN_POINT('',(35.0425369888245,52.7879541304626,0.800000000000001));
#1350=CARTESIAN_POINT('',(35.5024877593122,52.8929348923671,0.828571428571429));
#1351=CARTESIAN_POINT('',(35.9624385297999,52.9979156542716,0.857142857142858));
#1352=CARTESIAN_POINT('',(36.3312904092665,53.2920652125855,0.885714285714287));
#1353=CARTESIAN_POINT('',(36.7001422887331,53.5862147708994,0.914285714285716));
#1354=CARTESIAN_POINT('',(36.9048396387788,54.0112731980909,0.942857142857144));
#1355=CARTESIAN_POINT('',(37.1095369888245,54.4363316252825,0.971428571428573));
#1356=CARTESIAN_POINT('',(37.1095369888245,54.9081108868469,1.));
#1357=CARTESIAN_POINT('',(37.1095369888245,55.3798901484114,1.02857142857143));
#1358=CARTESIAN_POINT('',(36.9048396387788,55.8049485756029,1.05714285714286));
#1359=CARTESIAN_POINT('',(36.7001422887331,56.2300070027945,1.08571428571429));
#1360=CARTESIAN_POINT('',(36.3312904092665,56.5241565611084,1.11428571428572));
#1361=CARTESIAN_POINT('',(35.9624385297999,56.8183061194222,1.14285714285714));
#1362=CARTESIAN_POINT('',(35.5024877593122,56.9232868813268,1.17142857142857));
#1363=CARTESIAN_POINT('',(35.0425369888245,57.0282676432313,1.2));
#1364=CARTESIAN_POINT('',(34.5825862183368,56.9232868813268,1.22857142857143));
#1365=CARTESIAN_POINT('',(34.1226354478491,56.8183061194222,1.25714285714286));
#1366=CARTESIAN_POINT('',(33.7537835683825,56.5241565611084,1.28571428571429));
#1367=CARTESIAN_POINT('',(33.3849316889159,56.2300070027945,1.31428571428572));
#1368=CARTESIAN_POINT('',(33.1802343388702,55.8049485756029,1.34285714285714));
#1369=CARTESIAN_POINT('',(32.9755369888245,55.3798901484114,1.37142857142857));
#1370=CARTESIAN_POINT('',(32.9755369888245,54.9081108868469,1.4));
#1371=CARTESIAN_POINT('',(32.9755369888245,54.4363316252825,1.42857142857143));
#1372=CARTESIAN_POINT('',(33.1802343388702,54.011273198091,1.45714285714286));
#1373=CARTESIAN_POINT('',(33.3849316889159,53.5862147708994,1.48571428571429));
#1374=CARTESIAN_POINT('',(33.7537835683825,53.2920652125855,1.51428571428572));
#1375=CARTESIAN_POINT('',(34.1226354478491,52.9979156542717,1.54285714285714));
#1376=CARTESIAN_POINT('',(34.5825862183368,52.8929348923671,1.57142857142857));
#1377=CARTESIAN_POINT('',(35.0425369888245,52.7879541304626,1.6));
#1378=CARTESIAN_POINT('',(35.5024877593122,52.8929348923671,1.62857142857143));
#1379=CARTESIAN_POINT('',(35.9624385297999,52.9979156542716,1.65714285714286));
#1380=CARTESIAN_POINT('',(36.3312904092665,53.2920652125855,1.68571428571429));
#1381=CARTESIAN_POINT('',(36.7001422887331,53.5862147708994,1.71428571428572));
#1382=CARTESIAN_POINT('',(36.9048396387788,54.0112731980909,1.74285714285714));
#1383=CARTESIAN_POINT('',(37.1095369888245,54.4363316252825,1.77142857142857));
#1384=CARTESIAN_POINT('',(37.1095369888245,54.9081108868469,1.8));
#1385=CARTESIAN_POINT('',(37.1095369888245,55.3798901484114,1.82857142857143));
#1386=CARTESIAN_POINT('',(36.9048396387788,55.8049485756029,1.85714285714286));
#1387=CARTESIAN_POINT('',(36.7001422887331,56.2300070027945,1.88571428571429));
#1388=CARTESIAN_POINT('',(36.3312904092665,56.5241565611083,1.91428571428572));
#1389=CARTESIAN_POINT('',(35.9624385297999,56.8183061194222,1.94285714285714));
#1390=CARTESIAN_POINT('',(35.5024877593122,56.9232868813268,1.97142857142857));
#1391=CARTESIAN_POINT('',(35.0425369888245,57.0282676432313,2.));
#1392=CARTESIAN_POINT('',(34.5825862183368,56.9232868813268,2.02857142857143));
#1393=CARTESIAN_POINT('',(34.1226354478491,56.8183061194222,2.05714285714286));
#1394=CARTESIAN_POINT('',(33.7537835683825,56.5241565611084,2.08571428571429));
#1395=CARTESIAN_POINT('',(33.3849316889159,56.2300070027945,2.11428571428572));
#1396=CARTESIAN_POINT('',(33.1802343388702,55.8049485756029,2.14285714285714));
#1397=CARTESIAN_POINT('',(32.9755369888245,55.3798901484114,2.17142857142857));
#1398=CARTESIAN_POINT('',(32.9755369888245,54.9081108868469,2.2));
#1399=CARTESIAN_POINT('',(32.9755369888245,54.4363316252825,2.22857142857143));
#1400=CARTESIAN_POINT('',(33.1802343388702,54.0112731980909,2.25714285714286));
#1401=CARTESIAN_POINT('',(33.3849316889159,53.5862147708994,2.28571428571429));
#1402=CARTESIAN_POINT('',(33.7537835683825,53.2920652125855,2.31428571428572));
#1403=CARTESIAN_POINT('',(34.1226354478491,52.9979156542717,2.34285714285714));
#1404=CARTESIAN_POINT('',(34.5825862183368,52.8929348923671,2.37142857142857));
#1405=CARTESIAN_POINT('',(35.0425369888245,52.7879541304626,2.4));
#1406=CARTESIAN_POINT('',(35.5024877593122,52.8929348923671,2.42857142857143));
#1407=CARTESIAN_POINT('',(35.9624385297999,52.9979156542716,2.45714285714286));
#1408=CARTESIAN_POINT('',(36.3312904092665,53.2920652125855,2.48571428571429));
#1409=CARTESIAN_POINT('',(36.7001422887331,53.5862147708994,2.51428571428572));
#1410=CARTESIAN_POINT('',(36.9048396387788,54.0112731980909,2.54285714285714));
#1411=CARTESIAN_POINT('',(37.1095369888245,54.4363316252825,2.57142857142857));
#1412=CARTESIAN_POINT('',(37.1095369888245,54.9081108868469,2.6));
#1413=CARTESIAN_POINT('',(37.1095369888245,55.3798901484114,2.62857142857143));
#1414=CARTESIAN_POINT('',(36.9048396387788,55.8049485756029,2.65714285714286));
#1415=CARTESIAN_POINT('',(36.7001422887331,56.2300070027945,2.68571428571429));
#1416=CARTESIAN_POINT('',(36.3312904092665,56.5241565611084,2.71428571428572));
#1417=CARTESIAN_POINT('',(35.9624385297999,56.8183061194222,2.74285714285714));
#1418=CARTESIAN_POINT('',(35.5024877593122,56.9232868813268,2.77142857142857));
#1419=CARTESIAN_POINT('',(35.0425369888245,57.0282676432313,2.8));
#1420=CARTESIAN_POINT('',(34.5825862183368,56.9232868813268,2.82857142857143));
#1421=CARTESIAN_POINT('',(34.1226354478491,56.8183061194222,2.85714285714286));
#1422=CARTESIAN_POINT('',(33.7537835683825,56.5241565611084,2.88571428571429));
#1423=CARTESIAN_POINT('',(33.3849316889159,56.2300070027945,2.91428571428572));
#1424=CARTESIAN_POINT('',(33.1802343388702,55.8049485756029,2.94285714285714));
#1425=CARTESIAN_POINT('',(32.9755369888245,55.3798901484114,2.97142857142857));
#1426=CARTESIAN_POINT('',(32.9755369888245,54.9081108868469,3.));
#1427=CARTESIAN_POINT('',(32.9755369888245,54.4363316252825,3.02857142857143));
#1428=CARTESIAN_POINT('',(33.1802343388702,54.011273198091,3.05714285714286));
#1429=CARTESIAN_POINT('',(33.3849316889159,53.5862147708994,3.08571428571429));
#1430=CARTESIAN_POINT('',(33.7537835683825,53.2920652125855,3.11428571428572));
#1431=CARTESIAN_POINT('',(34.1226354478491,52.9979156542717,3.14285714285715));
#1432=CARTESIAN_POINT('',(34.5825862183368,52.8929348923671,3.17142857142857));
#1433=CARTESIAN_POINT('',(35.0425369888245,52.7879541304626,3.2));
#1434=CARTESIAN_POINT('',(35.5024877593122,52.8929348923671,3.22857142857143));
#1435=CARTESIAN_POINT('',(35.9624385297999,52.9979156542717,3.25714285714286));
#1436=CARTESIAN_POINT('',(36.3312904092665,53.2920652125855,3.28571428571429));
#1437=CARTESIAN_POINT('',(36.7001422887331,53.5862147708994,3.31428571428572));
#1438=CARTESIAN_POINT('',(36.9048396387788,54.0112731980909,3.34285714285714));
#1439=CARTESIAN_POINT('',(37.1095369888245,54.4363316252825,3.37142857142857));
#1440=CARTESIAN_POINT('',(37.1095369888245,54.9081108868469,3.4));
#1441=CARTESIAN_POINT('',(37.1095369888245,55.3798901484114,3.42857142857143));
#1442=CARTESIAN_POINT('',(36.9048396387788,55.8049485756029,3.45714285714286));
#1443=CARTESIAN_POINT('',(36.7001422887331,56.2300070027945,3.48571428571429));
#1444=CARTESIAN_POINT('',(36.3312904092665,56.5241565611083,3.51428571428572));
#1445=CARTESIAN_POINT('',(35.9624385297999,56.8183061194222,3.54285714285714));
#1446=CARTESIAN_POINT('',(35.5024877593122,56.9232868813268,3.57142857142857));
#1447=CARTESIAN_POINT('',(35.0425369888245,57.0282676432313,3.6));
#1448=CARTESIAN_POINT('',(34.5825862183368,56.9232868813268,3.62857142857143));
#1449=CARTESIAN_POINT('',(34.1226354478491,56.8183061194222,3.65714285714286));
#1450=CARTESIAN_POINT('',(33.7537835683825,56.5241565611084,3.68571428571429));
#1451=CARTESIAN_POINT('',(33.3849316889159,56.2300070027945,3.71428571428572));
#1452=CARTESIAN_POINT('',(33.1802343388702,55.8049485756029,3.74285714285715));
#1453=CARTESIAN_POINT('',(32.9755369888245,55.3798901484114,3.77142857142857));
#1454=CARTESIAN_POINT('',(32.9755369888245,54.908110886847,3.8));
#1455=CARTESIAN_POINT('',(-35.0425369888245,83.4391668783335,-5.));
#1456=CARTESIAN_POINT('',(-35.0425369888245,90.9391668783335,-5.));
#1457=CARTESIAN_POINT('',(-35.0425369888245,75.9391668783335,-5.));
#1458=CARTESIAN_POINT('',(-35.0425369888245,75.9391668783335,-5.));
#1459=CARTESIAN_POINT('',(4.45800991578734,75.9391668783335,-5.));
#1460=CARTESIAN_POINT('',(4.45800991578734,-75.9391668783335,-5.));
#1461=CARTESIAN_POINT('',(4.45800991578734,-75.9391668783335,-5.));
#1462=CARTESIAN_POINT('',(-35.0425369888245,-75.9391668783335,-5.));
#1463=CARTESIAN_POINT('',(-35.0425369888245,-75.9391668783335,-5.));
#1464=CARTESIAN_POINT('',(-35.0425369888245,-83.4391668783335,-5.));
#1465=CARTESIAN_POINT('',(-35.0425369888245,-90.9391668783335,-5.));
#1466=CARTESIAN_POINT('',(-35.0425369888245,-90.9391668783335,-5.));
#1467=CARTESIAN_POINT('',(14.4580099157874,-90.9391668783335,-5.));
#1468=CARTESIAN_POINT('',(19.4580099157873,47.4081108868469,-5.));
#1469=CARTESIAN_POINT('',(19.4580099157874,-85.9391668783335,-5.));
#1470=CARTESIAN_POINT('',(19.4580099157873,47.4081108868469,-5.));
#1471=CARTESIAN_POINT('',(35.0425369888245,47.4081108868469,-5.));
#1472=CARTESIAN_POINT('',(35.0425369888245,47.4081108868469,-5.));
#1473=CARTESIAN_POINT('',(35.0425369888245,54.9081108868469,-5.));
#1474=CARTESIAN_POINT('',(35.0425369888245,62.4081108868469,-5.));
#1475=CARTESIAN_POINT('',(35.0425369888245,62.4081108868469,-5.));
#1476=CARTESIAN_POINT('',(19.4580099157873,62.4081108868469,-5.));
#1477=CARTESIAN_POINT('',(19.4580099157873,90.9391668783335,-5.));
#1478=CARTESIAN_POINT('',(19.4580099157873,85.9391668783335,-5.));
#1479=CARTESIAN_POINT('',(-35.0425369888245,90.9391668783335,-5.));
#1480=CARTESIAN_POINT('',(14.4580099157873,90.9391668783335,-5.));
#1481=CARTESIAN_POINT('',(-35.0425369888245,83.4391668783335,-34.1355137795006));
#1482=CARTESIAN_POINT('',(-35.0425369888245,-83.4391668783335,-14.2443042863221));
#1483=CARTESIAN_POINT('',(14.4580099157874,-85.9391668783335,-5.));
#1484=CARTESIAN_POINT('',(14.4580099157873,85.9391668783335,-5.));
#1485=CARTESIAN_POINT('',(36.7016809969641,53.6753375255779,-5.28132634131213));
#1486=CARTESIAN_POINT('',(36.819283956311,53.8336149928482,-5.26908462419536));
#1487=CARTESIAN_POINT('',(36.9048396387788,54.0112731980909,-5.25714285714286));
#1488=CARTESIAN_POINT('',(37.1095369888245,54.4363316252825,-5.22857142857143));
#1489=CARTESIAN_POINT('',(37.1095369888245,54.9081108868469,-5.2));
#1490=CARTESIAN_POINT('',(37.1095369888245,55.3798901484114,-5.17142857142857));
#1491=CARTESIAN_POINT('',(36.9048396387788,55.8049485756029,-5.14285714285714));
#1492=CARTESIAN_POINT('',(36.7001422887331,56.2300070027945,-5.11428571428572));
#1493=CARTESIAN_POINT('',(36.3312904092665,56.5241565611084,-5.08571428571429));
#1494=CARTESIAN_POINT('',(35.9624385297999,56.8183061194222,-5.05714285714286));
#1495=CARTESIAN_POINT('',(35.5024877593122,56.9232868813268,-5.02857142857143));
#1496=CARTESIAN_POINT('',(35.0425369888245,57.0282676432313,-5.));
#1497=CARTESIAN_POINT('',(34.5825862183368,56.9232868813268,-4.97142857142857));
#1498=CARTESIAN_POINT('',(34.1226354478491,56.8183061194222,-4.94285714285714));
#1499=CARTESIAN_POINT('',(33.7537835683825,56.5241565611084,-4.91428571428571));
#1500=CARTESIAN_POINT('',(33.3849316889159,56.2300070027945,-4.88571428571429));
#1501=CARTESIAN_POINT('',(33.1802343388702,55.8049485756029,-4.85714285714286));
#1502=CARTESIAN_POINT('',(32.9755369888245,55.3798901484114,-4.82857142857143));
#1503=CARTESIAN_POINT('',(32.9755369888245,54.9081108868469,-4.8));
#1504=CARTESIAN_POINT('',(32.9755369888245,54.4363316252825,-4.77142857142857));
#1505=CARTESIAN_POINT('',(33.1802343388702,54.0112731980909,-4.74285714285714));
#1506=CARTESIAN_POINT('',(33.3849316889159,53.5862147708994,-4.71428571428572));
#1507=CARTESIAN_POINT('',(33.7537835683825,53.2920652125855,-4.68571428571429));
#1508=CARTESIAN_POINT('',(34.1226354478491,52.9979156542717,-4.65714285714286));
#1509=CARTESIAN_POINT('',(34.5825862183368,52.8929348923671,-4.62857142857143));
#1510=CARTESIAN_POINT('',(35.0425369888245,52.7879541304626,-4.6));
#1511=CARTESIAN_POINT('',(35.5024877593122,52.8929348923671,-4.57142857142857));
#1512=CARTESIAN_POINT('',(35.9624385297999,52.9979156542717,-4.54285714285714));
#1513=CARTESIAN_POINT('',(36.3312904092665,53.2920652125855,-4.51428571428571));
#1514=CARTESIAN_POINT('',(36.7001422887331,53.5862147708994,-4.48571428571429));
#1515=CARTESIAN_POINT('',(36.9048396387788,54.0112731980909,-4.45714285714286));
#1516=CARTESIAN_POINT('',(37.1095369888245,54.4363316252825,-4.42857142857143));
#1517=CARTESIAN_POINT('',(37.1095369888245,54.9081108868469,-4.4));
#1518=CARTESIAN_POINT('',(37.1095369888245,55.3798901484114,-4.37142857142857));
#1519=CARTESIAN_POINT('',(36.9048396387788,55.8049485756029,-4.34285714285714));
#1520=CARTESIAN_POINT('',(36.7001422887331,56.2300070027945,-4.31428571428571));
#1521=CARTESIAN_POINT('',(36.3312904092665,56.5241565611084,-4.28571428571429));
#1522=CARTESIAN_POINT('',(35.9624385297999,56.8183061194222,-4.25714285714286));
#1523=CARTESIAN_POINT('',(35.5024877593122,56.9232868813268,-4.22857142857143));
#1524=CARTESIAN_POINT('',(35.0425369888245,57.0282676432313,-4.2));
#1525=CARTESIAN_POINT('',(34.5825862183368,56.9232868813268,-4.17142857142857));
#1526=CARTESIAN_POINT('',(34.1226354478491,56.8183061194222,-4.14285714285714));
#1527=CARTESIAN_POINT('',(33.7537835683825,56.5241565611084,-4.11428571428571));
#1528=CARTESIAN_POINT('',(33.3849316889159,56.2300070027945,-4.08571428571429));
#1529=CARTESIAN_POINT('',(33.1802343388702,55.8049485756029,-4.05714285714286));
#1530=CARTESIAN_POINT('',(32.9755369888245,55.3798901484114,-4.02857142857143));
#1531=CARTESIAN_POINT('',(32.9755369888245,54.9081108868469,-4.));
#1532=CARTESIAN_POINT('',(32.9755369888245,54.4363316252825,-3.97142857142857));
#1533=CARTESIAN_POINT('',(33.1802343388702,54.0112731980909,-3.94285714285714));
#1534=CARTESIAN_POINT('',(33.3849316889159,53.5862147708994,-3.91428571428571));
#1535=CARTESIAN_POINT('',(33.7537835683825,53.2920652125855,-3.88571428571429));
#1536=CARTESIAN_POINT('',(34.1226354478491,52.9979156542717,-3.85714285714286));
#1537=CARTESIAN_POINT('',(34.5825862183368,52.8929348923671,-3.82857142857143));
#1538=CARTESIAN_POINT('',(35.0425369888245,52.7879541304626,-3.8));
#1539=CARTESIAN_POINT('',(35.5024877593122,52.8929348923671,-3.77142857142857));
#1540=CARTESIAN_POINT('',(35.9624385297999,52.9979156542717,-3.74285714285714));
#1541=CARTESIAN_POINT('',(36.3312904092665,53.2920652125855,-3.71428571428571));
#1542=CARTESIAN_POINT('',(36.7001422887331,53.5862147708994,-3.68571428571429));
#1543=CARTESIAN_POINT('',(36.9048396387788,54.0112731980909,-3.65714285714286));
#1544=CARTESIAN_POINT('',(37.1095369888245,54.4363316252825,-3.62857142857143));
#1545=CARTESIAN_POINT('',(37.1095369888245,54.9081108868469,-3.6));
#1546=CARTESIAN_POINT('',(37.1095369888245,55.3798901484114,-3.57142857142857));
#1547=CARTESIAN_POINT('',(36.9048396387788,55.8049485756029,-3.54285714285714));
#1548=CARTESIAN_POINT('',(36.7001422887331,56.2300070027945,-3.51428571428571));
#1549=CARTESIAN_POINT('',(36.3312904092665,56.5241565611084,-3.48571428571429));
#1550=CARTESIAN_POINT('',(35.9624385297999,56.8183061194222,-3.45714285714286));
#1551=CARTESIAN_POINT('',(35.5024877593122,56.9232868813268,-3.42857142857143));
#1552=CARTESIAN_POINT('',(35.0425369888245,57.0282676432313,-3.4));
#1553=CARTESIAN_POINT('',(34.5825862183368,56.9232868813268,-3.37142857142857));
#1554=CARTESIAN_POINT('',(34.1226354478491,56.8183061194222,-3.34285714285714));
#1555=CARTESIAN_POINT('',(33.7537835683825,56.5241565611084,-3.31428571428571));
#1556=CARTESIAN_POINT('',(33.3849316889159,56.2300070027945,-3.28571428571429));
#1557=CARTESIAN_POINT('',(33.1802343388702,55.8049485756029,-3.25714285714286));
#1558=CARTESIAN_POINT('',(32.9755369888245,55.3798901484114,-3.22857142857143));
#1559=CARTESIAN_POINT('',(32.9755369888245,54.9081108868469,-3.2));
#1560=CARTESIAN_POINT('',(32.9755369888245,54.4363316252825,-3.17142857142857));
#1561=CARTESIAN_POINT('',(33.1802343388702,54.0112731980909,-3.14285714285714));
#1562=CARTESIAN_POINT('',(33.3849316889159,53.5862147708994,-3.11428571428571));
#1563=CARTESIAN_POINT('',(33.7537835683825,53.2920652125855,-3.08571428571429));
#1564=CARTESIAN_POINT('',(34.1226354478491,52.9979156542717,-3.05714285714286));
#1565=CARTESIAN_POINT('',(34.5825862183368,52.8929348923671,-3.02857142857143));
#1566=CARTESIAN_POINT('',(35.0425369888245,52.7879541304626,-3.));
#1567=CARTESIAN_POINT('',(35.5024877593122,52.8929348923671,-2.97142857142857));
#1568=CARTESIAN_POINT('',(35.9624385297999,52.9979156542717,-2.94285714285714));
#1569=CARTESIAN_POINT('',(36.3312904092665,53.2920652125855,-2.91428571428571));
#1570=CARTESIAN_POINT('',(36.7001422887331,53.5862147708994,-2.88571428571429));
#1571=CARTESIAN_POINT('',(36.9048396387788,54.0112731980909,-2.85714285714286));
#1572=CARTESIAN_POINT('',(37.1095369888245,54.4363316252825,-2.82857142857143));
#1573=CARTESIAN_POINT('',(37.1095369888245,54.9081108868469,-2.8));
#1574=CARTESIAN_POINT('',(37.1095369888245,55.3798901484114,-2.77142857142857));
#1575=CARTESIAN_POINT('',(36.9048396387788,55.8049485756029,-2.74285714285714));
#1576=CARTESIAN_POINT('',(36.7001422887331,56.2300070027945,-2.71428571428571));
#1577=CARTESIAN_POINT('',(36.3312904092665,56.5241565611084,-2.68571428571429));
#1578=CARTESIAN_POINT('',(35.9624385297999,56.8183061194222,-2.65714285714286));
#1579=CARTESIAN_POINT('',(35.5024877593122,56.9232868813268,-2.62857142857143));
#1580=CARTESIAN_POINT('',(35.0425369888245,57.0282676432313,-2.6));
#1581=CARTESIAN_POINT('',(34.5825862183368,56.9232868813268,-2.57142857142857));
#1582=CARTESIAN_POINT('',(34.1226354478491,56.8183061194222,-2.54285714285714));
#1583=CARTESIAN_POINT('',(33.7537835683825,56.5241565611084,-2.51428571428571));
#1584=CARTESIAN_POINT('',(33.3849316889159,56.2300070027945,-2.48571428571429));
#1585=CARTESIAN_POINT('',(33.1802343388702,55.8049485756029,-2.45714285714286));
#1586=CARTESIAN_POINT('',(32.9755369888245,55.3798901484114,-2.42857142857143));
#1587=CARTESIAN_POINT('',(32.9755369888245,54.9081108868469,-2.4));
#1588=CARTESIAN_POINT('',(32.9755369888245,54.4363316252825,-2.37142857142857));
#1589=CARTESIAN_POINT('',(33.1802343388702,54.0112731980909,-2.34285714285714));
#1590=CARTESIAN_POINT('',(33.3849316889159,53.5862147708994,-2.31428571428571));
#1591=CARTESIAN_POINT('',(33.7537835683825,53.2920652125855,-2.28571428571429));
#1592=CARTESIAN_POINT('',(34.1226354478491,52.9979156542717,-2.25714285714286));
#1593=CARTESIAN_POINT('',(34.5825862183368,52.8929348923671,-2.22857142857143));
#1594=CARTESIAN_POINT('',(35.0425369888245,52.7879541304626,-2.2));
#1595=CARTESIAN_POINT('',(35.5024877593122,52.8929348923671,-2.17142857142857));
#1596=CARTESIAN_POINT('',(35.9624385297999,52.9979156542717,-2.14285714285714));
#1597=CARTESIAN_POINT('',(36.3312904092665,53.2920652125855,-2.11428571428571));
#1598=CARTESIAN_POINT('',(36.7001422887331,53.5862147708994,-2.08571428571429));
#1599=CARTESIAN_POINT('',(36.9048396387788,54.0112731980909,-2.05714285714286));
#1600=CARTESIAN_POINT('',(37.1095369888245,54.4363316252825,-2.02857142857143));
#1601=CARTESIAN_POINT('',(37.1095369888245,54.9081108868469,-2.));
#1602=CARTESIAN_POINT('',(37.1095369888245,55.3798901484114,-1.97142857142857));
#1603=CARTESIAN_POINT('',(36.9048396387788,55.8049485756029,-1.94285714285714));
#1604=CARTESIAN_POINT('',(36.7001422887331,56.2300070027945,-1.91428571428571));
#1605=CARTESIAN_POINT('',(36.3312904092665,56.5241565611084,-1.88571428571429));
#1606=CARTESIAN_POINT('',(35.9624385297999,56.8183061194222,-1.85714285714286));
#1607=CARTESIAN_POINT('',(35.5024877593122,56.9232868813268,-1.82857142857143));
#1608=CARTESIAN_POINT('',(35.0425369888245,57.0282676432313,-1.8));
#1609=CARTESIAN_POINT('',(34.5825862183368,56.9232868813268,-1.77142857142857));
#1610=CARTESIAN_POINT('',(34.1226354478491,56.8183061194222,-1.74285714285714));
#1611=CARTESIAN_POINT('',(33.7537835683825,56.5241565611084,-1.71428571428571));
#1612=CARTESIAN_POINT('',(33.3849316889159,56.2300070027945,-1.68571428571429));
#1613=CARTESIAN_POINT('',(33.1802343388702,55.8049485756029,-1.65714285714286));
#1614=CARTESIAN_POINT('',(32.9755369888245,55.3798901484114,-1.62857142857143));
#1615=CARTESIAN_POINT('',(32.9755369888245,54.9081108868469,-1.6));
#1616=CARTESIAN_POINT('',(32.9755369888245,54.4363316252825,-1.57142857142857));
#1617=CARTESIAN_POINT('',(33.1802343388702,54.0112731980909,-1.54285714285714));
#1618=CARTESIAN_POINT('',(33.3849316889159,53.5862147708994,-1.51428571428571));
#1619=CARTESIAN_POINT('',(33.7537835683825,53.2920652125855,-1.48571428571429));
#1620=CARTESIAN_POINT('',(34.1226354478491,52.9979156542717,-1.45714285714286));
#1621=CARTESIAN_POINT('',(34.5825862183368,52.8929348923671,-1.42857142857143));
#1622=CARTESIAN_POINT('',(35.0425369888245,52.7879541304626,-1.4));
#1623=CARTESIAN_POINT('',(35.5024877593122,52.8929348923671,-1.37142857142857));
#1624=CARTESIAN_POINT('',(35.9624385297999,52.9979156542717,-1.34285714285714));
#1625=CARTESIAN_POINT('',(36.3312904092665,53.2920652125855,-1.31428571428571));
#1626=CARTESIAN_POINT('',(36.7001422887331,53.5862147708994,-1.28571428571428));
#1627=CARTESIAN_POINT('',(36.9048396387788,54.0112731980909,-1.25714285714286));
#1628=CARTESIAN_POINT('',(37.1095369888245,54.4363316252825,-1.22857142857143));
#1629=CARTESIAN_POINT('',(37.1095369888245,54.9081108868469,-1.2));
#1630=CARTESIAN_POINT('',(37.1095369888245,55.3798901484114,-1.17142857142857));
#1631=CARTESIAN_POINT('',(36.9048396387788,55.8049485756029,-1.14285714285714));
#1632=CARTESIAN_POINT('',(36.7001422887331,56.2300070027945,-1.11428571428571));
#1633=CARTESIAN_POINT('',(36.3312904092665,56.5241565611084,-1.08571428571429));
#1634=CARTESIAN_POINT('',(35.9624385297999,56.8183061194222,-1.05714285714286));
#1635=CARTESIAN_POINT('',(35.5024877593122,56.9232868813268,-1.02857142857143));
#1636=CARTESIAN_POINT('',(35.0425369888245,57.0282676432313,-0.999999999999999));
#1637=CARTESIAN_POINT('',(34.5825862183368,56.9232868813268,-0.971428571428571));
#1638=CARTESIAN_POINT('',(34.1226354478491,56.8183061194222,-0.942857142857142));
#1639=CARTESIAN_POINT('',(33.7537835683825,56.5241565611084,-0.914285714285714));
#1640=CARTESIAN_POINT('',(33.3849316889159,56.2300070027945,-0.885714285714285));
#1641=CARTESIAN_POINT('',(33.1802343388702,55.8049485756029,-0.857142857142857));
#1642=CARTESIAN_POINT('',(32.9755369888245,55.3798901484114,-0.828571428571428));
#1643=CARTESIAN_POINT('',(32.9755369888245,54.9081108868469,-0.799999999999999));
#1644=CARTESIAN_POINT('',(32.9755369888245,54.4363316252825,-0.77142857142857));
#1645=CARTESIAN_POINT('',(33.1802343388702,54.0112731980909,-0.742857142857142));
#1646=CARTESIAN_POINT('',(33.3849316889159,53.5862147708994,-0.714285714285713));
#1647=CARTESIAN_POINT('',(33.7537835683825,53.2920652125855,-0.685714285714285));
#1648=CARTESIAN_POINT('',(34.1226354478491,52.9979156542717,-0.657142857142856));
#1649=CARTESIAN_POINT('',(34.5825862183368,52.8929348923671,-0.628571428571428));
#1650=CARTESIAN_POINT('',(35.0425369888245,52.7879541304626,-0.599999999999999));
#1651=CARTESIAN_POINT('',(35.5024877593122,52.8929348923671,-0.571428571428571));
#1652=CARTESIAN_POINT('',(35.9624385297999,52.9979156542717,-0.542857142857142));
#1653=CARTESIAN_POINT('',(36.3312904092665,53.2920652125855,-0.514285714285714));
#1654=CARTESIAN_POINT('',(36.7001422887331,53.5862147708994,-0.485714285714285));
#1655=CARTESIAN_POINT('',(36.9048396387788,54.0112731980909,-0.457142857142856));
#1656=CARTESIAN_POINT('',(37.1095369888245,54.4363316252825,-0.428571428571427));
#1657=CARTESIAN_POINT('',(37.1095369888245,54.9081108868469,-0.399999999999999));
#1658=CARTESIAN_POINT('',(37.1095369888245,55.3798901484114,-0.37142857142857));
#1659=CARTESIAN_POINT('',(36.9048396387788,55.8049485756029,-0.342857142857142));
#1660=CARTESIAN_POINT('',(36.7001422887331,56.2300070027945,-0.314285714285713));
#1661=CARTESIAN_POINT('',(36.3312904092665,56.5241565611084,-0.285714285714285));
#1662=CARTESIAN_POINT('',(35.9624385297999,56.8183061194222,-0.257142857142856));
#1663=CARTESIAN_POINT('',(35.5024877593122,56.9232868813268,-0.228571428571428));
#1664=CARTESIAN_POINT('',(35.0425369888245,57.0282676432313,-0.199999999999999));
#1665=CARTESIAN_POINT('',(34.5825862183368,56.9232868813268,-0.171428571428571));
#1666=CARTESIAN_POINT('',(34.1226354478491,56.8183061194222,-0.142857142857142));
#1667=CARTESIAN_POINT('',(33.7537835683825,56.5241565611084,-0.114285714285713));
#1668=CARTESIAN_POINT('',(33.3849316889159,56.2300070027945,-0.0857142857142845));
#1669=CARTESIAN_POINT('',(33.1802343388702,55.8049485756029,-0.0571428571428563));
#1670=CARTESIAN_POINT('',(32.9755369888245,55.3798901484114,-0.0285714285714273));
#1671=CARTESIAN_POINT('',(32.9755369888245,54.9081108868469,8.67361737988404E-16));
#1672=CARTESIAN_POINT('',(32.9755369888245,54.6510155504625,0.0155699532344784));
#1673=CARTESIAN_POINT('',(33.038518134717,54.4017538661773,0.0315360592580284));
#1674=CARTESIAN_POINT('',(37.049252564353,53.4170856997512,-5.03132634131213));
#1675=CARTESIAN_POINT('',(37.1914919896782,53.6085204741097,-5.01908462419536));
#1676=CARTESIAN_POINT('',(37.29497060259,53.8233960279086,-5.00714285714286));
#1677=CARTESIAN_POINT('',(37.5425496907167,54.3374993017476,-4.97857142857143));
#1678=CARTESIAN_POINT('',(37.5425496907167,54.9081108868469,-4.95));
#1679=CARTESIAN_POINT('',(37.5425496907167,55.4787224719463,-4.92142857142858));
#1680=CARTESIAN_POINT('',(37.29497060259,55.9928257457853,-4.89285714285715));
#1681=CARTESIAN_POINT('',(37.0473915144633,56.5069290196243,-4.86428571428572));
#1682=CARTESIAN_POINT('',(36.6012694129716,56.8626995237562,-4.83571428571429));
#1683=CARTESIAN_POINT('',(36.1551473114799,57.2184700278881,-4.80714285714286));
#1684=CARTESIAN_POINT('',(35.5988421501522,57.3454430507308,-4.77857142857143));
#1685=CARTESIAN_POINT('',(35.0425369888245,57.4724160735734,-4.75));
#1686=CARTESIAN_POINT('',(34.4862318274968,57.3454430507308,-4.72142857142857));
#1687=CARTESIAN_POINT('',(33.9299266661691,57.2184700278881,-4.69285714285715));
#1688=CARTESIAN_POINT('',(33.4838045646774,56.8626995237562,-4.66428571428572));
#1689=CARTESIAN_POINT('',(33.0376824631857,56.5069290196243,-4.63571428571429));
#1690=CARTESIAN_POINT('',(32.790103375059,55.9928257457853,-4.60714285714286));
#1691=CARTESIAN_POINT('',(32.5425242869323,55.4787224719463,-4.57857142857143));
#1692=CARTESIAN_POINT('',(32.5425242869323,54.9081108868469,-4.55));
#1693=CARTESIAN_POINT('',(32.5425242869323,54.3374993017476,-4.52142857142857));
#1694=CARTESIAN_POINT('',(32.790103375059,53.8233960279086,-4.49285714285715));
#1695=CARTESIAN_POINT('',(33.0376824631857,53.3092927540696,-4.46428571428572));
#1696=CARTESIAN_POINT('',(33.4838045646774,52.9535222499376,-4.43571428571429));
#1697=CARTESIAN_POINT('',(33.9299266661691,52.5977517458057,-4.40714285714286));
#1698=CARTESIAN_POINT('',(34.4862318274968,52.4707787229631,-4.37857142857143));
#1699=CARTESIAN_POINT('',(35.0425369888245,52.3438057001205,-4.35));
#1700=CARTESIAN_POINT('',(35.5988421501522,52.4707787229631,-4.32142857142857));
#1701=CARTESIAN_POINT('',(36.1551473114799,52.5977517458057,-4.29285714285715));
#1702=CARTESIAN_POINT('',(36.6012694129716,52.9535222499376,-4.26428571428572));
#1703=CARTESIAN_POINT('',(37.0473915144633,53.3092927540696,-4.23571428571429));
#1704=CARTESIAN_POINT('',(37.29497060259,53.8233960279086,-4.20714285714286));
#1705=CARTESIAN_POINT('',(37.5425496907167,54.3374993017476,-4.17857142857143));
#1706=CARTESIAN_POINT('',(37.5425496907167,54.9081108868469,-4.15));
#1707=CARTESIAN_POINT('',(37.5425496907167,55.4787224719463,-4.12142857142857));
#1708=CARTESIAN_POINT('',(37.29497060259,55.9928257457853,-4.09285714285715));
#1709=CARTESIAN_POINT('',(37.0473915144633,56.5069290196243,-4.06428571428572));
#1710=CARTESIAN_POINT('',(36.6012694129716,56.8626995237562,-4.03571428571429));
#1711=CARTESIAN_POINT('',(36.1551473114799,57.2184700278881,-4.00714285714286));
#1712=CARTESIAN_POINT('',(35.5988421501522,57.3454430507308,-3.97857142857143));
#1713=CARTESIAN_POINT('',(35.0425369888245,57.4724160735734,-3.95));
#1714=CARTESIAN_POINT('',(34.4862318274968,57.3454430507308,-3.92142857142857));
#1715=CARTESIAN_POINT('',(33.9299266661691,57.2184700278881,-3.89285714285715));
#1716=CARTESIAN_POINT('',(33.4838045646774,56.8626995237562,-3.86428571428572));
#1717=CARTESIAN_POINT('',(33.0376824631857,56.5069290196243,-3.83571428571429));
#1718=CARTESIAN_POINT('',(32.790103375059,55.9928257457853,-3.80714285714286));
#1719=CARTESIAN_POINT('',(32.5425242869323,55.4787224719463,-3.77857142857143));
#1720=CARTESIAN_POINT('',(32.5425242869323,54.9081108868469,-3.75));
#1721=CARTESIAN_POINT('',(32.5425242869323,54.3374993017476,-3.72142857142857));
#1722=CARTESIAN_POINT('',(32.790103375059,53.8233960279086,-3.69285714285715));
#1723=CARTESIAN_POINT('',(33.0376824631857,53.3092927540696,-3.66428571428572));
#1724=CARTESIAN_POINT('',(33.4838045646774,52.9535222499376,-3.63571428571429));
#1725=CARTESIAN_POINT('',(33.9299266661691,52.5977517458057,-3.60714285714286));
#1726=CARTESIAN_POINT('',(34.4862318274968,52.4707787229631,-3.57857142857143));
#1727=CARTESIAN_POINT('',(35.0425369888245,52.3438057001205,-3.55));
#1728=CARTESIAN_POINT('',(35.5988421501522,52.4707787229631,-3.52142857142857));
#1729=CARTESIAN_POINT('',(36.1551473114799,52.5977517458057,-3.49285714285715));
#1730=CARTESIAN_POINT('',(36.6012694129716,52.9535222499376,-3.46428571428572));
#1731=CARTESIAN_POINT('',(37.0473915144633,53.3092927540696,-3.43571428571429));
#1732=CARTESIAN_POINT('',(37.29497060259,53.8233960279086,-3.40714285714286));
#1733=CARTESIAN_POINT('',(37.5425496907167,54.3374993017476,-3.37857142857143));
#1734=CARTESIAN_POINT('',(37.5425496907167,54.9081108868469,-3.35));
#1735=CARTESIAN_POINT('',(37.5425496907167,55.4787224719463,-3.32142857142857));
#1736=CARTESIAN_POINT('',(37.29497060259,55.9928257457853,-3.29285714285715));
#1737=CARTESIAN_POINT('',(37.0473915144633,56.5069290196243,-3.26428571428572));
#1738=CARTESIAN_POINT('',(36.6012694129716,56.8626995237562,-3.23571428571429));
#1739=CARTESIAN_POINT('',(36.1551473114799,57.2184700278881,-3.20714285714286));
#1740=CARTESIAN_POINT('',(35.5988421501522,57.3454430507308,-3.17857142857143));
#1741=CARTESIAN_POINT('',(35.0425369888245,57.4724160735734,-3.15));
#1742=CARTESIAN_POINT('',(34.4862318274968,57.3454430507308,-3.12142857142857));
#1743=CARTESIAN_POINT('',(33.9299266661691,57.2184700278881,-3.09285714285715));
#1744=CARTESIAN_POINT('',(33.4838045646774,56.8626995237562,-3.06428571428572));
#1745=CARTESIAN_POINT('',(33.0376824631857,56.5069290196243,-3.03571428571429));
#1746=CARTESIAN_POINT('',(32.790103375059,55.9928257457853,-3.00714285714286));
#1747=CARTESIAN_POINT('',(32.5425242869323,55.4787224719463,-2.97857142857143));
#1748=CARTESIAN_POINT('',(32.5425242869323,54.9081108868469,-2.95));
#1749=CARTESIAN_POINT('',(32.5425242869323,54.3374993017476,-2.92142857142857));
#1750=CARTESIAN_POINT('',(32.790103375059,53.8233960279086,-2.89285714285715));
#1751=CARTESIAN_POINT('',(33.0376824631857,53.3092927540696,-2.86428571428572));
#1752=CARTESIAN_POINT('',(33.4838045646774,52.9535222499376,-2.83571428571429));
#1753=CARTESIAN_POINT('',(33.9299266661691,52.5977517458057,-2.80714285714286));
#1754=CARTESIAN_POINT('',(34.4862318274968,52.4707787229631,-2.77857142857143));
#1755=CARTESIAN_POINT('',(35.0425369888245,52.3438057001205,-2.75));
#1756=CARTESIAN_POINT('',(35.5988421501522,52.4707787229631,-2.72142857142857));
#1757=CARTESIAN_POINT('',(36.1551473114799,52.5977517458057,-2.69285714285715));
#1758=CARTESIAN_POINT('',(36.6012694129716,52.9535222499376,-2.66428571428572));
#1759=CARTESIAN_POINT('',(37.0473915144633,53.3092927540696,-2.63571428571429));
#1760=CARTESIAN_POINT('',(37.29497060259,53.8233960279086,-2.60714285714286));
#1761=CARTESIAN_POINT('',(37.5425496907167,54.3374993017476,-2.57857142857143));
#1762=CARTESIAN_POINT('',(37.5425496907167,54.9081108868469,-2.55));
#1763=CARTESIAN_POINT('',(37.5425496907167,55.4787224719463,-2.52142857142857));
#1764=CARTESIAN_POINT('',(37.29497060259,55.9928257457853,-2.49285714285715));
#1765=CARTESIAN_POINT('',(37.0473915144633,56.5069290196243,-2.46428571428572));
#1766=CARTESIAN_POINT('',(36.6012694129716,56.8626995237562,-2.43571428571429));
#1767=CARTESIAN_POINT('',(36.1551473114799,57.2184700278881,-2.40714285714286));
#1768=CARTESIAN_POINT('',(35.5988421501522,57.3454430507308,-2.37857142857143));
#1769=CARTESIAN_POINT('',(35.0425369888245,57.4724160735734,-2.35));
#1770=CARTESIAN_POINT('',(34.4862318274968,57.3454430507308,-2.32142857142857));
#1771=CARTESIAN_POINT('',(33.9299266661691,57.2184700278881,-2.29285714285714));
#1772=CARTESIAN_POINT('',(33.4838045646774,56.8626995237562,-2.26428571428572));
#1773=CARTESIAN_POINT('',(33.0376824631857,56.5069290196243,-2.23571428571429));
#1774=CARTESIAN_POINT('',(32.790103375059,55.9928257457853,-2.20714285714286));
#1775=CARTESIAN_POINT('',(32.5425242869323,55.4787224719463,-2.17857142857143));
#1776=CARTESIAN_POINT('',(32.5425242869323,54.9081108868469,-2.15));
#1777=CARTESIAN_POINT('',(32.5425242869323,54.3374993017476,-2.12142857142857));
#1778=CARTESIAN_POINT('',(32.790103375059,53.8233960279086,-2.09285714285715));
#1779=CARTESIAN_POINT('',(33.0376824631857,53.3092927540696,-2.06428571428572));
#1780=CARTESIAN_POINT('',(33.4838045646774,52.9535222499376,-2.03571428571429));
#1781=CARTESIAN_POINT('',(33.9299266661691,52.5977517458057,-2.00714285714286));
#1782=CARTESIAN_POINT('',(34.4862318274968,52.4707787229631,-1.97857142857143));
#1783=CARTESIAN_POINT('',(35.0425369888245,52.3438057001205,-1.95));
#1784=CARTESIAN_POINT('',(35.5988421501522,52.4707787229631,-1.92142857142857));
#1785=CARTESIAN_POINT('',(36.1551473114799,52.5977517458057,-1.89285714285715));
#1786=CARTESIAN_POINT('',(36.6012694129716,52.9535222499376,-1.86428571428572));
#1787=CARTESIAN_POINT('',(37.0473915144633,53.3092927540696,-1.83571428571429));
#1788=CARTESIAN_POINT('',(37.29497060259,53.8233960279086,-1.80714285714286));
#1789=CARTESIAN_POINT('',(37.5425496907167,54.3374993017476,-1.77857142857143));
#1790=CARTESIAN_POINT('',(37.5425496907167,54.9081108868469,-1.75));
#1791=CARTESIAN_POINT('',(37.5425496907167,55.4787224719463,-1.72142857142857));
#1792=CARTESIAN_POINT('',(37.29497060259,55.9928257457853,-1.69285714285714));
#1793=CARTESIAN_POINT('',(37.0473915144633,56.5069290196243,-1.66428571428572));
#1794=CARTESIAN_POINT('',(36.6012694129716,56.8626995237562,-1.63571428571429));
#1795=CARTESIAN_POINT('',(36.1551473114799,57.2184700278881,-1.60714285714286));
#1796=CARTESIAN_POINT('',(35.5988421501522,57.3454430507308,-1.57857142857143));
#1797=CARTESIAN_POINT('',(35.0425369888245,57.4724160735734,-1.55));
#1798=CARTESIAN_POINT('',(34.4862318274968,57.3454430507308,-1.52142857142857));
#1799=CARTESIAN_POINT('',(33.9299266661691,57.2184700278881,-1.49285714285714));
#1800=CARTESIAN_POINT('',(33.4838045646774,56.8626995237562,-1.46428571428572));
#1801=CARTESIAN_POINT('',(33.0376824631857,56.5069290196243,-1.43571428571429));
#1802=CARTESIAN_POINT('',(32.790103375059,55.9928257457853,-1.40714285714286));
#1803=CARTESIAN_POINT('',(32.5425242869323,55.4787224719463,-1.37857142857143));
#1804=CARTESIAN_POINT('',(32.5425242869323,54.9081108868469,-1.35));
#1805=CARTESIAN_POINT('',(32.5425242869323,54.3374993017476,-1.32142857142857));
#1806=CARTESIAN_POINT('',(32.790103375059,53.8233960279086,-1.29285714285715));
#1807=CARTESIAN_POINT('',(33.0376824631857,53.3092927540696,-1.26428571428572));
#1808=CARTESIAN_POINT('',(33.4838045646774,52.9535222499376,-1.23571428571429));
#1809=CARTESIAN_POINT('',(33.9299266661691,52.5977517458057,-1.20714285714286));
#1810=CARTESIAN_POINT('',(34.4862318274968,52.4707787229631,-1.17857142857143));
#1811=CARTESIAN_POINT('',(35.0425369888245,52.3438057001205,-1.15));
#1812=CARTESIAN_POINT('',(35.5988421501522,52.4707787229631,-1.12142857142857));
#1813=CARTESIAN_POINT('',(36.1551473114799,52.5977517458057,-1.09285714285714));
#1814=CARTESIAN_POINT('',(36.6012694129716,52.9535222499376,-1.06428571428572));
#1815=CARTESIAN_POINT('',(37.0473915144633,53.3092927540696,-1.03571428571429));
#1816=CARTESIAN_POINT('',(37.29497060259,53.8233960279086,-1.00714285714286));
#1817=CARTESIAN_POINT('',(37.5425496907167,54.3374993017476,-0.97857142857143));
#1818=CARTESIAN_POINT('',(37.5425496907167,54.9081108868469,-0.950000000000002));
#1819=CARTESIAN_POINT('',(37.5425496907167,55.4787224719463,-0.921428571428573));
#1820=CARTESIAN_POINT('',(37.29497060259,55.9928257457853,-0.892857142857145));
#1821=CARTESIAN_POINT('',(37.0473915144633,56.5069290196243,-0.864285714285716));
#1822=CARTESIAN_POINT('',(36.6012694129716,56.8626995237562,-0.835714285714288));
#1823=CARTESIAN_POINT('',(36.1551473114799,57.2184700278881,-0.807142857142859));
#1824=CARTESIAN_POINT('',(35.5988421501522,57.3454430507308,-0.778571428571431));
#1825=CARTESIAN_POINT('',(35.0425369888245,57.4724160735734,-0.750000000000002));
#1826=CARTESIAN_POINT('',(34.4862318274968,57.3454430507308,-0.721428571428573));
#1827=CARTESIAN_POINT('',(33.9299266661691,57.2184700278881,-0.692857142857144));
#1828=CARTESIAN_POINT('',(33.4838045646774,56.8626995237562,-0.664285714285716));
#1829=CARTESIAN_POINT('',(33.0376824631857,56.5069290196243,-0.635714285714287));
#1830=CARTESIAN_POINT('',(32.790103375059,55.9928257457853,-0.607142857142859));
#1831=CARTESIAN_POINT('',(32.5425242869323,55.4787224719463,-0.57857142857143));
#1832=CARTESIAN_POINT('',(32.5425242869323,54.9081108868469,-0.550000000000002));
#1833=CARTESIAN_POINT('',(32.5425242869323,54.3374993017476,-0.521428571428573));
#1834=CARTESIAN_POINT('',(32.790103375059,53.8233960279086,-0.492857142857145));
#1835=CARTESIAN_POINT('',(33.0376824631857,53.3092927540696,-0.464285714285716));
#1836=CARTESIAN_POINT('',(33.4838045646774,52.9535222499376,-0.435714285714288));
#1837=CARTESIAN_POINT('',(33.9299266661691,52.5977517458057,-0.407142857142859));
#1838=CARTESIAN_POINT('',(34.4862318274968,52.4707787229631,-0.37857142857143));
#1839=CARTESIAN_POINT('',(35.0425369888245,52.3438057001205,-0.350000000000001));
#1840=CARTESIAN_POINT('',(35.5988421501522,52.4707787229631,-0.321428571428573));
#1841=CARTESIAN_POINT('',(36.1551473114799,52.5977517458057,-0.292857142857144));
#1842=CARTESIAN_POINT('',(36.6012694129716,52.9535222499376,-0.264285714285716));
#1843=CARTESIAN_POINT('',(37.0473915144633,53.3092927540696,-0.235714285714287));
#1844=CARTESIAN_POINT('',(37.29497060259,53.8233960279086,-0.207142857142859));
#1845=CARTESIAN_POINT('',(37.5425496907167,54.3374993017476,-0.17857142857143));
#1846=CARTESIAN_POINT('',(37.5425496907167,54.9081108868469,-0.150000000000002));
#1847=CARTESIAN_POINT('',(37.5425496907167,55.4787224719463,-0.121428571428573));
#1848=CARTESIAN_POINT('',(37.29497060259,55.9928257457853,-0.0928571428571445));
#1849=CARTESIAN_POINT('',(37.0473915144633,56.5069290196243,-0.0642857142857155));
#1850=CARTESIAN_POINT('',(36.6012694129716,56.8626995237562,-0.0357142857142874));
#1851=CARTESIAN_POINT('',(36.1551473114799,57.2184700278881,-0.00714285714285834));
#1852=CARTESIAN_POINT('',(35.5988421501522,57.3454430507308,0.0214285714285698));
#1853=CARTESIAN_POINT('',(35.0425369888245,57.4724160735734,0.0499999999999988));
#1854=CARTESIAN_POINT('',(34.4862318274968,57.3454430507308,0.078571428571427));
#1855=CARTESIAN_POINT('',(33.9299266661691,57.2184700278881,0.107142857142856));
#1856=CARTESIAN_POINT('',(33.4838045646774,56.8626995237562,0.135714285714284));
#1857=CARTESIAN_POINT('',(33.0376824631857,56.5069290196243,0.164285714285713));
#1858=CARTESIAN_POINT('',(32.790103375059,55.9928257457853,0.192857142857141));
#1859=CARTESIAN_POINT('',(32.5425242869323,55.4787224719463,0.22142857142857));
#1860=CARTESIAN_POINT('',(32.5425242869323,54.9081108868469,0.249999999999999));
#1861=CARTESIAN_POINT('',(32.5425242869323,54.5971570375202,0.265569953234476));
#1862=CARTESIAN_POINT('',(32.6186992577648,54.2956779002159,0.281536059258026));
#1863=CARTESIAN_POINT('',(32.5425242869323,54.9081108868469,-5.35));
#1864=CARTESIAN_POINT('',(32.5425242869323,54.3374993017476,-5.32142857142857));
#1865=CARTESIAN_POINT('',(32.790103375059,53.8233960279086,-5.29285714285714));
#1866=CARTESIAN_POINT('',(33.0376824631857,53.3092927540696,-5.26428571428572));
#1867=CARTESIAN_POINT('',(33.4838045646774,52.9535222499376,-5.23571428571429));
#1868=CARTESIAN_POINT('',(33.9299266661691,52.5977517458057,-5.20714285714286));
#1869=CARTESIAN_POINT('',(34.4862318274968,52.4707787229631,-5.17857142857143));
#1870=CARTESIAN_POINT('',(35.0425369888245,52.3438057001205,-5.15));
#1871=CARTESIAN_POINT('',(35.5988421501522,52.4707787229631,-5.12142857142857));
#1872=CARTESIAN_POINT('',(36.1551473114799,52.5977517458057,-5.09285714285714));
#1873=CARTESIAN_POINT('',(36.6012694129716,52.9535222499376,-5.06428571428572));
#1874=CARTESIAN_POINT('',(37.0473915144633,53.3092927540696,-5.03571428571429));
#1875=CARTESIAN_POINT('',(37.29497060259,53.8233960279086,-5.00714285714286));
#1876=CARTESIAN_POINT('',(37.5425496907167,54.3374993017476,-4.97857142857143));
#1877=CARTESIAN_POINT('',(37.5425496907167,54.9081108868469,-4.95));
#1878=CARTESIAN_POINT('',(37.5425496907167,55.4787224719463,-4.92142857142857));
#1879=CARTESIAN_POINT('',(37.29497060259,55.9928257457853,-4.89285714285714));
#1880=CARTESIAN_POINT('',(37.0473915144633,56.5069290196243,-4.86428571428572));
#1881=CARTESIAN_POINT('',(36.6012694129716,56.8626995237562,-4.83571428571429));
#1882=CARTESIAN_POINT('',(36.1551473114799,57.2184700278881,-4.80714285714286));
#1883=CARTESIAN_POINT('',(35.5988421501522,57.3454430507308,-4.77857142857143));
#1884=CARTESIAN_POINT('',(35.0425369888245,57.4724160735734,-4.75));
#1885=CARTESIAN_POINT('',(34.4862318274968,57.3454430507308,-4.72142857142857));
#1886=CARTESIAN_POINT('',(33.9299266661691,57.2184700278881,-4.69285714285714));
#1887=CARTESIAN_POINT('',(33.4838045646774,56.8626995237562,-4.66428571428572));
#1888=CARTESIAN_POINT('',(33.0376824631857,56.5069290196243,-4.63571428571429));
#1889=CARTESIAN_POINT('',(32.790103375059,55.9928257457853,-4.60714285714286));
#1890=CARTESIAN_POINT('',(32.5425242869323,55.4787224719463,-4.57857142857143));
#1891=CARTESIAN_POINT('',(32.5425242869323,54.9081108868469,-4.55));
#1892=CARTESIAN_POINT('',(32.5425242869323,54.3374993017476,-4.52142857142857));
#1893=CARTESIAN_POINT('',(32.790103375059,53.8233960279086,-4.49285714285714));
#1894=CARTESIAN_POINT('',(33.0376824631857,53.3092927540696,-4.46428571428572));
#1895=CARTESIAN_POINT('',(33.4838045646774,52.9535222499376,-4.43571428571429));
#1896=CARTESIAN_POINT('',(33.9299266661691,52.5977517458057,-4.40714285714286));
#1897=CARTESIAN_POINT('',(34.4862318274968,52.4707787229631,-4.37857142857143));
#1898=CARTESIAN_POINT('',(35.0425369888245,52.3438057001205,-4.35));
#1899=CARTESIAN_POINT('',(35.5988421501522,52.4707787229631,-4.32142857142857));
#1900=CARTESIAN_POINT('',(36.1551473114799,52.5977517458057,-4.29285714285714));
#1901=CARTESIAN_POINT('',(36.6012694129716,52.9535222499376,-4.26428571428572));
#1902=CARTESIAN_POINT('',(37.0473915144633,53.3092927540696,-4.23571428571429));
#1903=CARTESIAN_POINT('',(37.29497060259,53.8233960279086,-4.20714285714286));
#1904=CARTESIAN_POINT('',(37.5425496907167,54.3374993017476,-4.17857142857143));
#1905=CARTESIAN_POINT('',(37.5425496907167,54.9081108868469,-4.15));
#1906=CARTESIAN_POINT('',(37.5425496907167,55.4787224719463,-4.12142857142857));
#1907=CARTESIAN_POINT('',(37.29497060259,55.9928257457853,-4.09285714285714));
#1908=CARTESIAN_POINT('',(37.0473915144633,56.5069290196243,-4.06428571428572));
#1909=CARTESIAN_POINT('',(36.6012694129716,56.8626995237562,-4.03571428571429));
#1910=CARTESIAN_POINT('',(36.1551473114799,57.2184700278881,-4.00714285714286));
#1911=CARTESIAN_POINT('',(35.5988421501522,57.3454430507308,-3.97857142857143));
#1912=CARTESIAN_POINT('',(35.0425369888245,57.4724160735734,-3.95));
#1913=CARTESIAN_POINT('',(34.4862318274968,57.3454430507308,-3.92142857142857));
#1914=CARTESIAN_POINT('',(33.9299266661691,57.2184700278882,-3.89285714285714));
#1915=CARTESIAN_POINT('',(33.4838045646774,56.8626995237562,-3.86428571428572));
#1916=CARTESIAN_POINT('',(33.0376824631857,56.5069290196243,-3.83571428571429));
#1917=CARTESIAN_POINT('',(32.790103375059,55.9928257457853,-3.80714285714286));
#1918=CARTESIAN_POINT('',(32.5425242869323,55.4787224719463,-3.77857142857143));
#1919=CARTESIAN_POINT('',(32.5425242869323,54.9081108868469,-3.75));
#1920=CARTESIAN_POINT('',(32.5425242869323,54.3374993017476,-3.72142857142857));
#1921=CARTESIAN_POINT('',(32.790103375059,53.8233960279086,-3.69285714285714));
#1922=CARTESIAN_POINT('',(33.0376824631857,53.3092927540696,-3.66428571428572));
#1923=CARTESIAN_POINT('',(33.4838045646774,52.9535222499376,-3.63571428571429));
#1924=CARTESIAN_POINT('',(33.9299266661691,52.5977517458057,-3.60714285714286));
#1925=CARTESIAN_POINT('',(34.4862318274968,52.4707787229631,-3.57857142857143));
#1926=CARTESIAN_POINT('',(35.0425369888245,52.3438057001205,-3.55));
#1927=CARTESIAN_POINT('',(35.5988421501522,52.4707787229631,-3.52142857142857));
#1928=CARTESIAN_POINT('',(36.1551473114799,52.5977517458057,-3.49285714285714));
#1929=CARTESIAN_POINT('',(36.6012694129716,52.9535222499376,-3.46428571428571));
#1930=CARTESIAN_POINT('',(37.0473915144633,53.3092927540696,-3.43571428571429));
#1931=CARTESIAN_POINT('',(37.29497060259,53.8233960279086,-3.40714285714286));
#1932=CARTESIAN_POINT('',(37.5425496907167,54.3374993017476,-3.37857142857143));
#1933=CARTESIAN_POINT('',(37.5425496907167,54.9081108868469,-3.35));
#1934=CARTESIAN_POINT('',(37.5425496907167,55.4787224719463,-3.32142857142857));
#1935=CARTESIAN_POINT('',(37.29497060259,55.9928257457853,-3.29285714285714));
#1936=CARTESIAN_POINT('',(37.0473915144633,56.5069290196243,-3.26428571428572));
#1937=CARTESIAN_POINT('',(36.6012694129716,56.8626995237562,-3.23571428571429));
#1938=CARTESIAN_POINT('',(36.1551473114799,57.2184700278882,-3.20714285714286));
#1939=CARTESIAN_POINT('',(35.5988421501522,57.3454430507308,-3.17857142857143));
#1940=CARTESIAN_POINT('',(35.0425369888245,57.4724160735734,-3.15));
#1941=CARTESIAN_POINT('',(34.4862318274968,57.3454430507308,-3.12142857142857));
#1942=CARTESIAN_POINT('',(33.9299266661691,57.2184700278881,-3.09285714285714));
#1943=CARTESIAN_POINT('',(33.4838045646774,56.8626995237562,-3.06428571428571));
#1944=CARTESIAN_POINT('',(33.0376824631857,56.5069290196243,-3.03571428571429));
#1945=CARTESIAN_POINT('',(32.790103375059,55.9928257457853,-3.00714285714286));
#1946=CARTESIAN_POINT('',(32.5425242869323,55.4787224719463,-2.97857142857143));
#1947=CARTESIAN_POINT('',(32.5425242869323,54.9081108868469,-2.95));
#1948=CARTESIAN_POINT('',(32.5425242869323,54.3374993017476,-2.92142857142857));
#1949=CARTESIAN_POINT('',(32.790103375059,53.8233960279086,-2.89285714285714));
#1950=CARTESIAN_POINT('',(33.0376824631857,53.3092927540696,-2.86428571428572));
#1951=CARTESIAN_POINT('',(33.4838045646774,52.9535222499376,-2.83571428571429));
#1952=CARTESIAN_POINT('',(33.9299266661691,52.5977517458057,-2.80714285714286));
#1953=CARTESIAN_POINT('',(34.4862318274968,52.4707787229631,-2.77857142857143));
#1954=CARTESIAN_POINT('',(35.0425369888245,52.3438057001205,-2.75));
#1955=CARTESIAN_POINT('',(35.5988421501522,52.4707787229631,-2.72142857142857));
#1956=CARTESIAN_POINT('',(36.1551473114799,52.5977517458057,-2.69285714285714));
#1957=CARTESIAN_POINT('',(36.6012694129716,52.9535222499376,-2.66428571428572));
#1958=CARTESIAN_POINT('',(37.0473915144633,53.3092927540696,-2.63571428571429));
#1959=CARTESIAN_POINT('',(37.29497060259,53.8233960279086,-2.60714285714286));
#1960=CARTESIAN_POINT('',(37.5425496907167,54.3374993017475,-2.57857142857143));
#1961=CARTESIAN_POINT('',(37.5425496907167,54.9081108868469,-2.55));
#1962=CARTESIAN_POINT('',(37.5425496907167,55.4787224719463,-2.52142857142857));
#1963=CARTESIAN_POINT('',(37.29497060259,55.9928257457853,-2.49285714285714));
#1964=CARTESIAN_POINT('',(37.0473915144633,56.5069290196243,-2.46428571428571));
#1965=CARTESIAN_POINT('',(36.6012694129716,56.8626995237562,-2.43571428571429));
#1966=CARTESIAN_POINT('',(36.1551473114799,57.2184700278882,-2.40714285714286));
#1967=CARTESIAN_POINT('',(35.5988421501522,57.3454430507308,-2.37857142857143));
#1968=CARTESIAN_POINT('',(35.0425369888245,57.4724160735734,-2.35));
#1969=CARTESIAN_POINT('',(34.4862318274968,57.3454430507308,-2.32142857142857));
#1970=CARTESIAN_POINT('',(33.9299266661691,57.2184700278881,-2.29285714285714));
#1971=CARTESIAN_POINT('',(33.4838045646774,56.8626995237562,-2.26428571428571));
#1972=CARTESIAN_POINT('',(33.0376824631857,56.5069290196243,-2.23571428571429));
#1973=CARTESIAN_POINT('',(32.790103375059,55.9928257457853,-2.20714285714286));
#1974=CARTESIAN_POINT('',(32.5425242869323,55.4787224719463,-2.17857142857143));
#1975=CARTESIAN_POINT('',(32.5425242869323,54.9081108868469,-2.15));
#1976=CARTESIAN_POINT('',(32.5425242869323,54.3374993017476,-2.12142857142857));
#1977=CARTESIAN_POINT('',(32.790103375059,53.8233960279086,-2.09285714285714));
#1978=CARTESIAN_POINT('',(33.0376824631857,53.3092927540696,-2.06428571428571));
#1979=CARTESIAN_POINT('',(33.4838045646774,52.9535222499376,-2.03571428571429));
#1980=CARTESIAN_POINT('',(33.9299266661691,52.5977517458057,-2.00714285714286));
#1981=CARTESIAN_POINT('',(34.4862318274968,52.4707787229631,-1.97857142857143));
#1982=CARTESIAN_POINT('',(35.0425369888245,52.3438057001205,-1.95));
#1983=CARTESIAN_POINT('',(35.5988421501522,52.4707787229631,-1.92142857142857));
#1984=CARTESIAN_POINT('',(36.1551473114799,52.5977517458057,-1.89285714285714));
#1985=CARTESIAN_POINT('',(36.6012694129716,52.9535222499376,-1.86428571428571));
#1986=CARTESIAN_POINT('',(37.0473915144633,53.3092927540696,-1.83571428571429));
#1987=CARTESIAN_POINT('',(37.29497060259,53.8233960279086,-1.80714285714286));
#1988=CARTESIAN_POINT('',(37.5425496907167,54.3374993017475,-1.77857142857143));
#1989=CARTESIAN_POINT('',(37.5425496907167,54.9081108868469,-1.75));
#1990=CARTESIAN_POINT('',(37.5425496907167,55.4787224719463,-1.72142857142857));
#1991=CARTESIAN_POINT('',(37.29497060259,55.9928257457853,-1.69285714285714));
#1992=CARTESIAN_POINT('',(37.0473915144633,56.5069290196243,-1.66428571428571));
#1993=CARTESIAN_POINT('',(36.6012694129716,56.8626995237562,-1.63571428571429));
#1994=CARTESIAN_POINT('',(36.1551473114799,57.2184700278882,-1.60714285714286));
#1995=CARTESIAN_POINT('',(35.5988421501522,57.3454430507308,-1.57857142857143));
#1996=CARTESIAN_POINT('',(35.0425369888245,57.4724160735734,-1.55));
#1997=CARTESIAN_POINT('',(34.4862318274968,57.3454430507308,-1.52142857142857));
#1998=CARTESIAN_POINT('',(33.9299266661691,57.2184700278881,-1.49285714285714));
#1999=CARTESIAN_POINT('',(33.4838045646774,56.8626995237562,-1.46428571428571));
#2000=CARTESIAN_POINT('',(33.0376824631857,56.5069290196243,-1.43571428571429));
#2001=CARTESIAN_POINT('',(32.790103375059,55.9928257457853,-1.40714285714286));
#2002=CARTESIAN_POINT('',(32.5425242869323,55.4787224719463,-1.37857142857143));
#2003=CARTESIAN_POINT('',(32.5425242869323,54.9081108868469,-1.35));
#2004=CARTESIAN_POINT('',(32.5425242869323,54.3374993017476,-1.32142857142857));
#2005=CARTESIAN_POINT('',(32.790103375059,53.8233960279086,-1.29285714285714));
#2006=CARTESIAN_POINT('',(33.0376824631857,53.3092927540696,-1.26428571428571));
#2007=CARTESIAN_POINT('',(33.4838045646774,52.9535222499376,-1.23571428571429));
#2008=CARTESIAN_POINT('',(33.9299266661691,52.5977517458057,-1.20714285714286));
#2009=CARTESIAN_POINT('',(34.4862318274968,52.4707787229631,-1.17857142857143));
#2010=CARTESIAN_POINT('',(35.0425369888245,52.3438057001205,-1.15));
#2011=CARTESIAN_POINT('',(35.5988421501522,52.4707787229631,-1.12142857142857));
#2012=CARTESIAN_POINT('',(36.1551473114799,52.5977517458057,-1.09285714285714));
#2013=CARTESIAN_POINT('',(36.6012694129716,52.9535222499376,-1.06428571428571));
#2014=CARTESIAN_POINT('',(37.0473915144633,53.3092927540696,-1.03571428571429));
#2015=CARTESIAN_POINT('',(37.29497060259,53.8233960279086,-1.00714285714286));
#2016=CARTESIAN_POINT('',(37.5425496907167,54.3374993017475,-0.978571428571428));
#2017=CARTESIAN_POINT('',(37.5425496907167,54.9081108868469,-0.95));
#2018=CARTESIAN_POINT('',(37.5425496907167,55.4787224719463,-0.921428571428571));
#2019=CARTESIAN_POINT('',(37.29497060259,55.9928257457853,-0.892857142857143));
#2020=CARTESIAN_POINT('',(37.0473915144633,56.5069290196243,-0.864285714285714));
#2021=CARTESIAN_POINT('',(36.6012694129716,56.8626995237562,-0.835714285714286));
#2022=CARTESIAN_POINT('',(36.1551473114799,57.2184700278881,-0.807142857142857));
#2023=CARTESIAN_POINT('',(35.5988421501522,57.3454430507308,-0.778571428571429));
#2024=CARTESIAN_POINT('',(35.0425369888245,57.4724160735734,-0.75));
#2025=CARTESIAN_POINT('',(34.4862318274968,57.3454430507308,-0.721428571428572));
#2026=CARTESIAN_POINT('',(33.9299266661691,57.2184700278881,-0.692857142857143));
#2027=CARTESIAN_POINT('',(33.4838045646774,56.8626995237562,-0.664285714285714));
#2028=CARTESIAN_POINT('',(33.0376824631857,56.5069290196243,-0.635714285714285));
#2029=CARTESIAN_POINT('',(32.790103375059,55.9928257457853,-0.607142857142857));
#2030=CARTESIAN_POINT('',(32.5425242869323,55.4787224719463,-0.578571428571428));
#2031=CARTESIAN_POINT('',(32.5425242869323,54.9081108868469,-0.55));
#2032=CARTESIAN_POINT('',(32.5425242869323,54.3374993017476,-0.521428571428571));
#2033=CARTESIAN_POINT('',(32.790103375059,53.8233960279086,-0.492857142857143));
#2034=CARTESIAN_POINT('',(33.0376824631857,53.3092927540696,-0.464285714285714));
#2035=CARTESIAN_POINT('',(33.4838045646774,52.9535222499376,-0.435714285714286));
#2036=CARTESIAN_POINT('',(33.9299266661691,52.5977517458057,-0.407142857142857));
#2037=CARTESIAN_POINT('',(34.4862318274968,52.4707787229631,-0.378571428571429));
#2038=CARTESIAN_POINT('',(35.0425369888245,52.3438057001205,-0.35));
#2039=CARTESIAN_POINT('',(35.5988421501522,52.4707787229631,-0.321428571428571));
#2040=CARTESIAN_POINT('',(36.1551473114799,52.5977517458057,-0.292857142857142));
#2041=CARTESIAN_POINT('',(36.6012694129716,52.9535222499376,-0.264285714285714));
#2042=CARTESIAN_POINT('',(37.0473915144633,53.3092927540696,-0.235714285714285));
#2043=CARTESIAN_POINT('',(37.29497060259,53.8233960279086,-0.207142857142857));
#2044=CARTESIAN_POINT('',(37.5425496907167,54.3374993017475,-0.178571428571428));
#2045=CARTESIAN_POINT('',(37.5425496907167,54.9081108868469,-0.15));
#2046=CARTESIAN_POINT('',(37.5425496907167,55.4787224719463,-0.121428571428571));
#2047=CARTESIAN_POINT('',(37.29497060259,55.9928257457853,-0.0928571428571428));
#2048=CARTESIAN_POINT('',(37.0473915144633,56.5069290196243,-0.0642857142857138));
#2049=CARTESIAN_POINT('',(36.6012694129716,56.8626995237562,-0.0357142857142856));
#2050=CARTESIAN_POINT('',(36.1551473114799,57.2184700278881,-0.0071428571428566));
#2051=CARTESIAN_POINT('',(35.5988421501522,57.3454430507308,0.0214285714285715));
#2052=CARTESIAN_POINT('',(35.0425369888245,57.4724160735734,0.0500000000000006));
#2053=CARTESIAN_POINT('',(34.4862318274968,57.3454430507308,0.0785714285714287));
#2054=CARTESIAN_POINT('',(33.9299266661691,57.2184700278881,0.107142857142858));
#2055=CARTESIAN_POINT('',(33.4838045646774,56.8626995237562,0.135714285714286));
#2056=CARTESIAN_POINT('',(33.0376824631857,56.5069290196243,0.164285714285715));
#2057=CARTESIAN_POINT('',(32.790103375059,55.9928257457853,0.192857142857143));
#2058=CARTESIAN_POINT('',(32.5425242869323,55.4787224719463,0.221428571428572));
#2059=CARTESIAN_POINT('',(32.5425242869323,54.9081108868469,0.25));
#2060=CARTESIAN_POINT('',(32.5425242869323,54.3374993017476,0.278571428571429));
#2061=CARTESIAN_POINT('',(32.790103375059,53.8233960279086,0.307142857142857));
#2062=CARTESIAN_POINT('',(33.0376824631857,53.3092927540696,0.335714285714286));
#2063=CARTESIAN_POINT('',(33.4838045646774,52.9535222499376,0.364285714285715));
#2064=CARTESIAN_POINT('',(33.9299266661691,52.5977517458057,0.392857142857144));
#2065=CARTESIAN_POINT('',(34.4862318274968,52.4707787229631,0.421428571428572));
#2066=CARTESIAN_POINT('',(35.0425369888245,52.3438057001205,0.450000000000001));
#2067=CARTESIAN_POINT('',(35.5988421501522,52.4707787229631,0.478571428571429));
#2068=CARTESIAN_POINT('',(36.1551473114799,52.5977517458057,0.507142857142858));
#2069=CARTESIAN_POINT('',(36.6012694129716,52.9535222499376,0.535714285714286));
#2070=CARTESIAN_POINT('',(37.0473915144633,53.3092927540696,0.564285714285715));
#2071=CARTESIAN_POINT('',(37.29497060259,53.8233960279086,0.592857142857143));
#2072=CARTESIAN_POINT('',(37.5425496907167,54.3374993017475,0.621428571428572));
#2073=CARTESIAN_POINT('',(37.5425496907167,54.9081108868469,0.65));
#2074=CARTESIAN_POINT('',(37.5425496907167,55.4787224719463,0.678571428571429));
#2075=CARTESIAN_POINT('',(37.29497060259,55.9928257457853,0.707142857142858));
#2076=CARTESIAN_POINT('',(37.0473915144633,56.5069290196243,0.735714285714287));
#2077=CARTESIAN_POINT('',(36.6012694129716,56.8626995237562,0.764285714285715));
#2078=CARTESIAN_POINT('',(36.1551473114799,57.2184700278881,0.792857142857144));
#2079=CARTESIAN_POINT('',(35.5988421501522,57.3454430507308,0.821428571428572));
#2080=CARTESIAN_POINT('',(35.0425369888245,57.4724160735734,0.850000000000001));
#2081=CARTESIAN_POINT('',(34.4862318274968,57.3454430507308,0.878571428571429));
#2082=CARTESIAN_POINT('',(33.9299266661691,57.2184700278881,0.907142857142858));
#2083=CARTESIAN_POINT('',(33.4838045646774,56.8626995237562,0.935714285714286));
#2084=CARTESIAN_POINT('',(33.0376824631857,56.5069290196243,0.964285714285715));
#2085=CARTESIAN_POINT('',(32.790103375059,55.9928257457853,0.992857142857143));
#2086=CARTESIAN_POINT('',(32.5425242869323,55.4787224719463,1.02142857142857));
#2087=CARTESIAN_POINT('',(32.5425242869323,54.9081108868469,1.05));
#2088=CARTESIAN_POINT('',(32.5425242869323,54.3374993017476,1.07857142857143));
#2089=CARTESIAN_POINT('',(32.790103375059,53.8233960279086,1.10714285714286));
#2090=CARTESIAN_POINT('',(33.0376824631857,53.3092927540696,1.13571428571429));
#2091=CARTESIAN_POINT('',(33.4838045646774,52.9535222499376,1.16428571428572));
#2092=CARTESIAN_POINT('',(33.9299266661691,52.5977517458057,1.19285714285714));
#2093=CARTESIAN_POINT('',(34.4862318274968,52.4707787229631,1.22142857142857));
#2094=CARTESIAN_POINT('',(35.0425369888245,52.3438057001205,1.25));
#2095=CARTESIAN_POINT('',(35.5988421501522,52.4707787229631,1.27857142857143));
#2096=CARTESIAN_POINT('',(36.1551473114799,52.5977517458057,1.30714285714286));
#2097=CARTESIAN_POINT('',(36.6012694129716,52.9535222499376,1.33571428571429));
#2098=CARTESIAN_POINT('',(37.0473915144633,53.3092927540696,1.36428571428572));
#2099=CARTESIAN_POINT('',(37.29497060259,53.8233960279086,1.39285714285714));
#2100=CARTESIAN_POINT('',(37.5425496907167,54.3374993017475,1.42142857142857));
#2101=CARTESIAN_POINT('',(37.5425496907167,54.9081108868469,1.45));
#2102=CARTESIAN_POINT('',(37.5425496907167,55.4787224719463,1.47857142857143));
#2103=CARTESIAN_POINT('',(37.29497060259,55.9928257457853,1.50714285714286));
#2104=CARTESIAN_POINT('',(37.0473915144633,56.5069290196243,1.53571428571429));
#2105=CARTESIAN_POINT('',(36.6012694129716,56.8626995237562,1.56428571428572));
#2106=CARTESIAN_POINT('',(36.1551473114799,57.2184700278881,1.59285714285714));
#2107=CARTESIAN_POINT('',(35.5988421501522,57.3454430507308,1.62142857142857));
#2108=CARTESIAN_POINT('',(35.0425369888245,57.4724160735734,1.65));
#2109=CARTESIAN_POINT('',(34.4862318274968,57.3454430507308,1.67857142857143));
#2110=CARTESIAN_POINT('',(33.9299266661691,57.2184700278881,1.70714285714286));
#2111=CARTESIAN_POINT('',(33.4838045646774,56.8626995237562,1.73571428571429));
#2112=CARTESIAN_POINT('',(33.0376824631857,56.5069290196243,1.76428571428572));
#2113=CARTESIAN_POINT('',(32.790103375059,55.9928257457853,1.79285714285714));
#2114=CARTESIAN_POINT('',(32.5425242869323,55.4787224719463,1.82142857142857));
#2115=CARTESIAN_POINT('',(32.5425242869323,54.9081108868469,1.85));
#2116=CARTESIAN_POINT('',(32.5425242869323,54.3374993017476,1.87857142857143));
#2117=CARTESIAN_POINT('',(32.790103375059,53.8233960279086,1.90714285714286));
#2118=CARTESIAN_POINT('',(33.0376824631857,53.3092927540696,1.93571428571429));
#2119=CARTESIAN_POINT('',(33.4838045646774,52.9535222499376,1.96428571428572));
#2120=CARTESIAN_POINT('',(33.9299266661691,52.5977517458057,1.99285714285714));
#2121=CARTESIAN_POINT('',(34.4862318274968,52.4707787229631,2.02142857142857));
#2122=CARTESIAN_POINT('',(35.0425369888245,52.3438057001205,2.05));
#2123=CARTESIAN_POINT('',(35.5988421501522,52.4707787229631,2.07857142857143));
#2124=CARTESIAN_POINT('',(36.1551473114799,52.5977517458057,2.10714285714286));
#2125=CARTESIAN_POINT('',(36.6012694129716,52.9535222499376,2.13571428571429));
#2126=CARTESIAN_POINT('',(37.0473915144633,53.3092927540696,2.16428571428572));
#2127=CARTESIAN_POINT('',(37.29497060259,53.8233960279086,2.19285714285714));
#2128=CARTESIAN_POINT('',(37.5425496907167,54.3374993017475,2.22142857142857));
#2129=CARTESIAN_POINT('',(37.5425496907167,54.9081108868469,2.25));
#2130=CARTESIAN_POINT('',(37.5425496907167,55.4787224719463,2.27857142857143));
#2131=CARTESIAN_POINT('',(37.29497060259,55.9928257457853,2.30714285714286));
#2132=CARTESIAN_POINT('',(37.0473915144633,56.5069290196243,2.33571428571429));
#2133=CARTESIAN_POINT('',(36.6012694129716,56.8626995237562,2.36428571428572));
#2134=CARTESIAN_POINT('',(36.1551473114799,57.2184700278881,2.39285714285714));
#2135=CARTESIAN_POINT('',(35.5988421501522,57.3454430507308,2.42142857142857));
#2136=CARTESIAN_POINT('',(35.0425369888245,57.4724160735734,2.45));
#2137=CARTESIAN_POINT('',(34.4862318274968,57.3454430507308,2.47857142857143));
#2138=CARTESIAN_POINT('',(33.9299266661691,57.2184700278882,2.50714285714286));
#2139=CARTESIAN_POINT('',(33.4838045646774,56.8626995237562,2.53571428571429));
#2140=CARTESIAN_POINT('',(33.0376824631857,56.5069290196243,2.56428571428572));
#2141=CARTESIAN_POINT('',(32.790103375059,55.9928257457853,2.59285714285714));
#2142=CARTESIAN_POINT('',(32.5425242869323,55.4787224719463,2.62142857142857));
#2143=CARTESIAN_POINT('',(32.5425242869323,54.9081108868469,2.65));
#2144=CARTESIAN_POINT('',(32.5425242869323,54.3374993017476,2.67857142857143));
#2145=CARTESIAN_POINT('',(32.790103375059,53.8233960279086,2.70714285714286));
#2146=CARTESIAN_POINT('',(33.0376824631857,53.3092927540696,2.73571428571429));
#2147=CARTESIAN_POINT('',(33.4838045646774,52.9535222499376,2.76428571428571));
#2148=CARTESIAN_POINT('',(33.9299266661691,52.5977517458057,2.79285714285714));
#2149=CARTESIAN_POINT('',(34.4862318274968,52.4707787229631,2.82142857142857));
#2150=CARTESIAN_POINT('',(35.0425369888245,52.3438057001205,2.85));
#2151=CARTESIAN_POINT('',(35.5988421501522,52.4707787229631,2.87857142857143));
#2152=CARTESIAN_POINT('',(36.1551473114799,52.5977517458057,2.90714285714286));
#2153=CARTESIAN_POINT('',(36.6012694129716,52.9535222499376,2.93571428571429));
#2154=CARTESIAN_POINT('',(37.0473915144633,53.3092927540696,2.96428571428572));
#2155=CARTESIAN_POINT('',(37.29497060259,53.8233960279085,2.99285714285714));
#2156=CARTESIAN_POINT('',(37.5425496907167,54.3374993017475,3.02142857142857));
#2157=CARTESIAN_POINT('',(37.5425496907167,54.9081108868469,3.05));
#2158=CARTESIAN_POINT('',(37.5425496907167,55.4787224719463,3.07857142857143));
#2159=CARTESIAN_POINT('',(37.29497060259,55.9928257457853,3.10714285714286));
#2160=CARTESIAN_POINT('',(37.0473915144633,56.5069290196243,3.13571428571429));
#2161=CARTESIAN_POINT('',(36.6012694129716,56.8626995237562,3.16428571428572));
#2162=CARTESIAN_POINT('',(36.1551473114799,57.2184700278881,3.19285714285714));
#2163=CARTESIAN_POINT('',(35.5988421501522,57.3454430507308,3.22142857142857));
#2164=CARTESIAN_POINT('',(35.0425369888245,57.4724160735734,3.25));
#2165=CARTESIAN_POINT('',(34.4862318274968,57.3454430507308,3.27857142857143));
#2166=CARTESIAN_POINT('',(33.9299266661691,57.2184700278882,3.30714285714286));
#2167=CARTESIAN_POINT('',(33.4838045646774,56.8626995237562,3.33571428571429));
#2168=CARTESIAN_POINT('',(33.0376824631857,56.5069290196243,3.36428571428572));
#2169=CARTESIAN_POINT('',(32.790103375059,55.9928257457853,3.39285714285714));
#2170=CARTESIAN_POINT('',(32.5425242869323,55.4787224719463,3.42142857142857));
#2171=CARTESIAN_POINT('',(32.5425242869323,54.908110886847,3.45));
#2172=CARTESIAN_POINT('',(35.0425369888245,54.9081108868469,-6.6));
#2173=CARTESIAN_POINT('',(32.5425242869323,54.9081108868469,-5.25));
#2174=CARTESIAN_POINT('',(32.5425242869323,54.3374993017476,-5.22142857142857));
#2175=CARTESIAN_POINT('',(32.790103375059,53.8233960279086,-5.19285714285714));
#2176=CARTESIAN_POINT('',(33.0376824631857,53.3092927540696,-5.16428571428572));
#2177=CARTESIAN_POINT('',(33.4838045646774,52.9535222499376,-5.13571428571429));
#2178=CARTESIAN_POINT('',(33.9299266661691,52.5977517458057,-5.10714285714286));
#2179=CARTESIAN_POINT('',(34.4862318274968,52.4707787229631,-5.07857142857143));
#2180=CARTESIAN_POINT('',(35.0425369888245,52.3438057001205,-5.05));
#2181=CARTESIAN_POINT('',(35.5988421501522,52.4707787229631,-5.02142857142857));
#2182=CARTESIAN_POINT('',(36.1551473114799,52.5977517458057,-4.99285714285714));
#2183=CARTESIAN_POINT('',(36.6012694129716,52.9535222499376,-4.96428571428572));
#2184=CARTESIAN_POINT('',(37.0473915144633,53.3092927540696,-4.93571428571429));
#2185=CARTESIAN_POINT('',(37.29497060259,53.8233960279086,-4.90714285714286));
#2186=CARTESIAN_POINT('',(37.5425496907167,54.3374993017476,-4.87857142857143));
#2187=CARTESIAN_POINT('',(37.5425496907167,54.9081108868469,-4.85));
#2188=CARTESIAN_POINT('',(37.5425496907167,55.4787224719463,-4.82142857142857));
#2189=CARTESIAN_POINT('',(37.29497060259,55.9928257457853,-4.79285714285714));
#2190=CARTESIAN_POINT('',(37.0473915144633,56.5069290196243,-4.76428571428572));
#2191=CARTESIAN_POINT('',(36.6012694129716,56.8626995237562,-4.73571428571429));
#2192=CARTESIAN_POINT('',(36.1551473114799,57.2184700278881,-4.70714285714286));
#2193=CARTESIAN_POINT('',(35.5988421501522,57.3454430507308,-4.67857142857143));
#2194=CARTESIAN_POINT('',(35.0425369888245,57.4724160735734,-4.65));
#2195=CARTESIAN_POINT('',(34.4862318274968,57.3454430507308,-4.62142857142857));
#2196=CARTESIAN_POINT('',(33.9299266661691,57.2184700278881,-4.59285714285714));
#2197=CARTESIAN_POINT('',(33.4838045646774,56.8626995237562,-4.56428571428571));
#2198=CARTESIAN_POINT('',(33.0376824631857,56.5069290196243,-4.53571428571429));
#2199=CARTESIAN_POINT('',(32.790103375059,55.9928257457853,-4.50714285714286));
#2200=CARTESIAN_POINT('',(32.5425242869323,55.4787224719463,-4.47857142857143));
#2201=CARTESIAN_POINT('',(32.5425242869323,54.9081108868469,-4.45));
#2202=CARTESIAN_POINT('',(32.5425242869323,54.3374993017476,-4.42142857142857));
#2203=CARTESIAN_POINT('',(32.790103375059,53.8233960279086,-4.39285714285714));
#2204=CARTESIAN_POINT('',(33.0376824631857,53.3092927540696,-4.36428571428572));
#2205=CARTESIAN_POINT('',(33.4838045646774,52.9535222499376,-4.33571428571429));
#2206=CARTESIAN_POINT('',(33.9299266661691,52.5977517458057,-4.30714285714286));
#2207=CARTESIAN_POINT('',(34.4862318274968,52.4707787229631,-4.27857142857143));
#2208=CARTESIAN_POINT('',(35.0425369888245,52.3438057001205,-4.25));
#2209=CARTESIAN_POINT('',(35.5988421501522,52.4707787229631,-4.22142857142857));
#2210=CARTESIAN_POINT('',(36.1551473114799,52.5977517458057,-4.19285714285714));
#2211=CARTESIAN_POINT('',(36.6012694129716,52.9535222499376,-4.16428571428571));
#2212=CARTESIAN_POINT('',(37.0473915144633,53.3092927540696,-4.13571428571429));
#2213=CARTESIAN_POINT('',(37.29497060259,53.8233960279086,-4.10714285714286));
#2214=CARTESIAN_POINT('',(37.5425496907167,54.3374993017476,-4.07857142857143));
#2215=CARTESIAN_POINT('',(37.5425496907167,54.9081108868469,-4.05));
#2216=CARTESIAN_POINT('',(37.5425496907167,55.4787224719463,-4.02142857142857));
#2217=CARTESIAN_POINT('',(37.29497060259,55.9928257457853,-3.99285714285714));
#2218=CARTESIAN_POINT('',(37.0473915144633,56.5069290196243,-3.96428571428572));
#2219=CARTESIAN_POINT('',(36.6012694129716,56.8626995237562,-3.93571428571429));
#2220=CARTESIAN_POINT('',(36.1551473114799,57.2184700278881,-3.90714285714286));
#2221=CARTESIAN_POINT('',(35.5988421501522,57.3454430507308,-3.87857142857143));
#2222=CARTESIAN_POINT('',(35.0425369888245,57.4724160735734,-3.85));
#2223=CARTESIAN_POINT('',(34.4862318274968,57.3454430507308,-3.82142857142857));
#2224=CARTESIAN_POINT('',(33.9299266661691,57.2184700278882,-3.79285714285714));
#2225=CARTESIAN_POINT('',(33.4838045646774,56.8626995237562,-3.76428571428571));
#2226=CARTESIAN_POINT('',(33.0376824631857,56.5069290196243,-3.73571428571429));
#2227=CARTESIAN_POINT('',(32.790103375059,55.9928257457853,-3.70714285714286));
#2228=CARTESIAN_POINT('',(32.5425242869323,55.4787224719463,-3.67857142857143));
#2229=CARTESIAN_POINT('',(32.5425242869323,54.9081108868469,-3.65));
#2230=CARTESIAN_POINT('',(32.5425242869323,54.3374993017476,-3.62142857142857));
#2231=CARTESIAN_POINT('',(32.790103375059,53.8233960279086,-3.59285714285714));
#2232=CARTESIAN_POINT('',(33.0376824631857,53.3092927540696,-3.56428571428571));
#2233=CARTESIAN_POINT('',(33.4838045646774,52.9535222499376,-3.53571428571429));
#2234=CARTESIAN_POINT('',(33.9299266661691,52.5977517458057,-3.50714285714286));
#2235=CARTESIAN_POINT('',(34.4862318274968,52.4707787229631,-3.47857142857143));
#2236=CARTESIAN_POINT('',(35.0425369888245,52.3438057001205,-3.45));
#2237=CARTESIAN_POINT('',(35.5988421501522,52.4707787229631,-3.42142857142857));
#2238=CARTESIAN_POINT('',(36.1551473114799,52.5977517458057,-3.39285714285714));
#2239=CARTESIAN_POINT('',(36.6012694129716,52.9535222499376,-3.36428571428571));
#2240=CARTESIAN_POINT('',(37.0473915144633,53.3092927540696,-3.33571428571429));
#2241=CARTESIAN_POINT('',(37.29497060259,53.8233960279086,-3.30714285714286));
#2242=CARTESIAN_POINT('',(37.5425496907167,54.3374993017476,-3.27857142857143));
#2243=CARTESIAN_POINT('',(37.5425496907167,54.9081108868469,-3.25));
#2244=CARTESIAN_POINT('',(37.5425496907167,55.4787224719463,-3.22142857142857));
#2245=CARTESIAN_POINT('',(37.29497060259,55.9928257457853,-3.19285714285714));
#2246=CARTESIAN_POINT('',(37.0473915144633,56.5069290196243,-3.16428571428572));
#2247=CARTESIAN_POINT('',(36.6012694129716,56.8626995237562,-3.13571428571429));
#2248=CARTESIAN_POINT('',(36.1551473114799,57.2184700278882,-3.10714285714286));
#2249=CARTESIAN_POINT('',(35.5988421501522,57.3454430507308,-3.07857142857143));
#2250=CARTESIAN_POINT('',(35.0425369888245,57.4724160735734,-3.05));
#2251=CARTESIAN_POINT('',(34.4862318274968,57.3454430507308,-3.02142857142857));
#2252=CARTESIAN_POINT('',(33.9299266661691,57.2184700278881,-2.99285714285714));
#2253=CARTESIAN_POINT('',(33.4838045646774,56.8626995237562,-2.96428571428571));
#2254=CARTESIAN_POINT('',(33.0376824631857,56.5069290196243,-2.93571428571429));
#2255=CARTESIAN_POINT('',(32.790103375059,55.9928257457853,-2.90714285714286));
#2256=CARTESIAN_POINT('',(32.5425242869323,55.4787224719463,-2.87857142857143));
#2257=CARTESIAN_POINT('',(32.5425242869323,54.9081108868469,-2.85));
#2258=CARTESIAN_POINT('',(32.5425242869323,54.3374993017476,-2.82142857142857));
#2259=CARTESIAN_POINT('',(32.790103375059,53.8233960279086,-2.79285714285714));
#2260=CARTESIAN_POINT('',(33.0376824631857,53.3092927540696,-2.76428571428571));
#2261=CARTESIAN_POINT('',(33.4838045646774,52.9535222499376,-2.73571428571429));
#2262=CARTESIAN_POINT('',(33.9299266661691,52.5977517458057,-2.70714285714286));
#2263=CARTESIAN_POINT('',(34.4862318274968,52.4707787229631,-2.67857142857143));
#2264=CARTESIAN_POINT('',(35.0425369888245,52.3438057001205,-2.65));
#2265=CARTESIAN_POINT('',(35.5988421501522,52.4707787229631,-2.62142857142857));
#2266=CARTESIAN_POINT('',(36.1551473114799,52.5977517458057,-2.59285714285714));
#2267=CARTESIAN_POINT('',(36.6012694129716,52.9535222499376,-2.56428571428571));
#2268=CARTESIAN_POINT('',(37.0473915144633,53.3092927540696,-2.53571428571429));
#2269=CARTESIAN_POINT('',(37.29497060259,53.8233960279086,-2.50714285714286));
#2270=CARTESIAN_POINT('',(37.5425496907167,54.3374993017475,-2.47857142857143));
#2271=CARTESIAN_POINT('',(37.5425496907167,54.9081108868469,-2.45));
#2272=CARTESIAN_POINT('',(37.5425496907167,55.4787224719463,-2.42142857142857));
#2273=CARTESIAN_POINT('',(37.29497060259,55.9928257457853,-2.39285714285714));
#2274=CARTESIAN_POINT('',(37.0473915144633,56.5069290196243,-2.36428571428571));
#2275=CARTESIAN_POINT('',(36.6012694129716,56.8626995237562,-2.33571428571429));
#2276=CARTESIAN_POINT('',(36.1551473114799,57.2184700278882,-2.30714285714286));
#2277=CARTESIAN_POINT('',(35.5988421501522,57.3454430507308,-2.27857142857143));
#2278=CARTESIAN_POINT('',(35.0425369888245,57.4724160735734,-2.25));
#2279=CARTESIAN_POINT('',(34.4862318274968,57.3454430507308,-2.22142857142857));
#2280=CARTESIAN_POINT('',(33.9299266661691,57.2184700278881,-2.19285714285714));
#2281=CARTESIAN_POINT('',(33.4838045646774,56.8626995237562,-2.16428571428571));
#2282=CARTESIAN_POINT('',(33.0376824631857,56.5069290196243,-2.13571428571429));
#2283=CARTESIAN_POINT('',(32.790103375059,55.9928257457853,-2.10714285714286));
#2284=CARTESIAN_POINT('',(32.5425242869323,55.4787224719463,-2.07857142857143));
#2285=CARTESIAN_POINT('',(32.5425242869323,54.9081108868469,-2.05));
#2286=CARTESIAN_POINT('',(32.5425242869323,54.3374993017476,-2.02142857142857));
#2287=CARTESIAN_POINT('',(32.790103375059,53.8233960279086,-1.99285714285714));
#2288=CARTESIAN_POINT('',(33.0376824631857,53.3092927540696,-1.96428571428571));
#2289=CARTESIAN_POINT('',(33.4838045646774,52.9535222499376,-1.93571428571429));
#2290=CARTESIAN_POINT('',(33.9299266661691,52.5977517458057,-1.90714285714286));
#2291=CARTESIAN_POINT('',(34.4862318274968,52.4707787229631,-1.87857142857143));
#2292=CARTESIAN_POINT('',(35.0425369888245,52.3438057001205,-1.85));
#2293=CARTESIAN_POINT('',(35.5988421501522,52.4707787229631,-1.82142857142857));
#2294=CARTESIAN_POINT('',(36.1551473114799,52.5977517458057,-1.79285714285714));
#2295=CARTESIAN_POINT('',(36.6012694129716,52.9535222499376,-1.76428571428571));
#2296=CARTESIAN_POINT('',(37.0473915144633,53.3092927540696,-1.73571428571429));
#2297=CARTESIAN_POINT('',(37.29497060259,53.8233960279086,-1.70714285714286));
#2298=CARTESIAN_POINT('',(37.5425496907167,54.3374993017475,-1.67857142857143));
#2299=CARTESIAN_POINT('',(37.5425496907167,54.9081108868469,-1.65));
#2300=CARTESIAN_POINT('',(37.5425496907167,55.4787224719463,-1.62142857142857));
#2301=CARTESIAN_POINT('',(37.29497060259,55.9928257457853,-1.59285714285714));
#2302=CARTESIAN_POINT('',(37.0473915144633,56.5069290196243,-1.56428571428571));
#2303=CARTESIAN_POINT('',(36.6012694129716,56.8626995237562,-1.53571428571429));
#2304=CARTESIAN_POINT('',(36.1551473114799,57.2184700278882,-1.50714285714286));
#2305=CARTESIAN_POINT('',(35.5988421501522,57.3454430507308,-1.47857142857143));
#2306=CARTESIAN_POINT('',(35.0425369888245,57.4724160735734,-1.45));
#2307=CARTESIAN_POINT('',(34.4862318274968,57.3454430507308,-1.42142857142857));
#2308=CARTESIAN_POINT('',(33.9299266661691,57.2184700278881,-1.39285714285714));
#2309=CARTESIAN_POINT('',(33.4838045646774,56.8626995237562,-1.36428571428571));
#2310=CARTESIAN_POINT('',(33.0376824631857,56.5069290196243,-1.33571428571429));
#2311=CARTESIAN_POINT('',(32.790103375059,55.9928257457853,-1.30714285714286));
#2312=CARTESIAN_POINT('',(32.5425242869323,55.4787224719463,-1.27857142857143));
#2313=CARTESIAN_POINT('',(32.5425242869323,54.9081108868469,-1.25));
#2314=CARTESIAN_POINT('',(32.5425242869323,54.3374993017476,-1.22142857142857));
#2315=CARTESIAN_POINT('',(32.790103375059,53.8233960279086,-1.19285714285714));
#2316=CARTESIAN_POINT('',(33.0376824631857,53.3092927540696,-1.16428571428571));
#2317=CARTESIAN_POINT('',(33.4838045646774,52.9535222499376,-1.13571428571429));
#2318=CARTESIAN_POINT('',(33.9299266661691,52.5977517458057,-1.10714285714286));
#2319=CARTESIAN_POINT('',(34.4862318274968,52.4707787229631,-1.07857142857143));
#2320=CARTESIAN_POINT('',(35.0425369888245,52.3438057001205,-1.05));
#2321=CARTESIAN_POINT('',(35.5988421501522,52.4707787229631,-1.02142857142857));
#2322=CARTESIAN_POINT('',(36.1551473114799,52.5977517458057,-0.992857142857143));
#2323=CARTESIAN_POINT('',(36.6012694129716,52.9535222499376,-0.964285714285714));
#2324=CARTESIAN_POINT('',(37.0473915144633,53.3092927540696,-0.935714285714285));
#2325=CARTESIAN_POINT('',(37.29497060259,53.8233960279086,-0.907142857142857));
#2326=CARTESIAN_POINT('',(37.5425496907167,54.3374993017475,-0.878571428571428));
#2327=CARTESIAN_POINT('',(37.5425496907167,54.9081108868469,-0.85));
#2328=CARTESIAN_POINT('',(37.5425496907167,55.4787224719463,-0.821428571428571));
#2329=CARTESIAN_POINT('',(37.29497060259,55.9928257457853,-0.792857142857143));
#2330=CARTESIAN_POINT('',(37.0473915144633,56.5069290196243,-0.764285714285714));
#2331=CARTESIAN_POINT('',(36.6012694129716,56.8626995237562,-0.735714285714286));
#2332=CARTESIAN_POINT('',(36.1551473114799,57.2184700278881,-0.707142857142857));
#2333=CARTESIAN_POINT('',(35.5988421501522,57.3454430507308,-0.678571428571429));
#2334=CARTESIAN_POINT('',(35.0425369888245,57.4724160735734,-0.65));
#2335=CARTESIAN_POINT('',(34.4862318274968,57.3454430507308,-0.621428571428571));
#2336=CARTESIAN_POINT('',(33.9299266661691,57.2184700278881,-0.592857142857142));
#2337=CARTESIAN_POINT('',(33.4838045646774,56.8626995237562,-0.564285714285714));
#2338=CARTESIAN_POINT('',(33.0376824631857,56.5069290196243,-0.535714285714285));
#2339=CARTESIAN_POINT('',(32.790103375059,55.9928257457853,-0.507142857142857));
#2340=CARTESIAN_POINT('',(32.5425242869323,55.4787224719463,-0.478571428571428));
#2341=CARTESIAN_POINT('',(32.5425242869323,54.9081108868469,-0.45));
#2342=CARTESIAN_POINT('',(32.5425242869323,54.3374993017476,-0.421428571428571));
#2343=CARTESIAN_POINT('',(32.790103375059,53.8233960279086,-0.392857142857143));
#2344=CARTESIAN_POINT('',(33.0376824631857,53.3092927540696,-0.364285714285714));
#2345=CARTESIAN_POINT('',(33.4838045646774,52.9535222499376,-0.335714285714286));
#2346=CARTESIAN_POINT('',(33.9299266661691,52.5977517458057,-0.307142857142856));
#2347=CARTESIAN_POINT('',(34.4862318274968,52.4707787229631,-0.278571428571428));
#2348=CARTESIAN_POINT('',(35.0425369888245,52.3438057001205,-0.249999999999999));
#2349=CARTESIAN_POINT('',(35.5988421501522,52.4707787229631,-0.221428571428571));
#2350=CARTESIAN_POINT('',(36.1551473114799,52.5977517458057,-0.192857142857142));
#2351=CARTESIAN_POINT('',(36.6012694129716,52.9535222499376,-0.164285714285714));
#2352=CARTESIAN_POINT('',(37.0473915144633,53.3092927540696,-0.135714285714285));
#2353=CARTESIAN_POINT('',(37.29497060259,53.8233960279086,-0.107142857142857));
#2354=CARTESIAN_POINT('',(37.5425496907167,54.3374993017475,-0.0785714285714278));
#2355=CARTESIAN_POINT('',(37.5425496907167,54.9081108868469,-0.0499999999999997));
#2356=CARTESIAN_POINT('',(37.5425496907167,55.4787224719463,-0.0214285714285707));
#2357=CARTESIAN_POINT('',(37.29497060259,55.9928257457853,0.00714285714285747));
#2358=CARTESIAN_POINT('',(37.0473915144633,56.5069290196243,0.0357142857142865));
#2359=CARTESIAN_POINT('',(36.6012694129716,56.8626995237562,0.0642857142857146));
#2360=CARTESIAN_POINT('',(36.1551473114799,57.2184700278881,0.0928571428571437));
#2361=CARTESIAN_POINT('',(35.5988421501522,57.3454430507308,0.121428571428572));
#2362=CARTESIAN_POINT('',(35.0425369888245,57.4724160735734,0.150000000000001));
#2363=CARTESIAN_POINT('',(34.4862318274968,57.3454430507308,0.178571428571429));
#2364=CARTESIAN_POINT('',(33.9299266661691,57.2184700278881,0.207142857142858));
#2365=CARTESIAN_POINT('',(33.4838045646774,56.8626995237562,0.235714285714286));
#2366=CARTESIAN_POINT('',(33.0376824631857,56.5069290196243,0.264285714285715));
#2367=CARTESIAN_POINT('',(32.790103375059,55.9928257457853,0.292857142857143));
#2368=CARTESIAN_POINT('',(32.5425242869323,55.4787224719463,0.321428571428572));
#2369=CARTESIAN_POINT('',(32.5425242869323,54.9081108868469,0.35));
#2370=CARTESIAN_POINT('',(32.5425242869323,54.3374993017476,0.37857142857143));
#2371=CARTESIAN_POINT('',(32.790103375059,53.8233960279086,0.407142857142858));
#2372=CARTESIAN_POINT('',(33.0376824631857,53.3092927540696,0.435714285714287));
#2373=CARTESIAN_POINT('',(33.4838045646774,52.9535222499376,0.464285714285715));
#2374=CARTESIAN_POINT('',(33.9299266661691,52.5977517458057,0.492857142857144));
#2375=CARTESIAN_POINT('',(34.4862318274968,52.4707787229631,0.521428571428572));
#2376=CARTESIAN_POINT('',(35.0425369888245,52.3438057001205,0.550000000000001));
#2377=CARTESIAN_POINT('',(35.5988421501522,52.4707787229631,0.578571428571429));
#2378=CARTESIAN_POINT('',(36.1551473114799,52.5977517458057,0.607142857142858));
#2379=CARTESIAN_POINT('',(36.6012694129716,52.9535222499376,0.635714285714286));
#2380=CARTESIAN_POINT('',(37.0473915144633,53.3092927540696,0.664285714285715));
#2381=CARTESIAN_POINT('',(37.29497060259,53.8233960279086,0.692857142857144));
#2382=CARTESIAN_POINT('',(37.5425496907167,54.3374993017475,0.721428571428573));
#2383=CARTESIAN_POINT('',(37.5425496907167,54.9081108868469,0.750000000000001));
#2384=CARTESIAN_POINT('',(37.5425496907167,55.4787224719463,0.77857142857143));
#2385=CARTESIAN_POINT('',(37.29497060259,55.9928257457853,0.807142857142858));
#2386=CARTESIAN_POINT('',(37.0473915144633,56.5069290196243,0.835714285714287));
#2387=CARTESIAN_POINT('',(36.6012694129716,56.8626995237562,0.864285714285715));
#2388=CARTESIAN_POINT('',(36.1551473114799,57.2184700278881,0.892857142857144));
#2389=CARTESIAN_POINT('',(35.5988421501522,57.3454430507308,0.921428571428572));
#2390=CARTESIAN_POINT('',(35.0425369888245,57.4724160735734,0.950000000000001));
#2391=CARTESIAN_POINT('',(34.4862318274968,57.3454430507308,0.978571428571429));
#2392=CARTESIAN_POINT('',(33.9299266661691,57.2184700278881,1.00714285714286));
#2393=CARTESIAN_POINT('',(33.4838045646774,56.8626995237562,1.03571428571429));
#2394=CARTESIAN_POINT('',(33.0376824631857,56.5069290196243,1.06428571428572));
#2395=CARTESIAN_POINT('',(32.790103375059,55.9928257457853,1.09285714285714));
#2396=CARTESIAN_POINT('',(32.5425242869323,55.4787224719463,1.12142857142857));
#2397=CARTESIAN_POINT('',(32.5425242869323,54.9081108868469,1.15));
#2398=CARTESIAN_POINT('',(32.5425242869323,54.3374993017476,1.17857142857143));
#2399=CARTESIAN_POINT('',(32.790103375059,53.8233960279086,1.20714285714286));
#2400=CARTESIAN_POINT('',(33.0376824631857,53.3092927540696,1.23571428571429));
#2401=CARTESIAN_POINT('',(33.4838045646774,52.9535222499376,1.26428571428572));
#2402=CARTESIAN_POINT('',(33.9299266661691,52.5977517458057,1.29285714285714));
#2403=CARTESIAN_POINT('',(34.4862318274968,52.4707787229631,1.32142857142857));
#2404=CARTESIAN_POINT('',(35.0425369888245,52.3438057001205,1.35));
#2405=CARTESIAN_POINT('',(35.5988421501522,52.4707787229631,1.37857142857143));
#2406=CARTESIAN_POINT('',(36.1551473114799,52.5977517458057,1.40714285714286));
#2407=CARTESIAN_POINT('',(36.6012694129716,52.9535222499376,1.43571428571429));
#2408=CARTESIAN_POINT('',(37.0473915144633,53.3092927540696,1.46428571428572));
#2409=CARTESIAN_POINT('',(37.29497060259,53.8233960279086,1.49285714285714));
#2410=CARTESIAN_POINT('',(37.5425496907167,54.3374993017475,1.52142857142857));
#2411=CARTESIAN_POINT('',(37.5425496907167,54.9081108868469,1.55));
#2412=CARTESIAN_POINT('',(37.5425496907167,55.4787224719463,1.57857142857143));
#2413=CARTESIAN_POINT('',(37.29497060259,55.9928257457853,1.60714285714286));
#2414=CARTESIAN_POINT('',(37.0473915144633,56.5069290196243,1.63571428571429));
#2415=CARTESIAN_POINT('',(36.6012694129716,56.8626995237562,1.66428571428572));
#2416=CARTESIAN_POINT('',(36.1551473114799,57.2184700278881,1.69285714285714));
#2417=CARTESIAN_POINT('',(35.5988421501522,57.3454430507308,1.72142857142857));
#2418=CARTESIAN_POINT('',(35.0425369888245,57.4724160735734,1.75));
#2419=CARTESIAN_POINT('',(34.4862318274968,57.3454430507308,1.77857142857143));
#2420=CARTESIAN_POINT('',(33.9299266661691,57.2184700278881,1.80714285714286));
#2421=CARTESIAN_POINT('',(33.4838045646774,56.8626995237562,1.83571428571429));
#2422=CARTESIAN_POINT('',(33.0376824631857,56.5069290196243,1.86428571428572));
#2423=CARTESIAN_POINT('',(32.790103375059,55.9928257457853,1.89285714285714));
#2424=CARTESIAN_POINT('',(32.5425242869323,55.4787224719463,1.92142857142857));
#2425=CARTESIAN_POINT('',(32.5425242869323,54.9081108868469,1.95));
#2426=CARTESIAN_POINT('',(32.5425242869323,54.3374993017476,1.97857142857143));
#2427=CARTESIAN_POINT('',(32.790103375059,53.8233960279086,2.00714285714286));
#2428=CARTESIAN_POINT('',(33.0376824631857,53.3092927540696,2.03571428571429));
#2429=CARTESIAN_POINT('',(33.4838045646774,52.9535222499376,2.06428571428572));
#2430=CARTESIAN_POINT('',(33.9299266661691,52.5977517458057,2.09285714285714));
#2431=CARTESIAN_POINT('',(34.4862318274968,52.4707787229631,2.12142857142857));
#2432=CARTESIAN_POINT('',(35.0425369888245,52.3438057001205,2.15));
#2433=CARTESIAN_POINT('',(35.5988421501522,52.4707787229631,2.17857142857143));
#2434=CARTESIAN_POINT('',(36.1551473114799,52.5977517458057,2.20714285714286));
#2435=CARTESIAN_POINT('',(36.6012694129716,52.9535222499376,2.23571428571429));
#2436=CARTESIAN_POINT('',(37.0473915144633,53.3092927540696,2.26428571428572));
#2437=CARTESIAN_POINT('',(37.29497060259,53.8233960279086,2.29285714285714));
#2438=CARTESIAN_POINT('',(37.5425496907167,54.3374993017475,2.32142857142857));
#2439=CARTESIAN_POINT('',(37.5425496907167,54.9081108868469,2.35));
#2440=CARTESIAN_POINT('',(37.5425496907167,55.4787224719463,2.37857142857143));
#2441=CARTESIAN_POINT('',(37.29497060259,55.9928257457853,2.40714285714286));
#2442=CARTESIAN_POINT('',(37.0473915144633,56.5069290196243,2.43571428571429));
#2443=CARTESIAN_POINT('',(36.6012694129716,56.8626995237562,2.46428571428572));
#2444=CARTESIAN_POINT('',(36.1551473114799,57.2184700278881,2.49285714285714));
#2445=CARTESIAN_POINT('',(35.5988421501522,57.3454430507308,2.52142857142857));
#2446=CARTESIAN_POINT('',(35.0425369888245,57.4724160735734,2.55));
#2447=CARTESIAN_POINT('',(34.4862318274968,57.3454430507308,2.57857142857143));
#2448=CARTESIAN_POINT('',(33.9299266661691,57.2184700278882,2.60714285714286));
#2449=CARTESIAN_POINT('',(33.4838045646774,56.8626995237562,2.63571428571429));
#2450=CARTESIAN_POINT('',(33.0376824631857,56.5069290196243,2.66428571428572));
#2451=CARTESIAN_POINT('',(32.790103375059,55.9928257457853,2.69285714285714));
#2452=CARTESIAN_POINT('',(32.5425242869323,55.4787224719463,2.72142857142857));
#2453=CARTESIAN_POINT('',(32.5425242869323,54.9081108868469,2.75));
#2454=CARTESIAN_POINT('',(32.5425242869323,54.3374993017476,2.77857142857143));
#2455=CARTESIAN_POINT('',(32.790103375059,53.8233960279086,2.80714285714286));
#2456=CARTESIAN_POINT('',(33.0376824631857,53.3092927540696,2.83571428571429));
#2457=CARTESIAN_POINT('',(33.4838045646774,52.9535222499376,2.86428571428572));
#2458=CARTESIAN_POINT('',(33.9299266661691,52.5977517458057,2.89285714285715));
#2459=CARTESIAN_POINT('',(34.4862318274968,52.4707787229631,2.92142857142857));
#2460=CARTESIAN_POINT('',(35.0425369888245,52.3438057001205,2.95));
#2461=CARTESIAN_POINT('',(35.5988421501522,52.4707787229631,2.97857142857143));
#2462=CARTESIAN_POINT('',(36.1551473114799,52.5977517458057,3.00714285714286));
#2463=CARTESIAN_POINT('',(36.6012694129716,52.9535222499376,3.03571428571429));
#2464=CARTESIAN_POINT('',(37.0473915144633,53.3092927540696,3.06428571428572));
#2465=CARTESIAN_POINT('',(37.29497060259,53.8233960279085,3.09285714285714));
#2466=CARTESIAN_POINT('',(37.5425496907167,54.3374993017475,3.12142857142857));
#2467=CARTESIAN_POINT('',(37.5425496907167,54.9081108868469,3.15));
#2468=CARTESIAN_POINT('',(37.5425496907167,55.4787224719463,3.17857142857143));
#2469=CARTESIAN_POINT('',(37.29497060259,55.9928257457853,3.20714285714286));
#2470=CARTESIAN_POINT('',(37.0473915144633,56.5069290196243,3.23571428571429));
#2471=CARTESIAN_POINT('',(36.6012694129716,56.8626995237562,3.26428571428572));
#2472=CARTESIAN_POINT('',(36.1551473114799,57.2184700278881,3.29285714285714));
#2473=CARTESIAN_POINT('',(35.5988421501522,57.3454430507308,3.32142857142857));
#2474=CARTESIAN_POINT('',(35.0425369888245,57.4724160735734,3.35));
#2475=CARTESIAN_POINT('',(34.4862318274968,57.3454430507308,3.37857142857143));
#2476=CARTESIAN_POINT('',(33.9299266661691,57.2184700278882,3.40714285714286));
#2477=CARTESIAN_POINT('',(33.4838045646774,56.8626995237562,3.43571428571429));
#2478=CARTESIAN_POINT('',(33.0376824631857,56.5069290196243,3.46428571428572));
#2479=CARTESIAN_POINT('',(32.790103375059,55.9928257457853,3.49285714285714));
#2480=CARTESIAN_POINT('',(32.5425242869323,55.4787224719463,3.52142857142857));
#2481=CARTESIAN_POINT('',(32.5425242869323,54.908110886847,3.55));
#2482=CARTESIAN_POINT('',(32.5425242869323,54.9081108868469,-5.25));
#2483=CARTESIAN_POINT('',(32.5425242869323,54.3374993017476,-5.22142857142857));
#2484=CARTESIAN_POINT('',(32.790103375059,53.8233960279086,-5.19285714285714));
#2485=CARTESIAN_POINT('',(33.0376824631857,53.3092927540696,-5.16428571428572));
#2486=CARTESIAN_POINT('',(33.4838045646774,52.9535222499376,-5.13571428571429));
#2487=CARTESIAN_POINT('',(33.9299266661691,52.5977517458057,-5.10714285714286));
#2488=CARTESIAN_POINT('',(34.4862318274968,52.4707787229631,-5.07857142857143));
#2489=CARTESIAN_POINT('',(35.0425369888245,52.3438057001205,-5.05));
#2490=CARTESIAN_POINT('',(35.5988421501522,52.4707787229631,-5.02142857142857));
#2491=CARTESIAN_POINT('',(36.1551473114799,52.5977517458057,-4.99285714285714));
#2492=CARTESIAN_POINT('',(36.6012694129716,52.9535222499376,-4.96428571428572));
#2493=CARTESIAN_POINT('',(37.0473915144633,53.3092927540696,-4.93571428571429));
#2494=CARTESIAN_POINT('',(37.29497060259,53.8233960279086,-4.90714285714286));
#2495=CARTESIAN_POINT('',(37.5425496907167,54.3374993017476,-4.87857142857143));
#2496=CARTESIAN_POINT('',(37.5425496907167,54.9081108868469,-4.85));
#2497=CARTESIAN_POINT('',(37.5425496907167,55.4787224719463,-4.82142857142857));
#2498=CARTESIAN_POINT('',(37.29497060259,55.9928257457853,-4.79285714285714));
#2499=CARTESIAN_POINT('',(37.0473915144633,56.5069290196243,-4.76428571428572));
#2500=CARTESIAN_POINT('',(36.6012694129716,56.8626995237562,-4.73571428571429));
#2501=CARTESIAN_POINT('',(36.1551473114799,57.2184700278881,-4.70714285714286));
#2502=CARTESIAN_POINT('',(35.5988421501522,57.3454430507308,-4.67857142857143));
#2503=CARTESIAN_POINT('',(35.0425369888245,57.4724160735734,-4.65));
#2504=CARTESIAN_POINT('',(34.4862318274968,57.3454430507308,-4.62142857142857));
#2505=CARTESIAN_POINT('',(33.9299266661691,57.2184700278881,-4.59285714285714));
#2506=CARTESIAN_POINT('',(33.4838045646774,56.8626995237562,-4.56428571428571));
#2507=CARTESIAN_POINT('',(33.0376824631857,56.5069290196243,-4.53571428571429));
#2508=CARTESIAN_POINT('',(32.790103375059,55.9928257457853,-4.50714285714286));
#2509=CARTESIAN_POINT('',(32.5425242869323,55.4787224719463,-4.47857142857143));
#2510=CARTESIAN_POINT('',(32.5425242869323,54.9081108868469,-4.45));
#2511=CARTESIAN_POINT('',(32.5425242869323,54.3374993017476,-4.42142857142857));
#2512=CARTESIAN_POINT('',(32.790103375059,53.8233960279086,-4.39285714285714));
#2513=CARTESIAN_POINT('',(33.0376824631857,53.3092927540696,-4.36428571428572));
#2514=CARTESIAN_POINT('',(33.4838045646774,52.9535222499376,-4.33571428571429));
#2515=CARTESIAN_POINT('',(33.9299266661691,52.5977517458057,-4.30714285714286));
#2516=CARTESIAN_POINT('',(34.4862318274968,52.4707787229631,-4.27857142857143));
#2517=CARTESIAN_POINT('',(35.0425369888245,52.3438057001205,-4.25));
#2518=CARTESIAN_POINT('',(35.5988421501522,52.4707787229631,-4.22142857142857));
#2519=CARTESIAN_POINT('',(36.1551473114799,52.5977517458057,-4.19285714285714));
#2520=CARTESIAN_POINT('',(36.6012694129716,52.9535222499376,-4.16428571428571));
#2521=CARTESIAN_POINT('',(37.0473915144633,53.3092927540696,-4.13571428571429));
#2522=CARTESIAN_POINT('',(37.29497060259,53.8233960279086,-4.10714285714286));
#2523=CARTESIAN_POINT('',(37.5425496907167,54.3374993017476,-4.07857142857143));
#2524=CARTESIAN_POINT('',(37.5425496907167,54.9081108868469,-4.05));
#2525=CARTESIAN_POINT('',(37.5425496907167,55.4787224719463,-4.02142857142857));
#2526=CARTESIAN_POINT('',(37.29497060259,55.9928257457853,-3.99285714285714));
#2527=CARTESIAN_POINT('',(37.0473915144633,56.5069290196243,-3.96428571428572));
#2528=CARTESIAN_POINT('',(36.6012694129716,56.8626995237562,-3.93571428571429));
#2529=CARTESIAN_POINT('',(36.1551473114799,57.2184700278881,-3.90714285714286));
#2530=CARTESIAN_POINT('',(35.5988421501522,57.3454430507308,-3.87857142857143));
#2531=CARTESIAN_POINT('',(35.0425369888245,57.4724160735734,-3.85));
#2532=CARTESIAN_POINT('',(34.4862318274968,57.3454430507308,-3.82142857142857));
#2533=CARTESIAN_POINT('',(33.9299266661691,57.2184700278881,-3.79285714285714));
#2534=CARTESIAN_POINT('',(33.4838045646774,56.8626995237562,-3.76428571428571));
#2535=CARTESIAN_POINT('',(33.0376824631857,56.5069290196243,-3.73571428571429));
#2536=CARTESIAN_POINT('',(32.790103375059,55.9928257457853,-3.70714285714286));
#2537=CARTESIAN_POINT('',(32.5425242869323,55.4787224719463,-3.67857142857143));
#2538=CARTESIAN_POINT('',(32.5425242869323,54.9081108868469,-3.65));
#2539=CARTESIAN_POINT('',(32.5425242869323,54.3374993017476,-3.62142857142857));
#2540=CARTESIAN_POINT('',(32.790103375059,53.8233960279086,-3.59285714285714));
#2541=CARTESIAN_POINT('',(33.0376824631857,53.3092927540696,-3.56428571428571));
#2542=CARTESIAN_POINT('',(33.4838045646774,52.9535222499376,-3.53571428571429));
#2543=CARTESIAN_POINT('',(33.9299266661691,52.5977517458057,-3.50714285714286));
#2544=CARTESIAN_POINT('',(34.4862318274968,52.4707787229631,-3.47857142857143));
#2545=CARTESIAN_POINT('',(35.0425369888245,52.3438057001205,-3.45));
#2546=CARTESIAN_POINT('',(35.5988421501522,52.4707787229631,-3.42142857142857));
#2547=CARTESIAN_POINT('',(36.1551473114799,52.5977517458057,-3.39285714285714));
#2548=CARTESIAN_POINT('',(36.6012694129716,52.9535222499376,-3.36428571428571));
#2549=CARTESIAN_POINT('',(37.0473915144633,53.3092927540696,-3.33571428571429));
#2550=CARTESIAN_POINT('',(37.29497060259,53.8233960279086,-3.30714285714286));
#2551=CARTESIAN_POINT('',(37.5425496907167,54.3374993017476,-3.27857142857143));
#2552=CARTESIAN_POINT('',(37.5425496907167,54.9081108868469,-3.25));
#2553=CARTESIAN_POINT('',(37.5425496907167,55.4787224719463,-3.22142857142857));
#2554=CARTESIAN_POINT('',(37.29497060259,55.9928257457853,-3.19285714285714));
#2555=CARTESIAN_POINT('',(37.0473915144633,56.5069290196243,-3.16428571428572));
#2556=CARTESIAN_POINT('',(36.6012694129716,56.8626995237562,-3.13571428571429));
#2557=CARTESIAN_POINT('',(36.1551473114799,57.2184700278881,-3.10714285714286));
#2558=CARTESIAN_POINT('',(35.5988421501522,57.3454430507308,-3.07857142857143));
#2559=CARTESIAN_POINT('',(35.0425369888245,57.4724160735734,-3.05));
#2560=CARTESIAN_POINT('',(34.4862318274968,57.3454430507308,-3.02142857142857));
#2561=CARTESIAN_POINT('',(33.9299266661691,57.2184700278881,-2.99285714285714));
#2562=CARTESIAN_POINT('',(33.4838045646774,56.8626995237562,-2.96428571428571));
#2563=CARTESIAN_POINT('',(33.0376824631857,56.5069290196243,-2.93571428571429));
#2564=CARTESIAN_POINT('',(32.790103375059,55.9928257457853,-2.90714285714286));
#2565=CARTESIAN_POINT('',(32.5425242869323,55.4787224719463,-2.87857142857143));
#2566=CARTESIAN_POINT('',(32.5425242869323,54.9081108868469,-2.85));
#2567=CARTESIAN_POINT('',(32.5425242869323,54.3374993017476,-2.82142857142857));
#2568=CARTESIAN_POINT('',(32.790103375059,53.8233960279086,-2.79285714285714));
#2569=CARTESIAN_POINT('',(33.0376824631857,53.3092927540696,-2.76428571428571));
#2570=CARTESIAN_POINT('',(33.4838045646774,52.9535222499376,-2.73571428571429));
#2571=CARTESIAN_POINT('',(33.9299266661691,52.5977517458057,-2.70714285714286));
#2572=CARTESIAN_POINT('',(34.4862318274968,52.4707787229631,-2.67857142857143));
#2573=CARTESIAN_POINT('',(35.0425369888245,52.3438057001205,-2.65));
#2574=CARTESIAN_POINT('',(35.5988421501522,52.4707787229631,-2.62142857142857));
#2575=CARTESIAN_POINT('',(36.1551473114799,52.5977517458057,-2.59285714285714));
#2576=CARTESIAN_POINT('',(36.6012694129716,52.9535222499376,-2.56428571428571));
#2577=CARTESIAN_POINT('',(37.0473915144633,53.3092927540696,-2.53571428571429));
#2578=CARTESIAN_POINT('',(37.29497060259,53.8233960279086,-2.50714285714286));
#2579=CARTESIAN_POINT('',(37.5425496907167,54.3374993017476,-2.47857142857143));
#2580=CARTESIAN_POINT('',(37.5425496907167,54.9081108868469,-2.45));
#2581=CARTESIAN_POINT('',(37.5425496907167,55.4787224719463,-2.42142857142857));
#2582=CARTESIAN_POINT('',(37.29497060259,55.9928257457853,-2.39285714285714));
#2583=CARTESIAN_POINT('',(37.0473915144633,56.5069290196243,-2.36428571428571));
#2584=CARTESIAN_POINT('',(36.6012694129716,56.8626995237562,-2.33571428571429));
#2585=CARTESIAN_POINT('',(36.1551473114799,57.2184700278881,-2.30714285714286));
#2586=CARTESIAN_POINT('',(35.5988421501522,57.3454430507308,-2.27857142857143));
#2587=CARTESIAN_POINT('',(35.0425369888245,57.4724160735734,-2.25));
#2588=CARTESIAN_POINT('',(34.4862318274968,57.3454430507308,-2.22142857142857));
#2589=CARTESIAN_POINT('',(33.9299266661691,57.2184700278881,-2.19285714285714));
#2590=CARTESIAN_POINT('',(33.4838045646774,56.8626995237562,-2.16428571428571));
#2591=CARTESIAN_POINT('',(33.0376824631857,56.5069290196243,-2.13571428571429));
#2592=CARTESIAN_POINT('',(32.790103375059,55.9928257457853,-2.10714285714286));
#2593=CARTESIAN_POINT('',(32.5425242869323,55.4787224719463,-2.07857142857143));
#2594=CARTESIAN_POINT('',(32.5425242869323,54.9081108868469,-2.05));
#2595=CARTESIAN_POINT('',(32.5425242869323,54.3374993017476,-2.02142857142857));
#2596=CARTESIAN_POINT('',(32.790103375059,53.8233960279086,-1.99285714285714));
#2597=CARTESIAN_POINT('',(33.0376824631857,53.3092927540696,-1.96428571428571));
#2598=CARTESIAN_POINT('',(33.4838045646774,52.9535222499376,-1.93571428571429));
#2599=CARTESIAN_POINT('',(33.9299266661691,52.5977517458057,-1.90714285714286));
#2600=CARTESIAN_POINT('',(34.4862318274968,52.4707787229631,-1.87857142857143));
#2601=CARTESIAN_POINT('',(35.0425369888245,52.3438057001205,-1.85));
#2602=CARTESIAN_POINT('',(35.5988421501522,52.4707787229631,-1.82142857142857));
#2603=CARTESIAN_POINT('',(36.1551473114799,52.5977517458057,-1.79285714285714));
#2604=CARTESIAN_POINT('',(36.6012694129716,52.9535222499376,-1.76428571428571));
#2605=CARTESIAN_POINT('',(37.0473915144633,53.3092927540696,-1.73571428571429));
#2606=CARTESIAN_POINT('',(37.29497060259,53.8233960279086,-1.70714285714286));
#2607=CARTESIAN_POINT('',(37.5425496907167,54.3374993017476,-1.67857142857143));
#2608=CARTESIAN_POINT('',(37.5425496907167,54.9081108868469,-1.65));
#2609=CARTESIAN_POINT('',(37.5425496907167,55.4787224719463,-1.62142857142857));
#2610=CARTESIAN_POINT('',(37.29497060259,55.9928257457853,-1.59285714285714));
#2611=CARTESIAN_POINT('',(37.0473915144633,56.5069290196243,-1.56428571428571));
#2612=CARTESIAN_POINT('',(36.6012694129716,56.8626995237562,-1.53571428571429));
#2613=CARTESIAN_POINT('',(36.1551473114799,57.2184700278881,-1.50714285714286));
#2614=CARTESIAN_POINT('',(35.5988421501522,57.3454430507308,-1.47857142857143));
#2615=CARTESIAN_POINT('',(35.0425369888245,57.4724160735734,-1.45));
#2616=CARTESIAN_POINT('',(34.4862318274968,57.3454430507308,-1.42142857142857));
#2617=CARTESIAN_POINT('',(33.9299266661691,57.2184700278881,-1.39285714285714));
#2618=CARTESIAN_POINT('',(33.4838045646774,56.8626995237562,-1.36428571428571));
#2619=CARTESIAN_POINT('',(33.0376824631857,56.5069290196243,-1.33571428571429));
#2620=CARTESIAN_POINT('',(32.790103375059,55.9928257457853,-1.30714285714286));
#2621=CARTESIAN_POINT('',(32.5425242869323,55.4787224719463,-1.27857142857143));
#2622=CARTESIAN_POINT('',(32.5425242869323,54.9081108868469,-1.25));
#2623=CARTESIAN_POINT('',(32.5425242869323,54.3374993017476,-1.22142857142857));
#2624=CARTESIAN_POINT('',(32.790103375059,53.8233960279086,-1.19285714285714));
#2625=CARTESIAN_POINT('',(33.0376824631857,53.3092927540696,-1.16428571428571));
#2626=CARTESIAN_POINT('',(33.4838045646774,52.9535222499376,-1.13571428571429));
#2627=CARTESIAN_POINT('',(33.9299266661691,52.5977517458057,-1.10714285714286));
#2628=CARTESIAN_POINT('',(34.4862318274968,52.4707787229631,-1.07857142857143));
#2629=CARTESIAN_POINT('',(35.0425369888245,52.3438057001205,-1.05));
#2630=CARTESIAN_POINT('',(35.5988421501522,52.4707787229631,-1.02142857142857));
#2631=CARTESIAN_POINT('',(36.1551473114799,52.5977517458057,-0.992857142857143));
#2632=CARTESIAN_POINT('',(36.6012694129716,52.9535222499376,-0.964285714285714));
#2633=CARTESIAN_POINT('',(37.0473915144633,53.3092927540696,-0.935714285714285));
#2634=CARTESIAN_POINT('',(37.29497060259,53.8233960279086,-0.907142857142857));
#2635=CARTESIAN_POINT('',(37.5425496907167,54.3374993017476,-0.878571428571428));
#2636=CARTESIAN_POINT('',(37.5425496907167,54.9081108868469,-0.85));
#2637=CARTESIAN_POINT('',(37.5425496907167,55.4787224719463,-0.821428571428571));
#2638=CARTESIAN_POINT('',(37.29497060259,55.9928257457853,-0.792857142857143));
#2639=CARTESIAN_POINT('',(37.0473915144633,56.5069290196243,-0.764285714285714));
#2640=CARTESIAN_POINT('',(36.6012694129716,56.8626995237562,-0.735714285714286));
#2641=CARTESIAN_POINT('',(36.1551473114799,57.2184700278881,-0.707142857142857));
#2642=CARTESIAN_POINT('',(35.5988421501522,57.3454430507308,-0.678571428571429));
#2643=CARTESIAN_POINT('',(35.0425369888245,57.4724160735734,-0.65));
#2644=CARTESIAN_POINT('',(34.4862318274968,57.3454430507308,-0.621428571428571));
#2645=CARTESIAN_POINT('',(33.9299266661691,57.2184700278881,-0.592857142857142));
#2646=CARTESIAN_POINT('',(33.4838045646774,56.8626995237562,-0.564285714285714));
#2647=CARTESIAN_POINT('',(33.0376824631857,56.5069290196243,-0.535714285714285));
#2648=CARTESIAN_POINT('',(32.790103375059,55.9928257457853,-0.507142857142857));
#2649=CARTESIAN_POINT('',(32.5425242869323,55.4787224719463,-0.478571428571428));
#2650=CARTESIAN_POINT('',(32.5425242869323,54.9081108868469,-0.45));
#2651=CARTESIAN_POINT('',(32.5425242869323,54.3374993017476,-0.421428571428571));
#2652=CARTESIAN_POINT('',(32.790103375059,53.8233960279086,-0.392857142857143));
#2653=CARTESIAN_POINT('',(33.0376824631857,53.3092927540696,-0.364285714285714));
#2654=CARTESIAN_POINT('',(33.4838045646774,52.9535222499376,-0.335714285714286));
#2655=CARTESIAN_POINT('',(33.9299266661691,52.5977517458057,-0.307142857142856));
#2656=CARTESIAN_POINT('',(34.4862318274968,52.4707787229631,-0.278571428571428));
#2657=CARTESIAN_POINT('',(35.0425369888245,52.3438057001205,-0.249999999999999));
#2658=CARTESIAN_POINT('',(35.5988421501522,52.4707787229631,-0.221428571428571));
#2659=CARTESIAN_POINT('',(36.1551473114799,52.5977517458057,-0.192857142857142));
#2660=CARTESIAN_POINT('',(36.6012694129716,52.9535222499376,-0.164285714285714));
#2661=CARTESIAN_POINT('',(37.0473915144633,53.3092927540696,-0.135714285714285));
#2662=CARTESIAN_POINT('',(37.29497060259,53.8233960279086,-0.107142857142857));
#2663=CARTESIAN_POINT('',(37.5425496907167,54.3374993017476,-0.0785714285714278));
#2664=CARTESIAN_POINT('',(37.5425496907167,54.9081108868469,-0.0499999999999997));
#2665=CARTESIAN_POINT('',(37.5425496907167,55.4787224719463,-0.0214285714285707));
#2666=CARTESIAN_POINT('',(37.29497060259,55.9928257457853,0.00714285714285747));
#2667=CARTESIAN_POINT('',(37.1914919896782,56.2077012995842,0.0190846241953562));
#2668=CARTESIAN_POINT('',(37.0492525643529,56.3991360739427,0.0313263413121321));
#2669=CARTESIAN_POINT('',(32.9755369888245,54.9081108868469,-5.));
#2670=CARTESIAN_POINT('',(32.9755369888245,54.4363316252825,-4.97142857142858));
#2671=CARTESIAN_POINT('',(33.1802343388702,54.0112731980909,-4.94285714285715));
#2672=CARTESIAN_POINT('',(33.3849316889159,53.5862147708994,-4.91428571428572));
#2673=CARTESIAN_POINT('',(33.7537835683825,53.2920652125855,-4.88571428571429));
#2674=CARTESIAN_POINT('',(34.1226354478491,52.9979156542717,-4.85714285714286));
#2675=CARTESIAN_POINT('',(34.5825862183368,52.8929348923671,-4.82857142857143));
#2676=CARTESIAN_POINT('',(35.0425369888245,52.7879541304626,-4.8));
#2677=CARTESIAN_POINT('',(35.5024877593122,52.8929348923671,-4.77142857142857));
#2678=CARTESIAN_POINT('',(35.9624385297999,52.9979156542717,-4.74285714285715));
#2679=CARTESIAN_POINT('',(36.3312904092665,53.2920652125855,-4.71428571428572));
#2680=CARTESIAN_POINT('',(36.7001422887331,53.5862147708994,-4.68571428571429));
#2681=CARTESIAN_POINT('',(36.9048396387788,54.0112731980909,-4.65714285714286));
#2682=CARTESIAN_POINT('',(37.1095369888245,54.4363316252825,-4.62857142857143));
#2683=CARTESIAN_POINT('',(37.1095369888245,54.9081108868469,-4.6));
#2684=CARTESIAN_POINT('',(37.1095369888245,55.3798901484114,-4.57142857142858));
#2685=CARTESIAN_POINT('',(36.9048396387788,55.8049485756029,-4.54285714285715));
#2686=CARTESIAN_POINT('',(36.7001422887331,56.2300070027945,-4.51428571428572));
#2687=CARTESIAN_POINT('',(36.3312904092665,56.5241565611084,-4.48571428571429));
#2688=CARTESIAN_POINT('',(35.9624385297999,56.8183061194222,-4.45714285714286));
#2689=CARTESIAN_POINT('',(35.5024877593122,56.9232868813268,-4.42857142857143));
#2690=CARTESIAN_POINT('',(35.0425369888245,57.0282676432313,-4.4));
#2691=CARTESIAN_POINT('',(34.5825862183368,56.9232868813268,-4.37142857142857));
#2692=CARTESIAN_POINT('',(34.1226354478491,56.8183061194222,-4.34285714285715));
#2693=CARTESIAN_POINT('',(33.7537835683825,56.5241565611084,-4.31428571428572));
#2694=CARTESIAN_POINT('',(33.3849316889159,56.2300070027945,-4.28571428571429));
#2695=CARTESIAN_POINT('',(33.1802343388702,55.8049485756029,-4.25714285714286));
#2696=CARTESIAN_POINT('',(32.9755369888245,55.3798901484114,-4.22857142857143));
#2697=CARTESIAN_POINT('',(32.9755369888245,54.9081108868469,-4.2));
#2698=CARTESIAN_POINT('',(32.9755369888245,54.4363316252825,-4.17142857142858));
#2699=CARTESIAN_POINT('',(33.1802343388702,54.0112731980909,-4.14285714285715));
#2700=CARTESIAN_POINT('',(33.3849316889159,53.5862147708994,-4.11428571428572));
#2701=CARTESIAN_POINT('',(33.7537835683825,53.2920652125855,-4.08571428571429));
#2702=CARTESIAN_POINT('',(34.1226354478491,52.9979156542717,-4.05714285714286));
#2703=CARTESIAN_POINT('',(34.5825862183368,52.8929348923671,-4.02857142857143));
#2704=CARTESIAN_POINT('',(35.0425369888245,52.7879541304626,-4.));
#2705=CARTESIAN_POINT('',(35.5024877593122,52.8929348923671,-3.97142857142857));
#2706=CARTESIAN_POINT('',(35.9624385297999,52.9979156542717,-3.94285714285715));
#2707=CARTESIAN_POINT('',(36.3312904092665,53.2920652125855,-3.91428571428572));
#2708=CARTESIAN_POINT('',(36.7001422887331,53.5862147708994,-3.88571428571429));
#2709=CARTESIAN_POINT('',(36.9048396387788,54.0112731980909,-3.85714285714286));
#2710=CARTESIAN_POINT('',(37.1095369888245,54.4363316252825,-3.82857142857143));
#2711=CARTESIAN_POINT('',(37.1095369888245,54.9081108868469,-3.8));
#2712=CARTESIAN_POINT('',(37.1095369888245,55.3798901484114,-3.77142857142857));
#2713=CARTESIAN_POINT('',(36.9048396387788,55.8049485756029,-3.74285714285715));
#2714=CARTESIAN_POINT('',(36.7001422887331,56.2300070027945,-3.71428571428572));
#2715=CARTESIAN_POINT('',(36.3312904092665,56.5241565611084,-3.68571428571429));
#2716=CARTESIAN_POINT('',(35.9624385297999,56.8183061194222,-3.65714285714286));
#2717=CARTESIAN_POINT('',(35.5024877593122,56.9232868813268,-3.62857142857143));
#2718=CARTESIAN_POINT('',(35.0425369888245,57.0282676432313,-3.6));
#2719=CARTESIAN_POINT('',(34.5825862183368,56.9232868813268,-3.57142857142857));
#2720=CARTESIAN_POINT('',(34.1226354478491,56.8183061194222,-3.54285714285715));
#2721=CARTESIAN_POINT('',(33.7537835683825,56.5241565611084,-3.51428571428572));
#2722=CARTESIAN_POINT('',(33.3849316889159,56.2300070027945,-3.48571428571429));
#2723=CARTESIAN_POINT('',(33.1802343388702,55.8049485756029,-3.45714285714286));
#2724=CARTESIAN_POINT('',(32.9755369888245,55.3798901484114,-3.42857142857143));
#2725=CARTESIAN_POINT('',(32.9755369888245,54.9081108868469,-3.4));
#2726=CARTESIAN_POINT('',(32.9755369888245,54.4363316252825,-3.37142857142857));
#2727=CARTESIAN_POINT('',(33.1802343388702,54.0112731980909,-3.34285714285715));
#2728=CARTESIAN_POINT('',(33.3849316889159,53.5862147708994,-3.31428571428572));
#2729=CARTESIAN_POINT('',(33.7537835683825,53.2920652125855,-3.28571428571429));
#2730=CARTESIAN_POINT('',(34.1226354478491,52.9979156542717,-3.25714285714286));
#2731=CARTESIAN_POINT('',(34.5825862183368,52.8929348923671,-3.22857142857143));
#2732=CARTESIAN_POINT('',(35.0425369888245,52.7879541304626,-3.2));
#2733=CARTESIAN_POINT('',(35.5024877593122,52.8929348923671,-3.17142857142857));
#2734=CARTESIAN_POINT('',(35.9624385297999,52.9979156542717,-3.14285714285715));
#2735=CARTESIAN_POINT('',(36.3312904092665,53.2920652125855,-3.11428571428572));
#2736=CARTESIAN_POINT('',(36.7001422887331,53.5862147708994,-3.08571428571429));
#2737=CARTESIAN_POINT('',(36.9048396387788,54.0112731980909,-3.05714285714286));
#2738=CARTESIAN_POINT('',(37.1095369888245,54.4363316252825,-3.02857142857143));
#2739=CARTESIAN_POINT('',(37.1095369888245,54.9081108868469,-3.));
#2740=CARTESIAN_POINT('',(37.1095369888245,55.3798901484114,-2.97142857142857));
#2741=CARTESIAN_POINT('',(36.9048396387788,55.8049485756029,-2.94285714285715));
#2742=CARTESIAN_POINT('',(36.7001422887331,56.2300070027945,-2.91428571428572));
#2743=CARTESIAN_POINT('',(36.3312904092665,56.5241565611084,-2.88571428571429));
#2744=CARTESIAN_POINT('',(35.9624385297999,56.8183061194222,-2.85714285714286));
#2745=CARTESIAN_POINT('',(35.5024877593122,56.9232868813268,-2.82857142857143));
#2746=CARTESIAN_POINT('',(35.0425369888245,57.0282676432313,-2.8));
#2747=CARTESIAN_POINT('',(34.5825862183368,56.9232868813268,-2.77142857142857));
#2748=CARTESIAN_POINT('',(34.1226354478491,56.8183061194222,-2.74285714285715));
#2749=CARTESIAN_POINT('',(33.7537835683825,56.5241565611084,-2.71428571428572));
#2750=CARTESIAN_POINT('',(33.3849316889159,56.2300070027945,-2.68571428571429));
#2751=CARTESIAN_POINT('',(33.1802343388702,55.8049485756029,-2.65714285714286));
#2752=CARTESIAN_POINT('',(32.9755369888245,55.3798901484114,-2.62857142857143));
#2753=CARTESIAN_POINT('',(32.9755369888245,54.9081108868469,-2.6));
#2754=CARTESIAN_POINT('',(32.9755369888245,54.4363316252825,-2.57142857142857));
#2755=CARTESIAN_POINT('',(33.1802343388702,54.0112731980909,-2.54285714285715));
#2756=CARTESIAN_POINT('',(33.3849316889159,53.5862147708994,-2.51428571428572));
#2757=CARTESIAN_POINT('',(33.7537835683825,53.2920652125855,-2.48571428571429));
#2758=CARTESIAN_POINT('',(34.1226354478491,52.9979156542717,-2.45714285714286));
#2759=CARTESIAN_POINT('',(34.5825862183368,52.8929348923671,-2.42857142857143));
#2760=CARTESIAN_POINT('',(35.0425369888245,52.7879541304626,-2.4));
#2761=CARTESIAN_POINT('',(35.5024877593122,52.8929348923671,-2.37142857142857));
#2762=CARTESIAN_POINT('',(35.9624385297999,52.9979156542717,-2.34285714285715));
#2763=CARTESIAN_POINT('',(36.3312904092665,53.2920652125855,-2.31428571428572));
#2764=CARTESIAN_POINT('',(36.7001422887331,53.5862147708994,-2.28571428571429));
#2765=CARTESIAN_POINT('',(36.9048396387788,54.0112731980909,-2.25714285714286));
#2766=CARTESIAN_POINT('',(37.1095369888245,54.4363316252825,-2.22857142857143));
#2767=CARTESIAN_POINT('',(37.1095369888245,54.9081108868469,-2.2));
#2768=CARTESIAN_POINT('',(37.1095369888245,55.3798901484114,-2.17142857142857));
#2769=CARTESIAN_POINT('',(36.9048396387788,55.8049485756029,-2.14285714285715));
#2770=CARTESIAN_POINT('',(36.7001422887331,56.2300070027945,-2.11428571428572));
#2771=CARTESIAN_POINT('',(36.3312904092665,56.5241565611084,-2.08571428571429));
#2772=CARTESIAN_POINT('',(35.9624385297999,56.8183061194222,-2.05714285714286));
#2773=CARTESIAN_POINT('',(35.5024877593122,56.9232868813268,-2.02857142857143));
#2774=CARTESIAN_POINT('',(35.0425369888245,57.0282676432313,-2.));
#2775=CARTESIAN_POINT('',(34.5825862183368,56.9232868813268,-1.97142857142857));
#2776=CARTESIAN_POINT('',(34.1226354478491,56.8183061194222,-1.94285714285715));
#2777=CARTESIAN_POINT('',(33.7537835683825,56.5241565611084,-1.91428571428572));
#2778=CARTESIAN_POINT('',(33.3849316889159,56.2300070027945,-1.88571428571429));
#2779=CARTESIAN_POINT('',(33.1802343388702,55.8049485756029,-1.85714285714286));
#2780=CARTESIAN_POINT('',(32.9755369888245,55.3798901484114,-1.82857142857143));
#2781=CARTESIAN_POINT('',(32.9755369888245,54.9081108868469,-1.8));
#2782=CARTESIAN_POINT('',(32.9755369888245,54.4363316252825,-1.77142857142857));
#2783=CARTESIAN_POINT('',(33.1802343388702,54.0112731980909,-1.74285714285715));
#2784=CARTESIAN_POINT('',(33.3849316889159,53.5862147708994,-1.71428571428572));
#2785=CARTESIAN_POINT('',(33.7537835683825,53.2920652125855,-1.68571428571429));
#2786=CARTESIAN_POINT('',(34.1226354478491,52.9979156542717,-1.65714285714286));
#2787=CARTESIAN_POINT('',(34.5825862183368,52.8929348923671,-1.62857142857143));
#2788=CARTESIAN_POINT('',(35.0425369888245,52.7879541304626,-1.6));
#2789=CARTESIAN_POINT('',(35.5024877593122,52.8929348923671,-1.57142857142857));
#2790=CARTESIAN_POINT('',(35.9624385297999,52.9979156542717,-1.54285714285715));
#2791=CARTESIAN_POINT('',(36.3312904092665,53.2920652125855,-1.51428571428572));
#2792=CARTESIAN_POINT('',(36.7001422887331,53.5862147708994,-1.48571428571429));
#2793=CARTESIAN_POINT('',(36.9048396387788,54.0112731980909,-1.45714285714286));
#2794=CARTESIAN_POINT('',(37.1095369888245,54.4363316252825,-1.42857142857143));
#2795=CARTESIAN_POINT('',(37.1095369888245,54.9081108868469,-1.4));
#2796=CARTESIAN_POINT('',(37.1095369888245,55.3798901484114,-1.37142857142857));
#2797=CARTESIAN_POINT('',(36.9048396387788,55.8049485756029,-1.34285714285715));
#2798=CARTESIAN_POINT('',(36.7001422887331,56.2300070027945,-1.31428571428572));
#2799=CARTESIAN_POINT('',(36.3312904092665,56.5241565611084,-1.28571428571429));
#2800=CARTESIAN_POINT('',(35.9624385297999,56.8183061194222,-1.25714285714286));
#2801=CARTESIAN_POINT('',(35.5024877593122,56.9232868813268,-1.22857142857143));
#2802=CARTESIAN_POINT('',(35.0425369888245,57.0282676432313,-1.2));
#2803=CARTESIAN_POINT('',(34.5825862183368,56.9232868813268,-1.17142857142857));
#2804=CARTESIAN_POINT('',(34.1226354478491,56.8183061194222,-1.14285714285715));
#2805=CARTESIAN_POINT('',(33.7537835683825,56.5241565611084,-1.11428571428572));
#2806=CARTESIAN_POINT('',(33.3849316889159,56.2300070027945,-1.08571428571429));
#2807=CARTESIAN_POINT('',(33.1802343388702,55.8049485756029,-1.05714285714286));
#2808=CARTESIAN_POINT('',(32.9755369888245,55.3798901484114,-1.02857142857143));
#2809=CARTESIAN_POINT('',(32.9755369888245,54.9081108868469,-1.));
#2810=CARTESIAN_POINT('',(32.9755369888245,54.4363316252825,-0.971428571428574));
#2811=CARTESIAN_POINT('',(33.1802343388702,54.0112731980909,-0.942857142857146));
#2812=CARTESIAN_POINT('',(33.3849316889159,53.5862147708994,-0.914285714285716));
#2813=CARTESIAN_POINT('',(33.7537835683825,53.2920652125855,-0.885714285714288));
#2814=CARTESIAN_POINT('',(34.1226354478491,52.9979156542717,-0.857142857142859));
#2815=CARTESIAN_POINT('',(34.5825862183368,52.8929348923671,-0.828571428571431));
#2816=CARTESIAN_POINT('',(35.0425369888245,52.7879541304626,-0.800000000000002));
#2817=CARTESIAN_POINT('',(35.5024877593122,52.8929348923671,-0.771428571428574));
#2818=CARTESIAN_POINT('',(35.9624385297999,52.9979156542717,-0.742857142857145));
#2819=CARTESIAN_POINT('',(36.3312904092665,53.2920652125855,-0.714285714285717));
#2820=CARTESIAN_POINT('',(36.7001422887331,53.5862147708994,-0.685714285714288));
#2821=CARTESIAN_POINT('',(36.9048396387788,54.0112731980909,-0.65714285714286));
#2822=CARTESIAN_POINT('',(37.1095369888245,54.4363316252825,-0.628571428571431));
#2823=CARTESIAN_POINT('',(37.1095369888245,54.9081108868469,-0.600000000000002));
#2824=CARTESIAN_POINT('',(37.1095369888245,55.3798901484114,-0.571428571428573));
#2825=CARTESIAN_POINT('',(36.9048396387788,55.8049485756029,-0.542857142857145));
#2826=CARTESIAN_POINT('',(36.7001422887331,56.2300070027945,-0.514285714285716));
#2827=CARTESIAN_POINT('',(36.3312904092665,56.5241565611084,-0.485714285714288));
#2828=CARTESIAN_POINT('',(35.9624385297999,56.8183061194222,-0.457142857142859));
#2829=CARTESIAN_POINT('',(35.5024877593122,56.9232868813268,-0.428571428571431));
#2830=CARTESIAN_POINT('',(35.0425369888245,57.0282676432313,-0.400000000000002));
#2831=CARTESIAN_POINT('',(34.5825862183368,56.9232868813268,-0.371428571428574));
#2832=CARTESIAN_POINT('',(34.1226354478491,56.8183061194222,-0.342857142857145));
#2833=CARTESIAN_POINT('',(33.7537835683825,56.5241565611084,-0.314285714285717));
#2834=CARTESIAN_POINT('',(33.3849316889159,56.2300070027945,-0.285714285714288));
#2835=CARTESIAN_POINT('',(33.1802343388702,55.8049485756029,-0.257142857142859));
#2836=CARTESIAN_POINT('',(32.9755369888245,55.3798901484114,-0.22857142857143));
#2837=CARTESIAN_POINT('',(32.9755369888245,54.9081108868469,-0.200000000000002));
#2838=CARTESIAN_POINT('',(32.9755369888245,54.4363316252825,-0.171428571428573));
#2839=CARTESIAN_POINT('',(33.1802343388702,54.0112731980909,-0.142857142857145));
#2840=CARTESIAN_POINT('',(33.3849316889159,53.5862147708994,-0.114285714285716));
#2841=CARTESIAN_POINT('',(33.7537835683825,53.2920652125855,-0.0857142857142879));
#2842=CARTESIAN_POINT('',(34.1226354478491,52.9979156542717,-0.0571428571428589));
#2843=CARTESIAN_POINT('',(34.5825862183368,52.8929348923671,-0.0285714285714308));
#2844=CARTESIAN_POINT('',(35.0425369888245,52.7879541304626,-1.73472347597681E-15));
#2845=CARTESIAN_POINT('',(35.5024877593122,52.8929348923671,0.0285714285714264));
#2846=CARTESIAN_POINT('',(35.9624385297999,52.9979156542717,0.0571428571428554));
#2847=CARTESIAN_POINT('',(36.3312904092665,53.2920652125855,0.0857142857142836));
#2848=CARTESIAN_POINT('',(36.7001422887331,53.5862147708994,0.114285714285713));
#2849=CARTESIAN_POINT('',(36.9048396387788,54.0112731980909,0.142857142857141));
#2850=CARTESIAN_POINT('',(37.1095369888245,54.4363316252825,0.17142857142857));
#2851=CARTESIAN_POINT('',(37.1095369888245,54.9081108868469,0.199999999999998));
#2852=CARTESIAN_POINT('',(37.1095369888245,55.3798901484114,0.228571428571427));
#2853=CARTESIAN_POINT('',(36.9048396387788,55.8049485756029,0.257142857142855));
#2854=CARTESIAN_POINT('',(36.819283956311,55.9826067808457,0.269084624195354));
#2855=CARTESIAN_POINT('',(36.7016809969641,56.140884248116,0.28132634131213));
#2856=MECHANICAL_DESIGN_GEOMETRIC_PRESENTATION_REPRESENTATION('',(#406,
#407,#408,#409,#410,#411,#412,#413,#414,#415,#416,#417,#418,#419,#420,#421,
#422,#423,#424,#425,#426,#427),#2857);
#2857=(
GEOMETRIC_REPRESENTATION_CONTEXT(3)
GLOBAL_UNCERTAINTY_ASSIGNED_CONTEXT((#2858))
GLOBAL_UNIT_ASSIGNED_CONTEXT((#2861,#2860,#2859))
REPRESENTATION_CONTEXT('Bus bar','TOP_LEVEL_ASSEMBLY_PART')
);
#2858=UNCERTAINTY_MEASURE_WITH_UNIT(LENGTH_MEASURE(0.005),#2861,
'DISTANCE_ACCURACY_VALUE','Maximum Tolerance applied to model');
#2859=(
NAMED_UNIT(*)
SI_UNIT($,.STERADIAN.)
SOLID_ANGLE_UNIT()
);
#2860=(
NAMED_UNIT(*)
PLANE_ANGLE_UNIT()
SI_UNIT($,.RADIAN.)
);
#2861=(
LENGTH_UNIT()
NAMED_UNIT(*)
SI_UNIT(.MILLI.,.METRE.)
);
#2862=PRODUCT_DEFINITION_SHAPE('','',#2863);
#2863=PRODUCT_DEFINITION('','',#2865,#2864);
#2864=PRODUCT_DEFINITION_CONTEXT('',#2871,'design');
#2865=PRODUCT_DEFINITION_FORMATION_WITH_SPECIFIED_SOURCE('','',#2867,
 .NOT_KNOWN.);
#2866=PRODUCT_RELATED_PRODUCT_CATEGORY('','',(#2867));
#2867=PRODUCT('Bus bar','Bus bar','Bus bar',(#2869));
#2868=PRODUCT_CATEGORY('','');
#2869=PRODUCT_CONTEXT('',#2871,'mechanical');
#2870=APPLICATION_PROTOCOL_DEFINITION('international standard',
'automotive_design',2010,#2871);
#2871=APPLICATION_CONTEXT(
'core data for automotive mechanical design processes');
ENDSEC;
END-ISO-10303-21;
