ISO-10303-21;
HEADER;
/* Generated by software containing ST-Developer
 * from STEP Tools, Inc. (www.steptools.com) 
 */
/* OPTION: strings as raw bytes, not using required /X/ escapes */

FILE_DESCRIPTION(
/* description */ ('Unknown'),
/* implementation_level */ '2;1');

FILE_NAME(
/* name */ 'Lid v2',
/* time_stamp */ '2026-04-06T07:52:02+01:00',
/* author */ ('Joe Mann'),
/* organization */ ('Unknown'),
/* preprocessor_version */ 'ST-DEVELOPER v20',
/* originating_system */ 'Solid Edge',
/* authorisation */ 'Unknown');

FILE_SCHEMA (('AUTOMOTIVE_DESIGN {1 0 10303 214 3 1 1}'));
ENDSEC;

DATA;
#10=PROPERTY_DEFINITION_REPRESENTATION(#14,#12);
#11=PROPERTY_DEFINITION_REPRESENTATION(#15,#13);
#12=REPRESENTATION('',(#16),#8020);
#13=REPRESENTATION('',(#17),#8020);
#14=PROPERTY_DEFINITION('pmi validation property','',#8025);
#15=PROPERTY_DEFINITION('pmi validation property','',#8025);
#16=VALUE_REPRESENTATION_ITEM('number of annotations',COUNT_MEASURE(0.));
#17=VALUE_REPRESENTATION_ITEM('number of views',COUNT_MEASURE(0.));
#18=SHAPE_REPRESENTATION_RELATIONSHIP('','',#4105,#19);
#19=ADVANCED_BREP_SHAPE_REPRESENTATION('',(#4103),#8020);
#20=DEGENERATE_TOROIDAL_SURFACE('',#4616,1.,3.,.T.);
#21=DEGENERATE_TOROIDAL_SURFACE('',#4617,0.999999999999994,2.,.T.);
#22=TOROIDAL_SURFACE('',#4190,16.,3.);
#23=TOROIDAL_SURFACE('',#4194,16.,3.);
#24=TOROIDAL_SURFACE('',#4198,16.,3.);
#25=TOROIDAL_SURFACE('',#4202,16.,3.);
#26=TOROIDAL_SURFACE('',#4206,16.,3.);
#27=TOROIDAL_SURFACE('',#4210,16.,3.);
#28=TOROIDAL_SURFACE('',#4415,16.,3.);
#29=TOROIDAL_SURFACE('',#4416,16.,3.);
#30=TOROIDAL_SURFACE('',#4421,18.,3.);
#31=TOROIDAL_SURFACE('',#4425,16.,3.);
#32=TOROIDAL_SURFACE('',#4428,18.,3.);
#33=TOROIDAL_SURFACE('',#4431,16.,3.);
#34=TOROIDAL_SURFACE('',#4433,19.1,3.);
#35=TOROIDAL_SURFACE('',#4435,19.1,3.);
#36=TOROIDAL_SURFACE('',#4437,18.,3.);
#37=TOROIDAL_SURFACE('',#4440,18.,3.);
#38=TOROIDAL_SURFACE('',#4487,4.99999999999997,0.999999999999996);
#39=TOROIDAL_SURFACE('',#4498,5.,1.);
#40=TOROIDAL_SURFACE('',#4501,5.,0.999999999999997);
#41=TOROIDAL_SURFACE('',#4504,4.99999999999091,0.999999999999997);
#42=TOROIDAL_SURFACE('',#4507,5.,0.999999999999997);
#43=TOROIDAL_SURFACE('',#4543,9.,1.);
#44=TOROIDAL_SURFACE('',#4545,3.,1.);
#45=TOROIDAL_SURFACE('',#4549,3.,1.);
#46=TOROIDAL_SURFACE('',#4579,9.,1.);
#47=TOROIDAL_SURFACE('',#4581,3.,1.);
#48=TOROIDAL_SURFACE('',#4585,3.,1.);
#49=TOROIDAL_SURFACE('',#4608,4.,1.);
#50=TOROIDAL_SURFACE('',#4609,4.,1.);
#51=(
BOUNDED_SURFACE()
B_SPLINE_SURFACE(3,2,((#6145,#6146,#6147),(#6148,#6149,#6150),(#6151,#6152,
#6153),(#6154,#6155,#6156)),.UNSPECIFIED.,.F.,.F.,.F.)
B_SPLINE_SURFACE_WITH_KNOTS((4,4),(3,3),(0.,0.00477494937137686),(0.,1.),
 .PIECEWISE_BEZIER_KNOTS.)
GEOMETRIC_REPRESENTATION_ITEM()
RATIONAL_B_SPLINE_SURFACE(((1.,0.707106781186548,1.),(1.,0.691590063824827,
1.),(1.,0.682064552596671,1.),(1.,0.681422641718435,1.)))
REPRESENTATION_ITEM('')
SURFACE()
);
#52=(
BOUNDED_SURFACE()
B_SPLINE_SURFACE(3,2,((#6783,#6784,#6785),(#6786,#6787,#6788),(#6789,#6790,
#6791),(#6792,#6793,#6794),(#6795,#6796,#6797),(#6798,#6799,#6800),(#6801,
#6802,#6803)),.UNSPECIFIED.,.F.,.F.,.F.)
B_SPLINE_SURFACE_WITH_KNOTS((4,1,1,1,4),(3,3),(4.87574462995276,5.12354799619335,
5.37135136243394,5.61915472867453,5.86695809491512),(0.,1.),
 .UNSPECIFIED.)
GEOMETRIC_REPRESENTATION_ITEM()
RATIONAL_B_SPLINE_SURFACE(((1.,0.993365857352377,1.),(1.,0.986694302125776,
1.),(1.,0.963324358915473,1.),(1.,0.903731270150269,1.),(1.,0.830231590634448,
1.),(1.,0.782739183304444,1.),(1.,0.762715128301571,1.)))
REPRESENTATION_ITEM('')
SURFACE()
);
#53=(
BOUNDED_SURFACE()
B_SPLINE_SURFACE(3,2,((#6809,#6810,#6811),(#6812,#6813,#6814),(#6815,#6816,
#6817),(#6818,#6819,#6820),(#6821,#6822,#6823),(#6824,#6825,#6826),(#6827,
#6828,#6829),(#6830,#6831,#6832),(#6833,#6834,#6835)),.UNSPECIFIED.,.F.,
 .F.,.F.)
B_SPLINE_SURFACE_WITH_KNOTS((4,1,1,1,1,1,4),(3,3),(0.,0.000620385637409505,
0.000930578456114258,0.00124077127481901,0.00155096409352376,0.00186115691222852,
0.00248154254963802),(0.,1.),.UNSPECIFIED.)
GEOMETRIC_REPRESENTATION_ITEM()
RATIONAL_B_SPLINE_SURFACE(((1.,0.827215639531624,1.),(1.,0.827215639140225,
1.),(1.,0.825180677219208,1.),(1.,0.818305807187451,1.),(1.,0.81121038119925,
1.),(1.,0.801984417571236,1.),(1.,0.787285230620261,1.),(1.,0.773255312776746,
1.),(1.,0.762715128301571,1.)))
REPRESENTATION_ITEM('')
SURFACE()
);
#54=(
BOUNDED_SURFACE()
B_SPLINE_SURFACE(3,2,((#6839,#6840,#6841),(#6842,#6843,#6844),(#6845,#6846,
#6847),(#6848,#6849,#6850),(#6851,#6852,#6853),(#6854,#6855,#6856),(#6857,
#6858,#6859),(#6860,#6861,#6862),(#6863,#6864,#6865)),.UNSPECIFIED.,.F.,
 .F.,.F.)
B_SPLINE_SURFACE_WITH_KNOTS((4,1,1,1,1,1,4),(3,3),(-1.6154612370034E-17,
0.000620886161355232,0.000931329242032856,0.00124177232271048,0.00186265848406573,
0.00217310156474335,0.00248354464542098),(0.,1.),.UNSPECIFIED.)
GEOMETRIC_REPRESENTATION_ITEM()
RATIONAL_B_SPLINE_SURFACE(((1.,0.762715128301571,1.),(1.,0.773265521637814,
1.),(1.,0.787035987483189,1.),(1.,0.802011710230336,1.),(1.,0.814097433193486,
1.),(1.,0.822396809570932,1.),(1.,0.826503950326136,1.),(1.,0.827215639453897,
1.),(1.,0.827215639531623,1.)))
REPRESENTATION_ITEM('')
SURFACE()
);
#55=(
BOUNDED_SURFACE()
B_SPLINE_SURFACE(3,2,((#6867,#6868,#6869),(#6870,#6871,#6872),(#6873,#6874,
#6875),(#6876,#6877,#6878),(#6879,#6880,#6881),(#6882,#6883,#6884),(#6885,
#6886,#6887)),.UNSPECIFIED.,.F.,.F.,.F.)
B_SPLINE_SURFACE_WITH_KNOTS((4,1,1,1,4),(3,3),(3.55781986585426,3.80562323209472,
4.05342659833518,4.30122996457564,4.5490333308161),(0.,1.),
 .UNSPECIFIED.)
GEOMETRIC_REPRESENTATION_ITEM()
RATIONAL_B_SPLINE_SURFACE(((1.,0.76271512830157,1.),(1.,0.782739183304963,
1.),(1.,0.83023159063416,1.),(1.,0.903731270150262,1.),(1.,0.963324358915363,
1.),(1.,0.986694302125737,1.),(1.,0.993365857352335,1.)))
REPRESENTATION_ITEM('')
SURFACE()
);
#56=(
BOUNDED_SURFACE()
B_SPLINE_SURFACE(3,2,((#6934,#6935,#6936),(#6937,#6938,#6939),(#6940,#6941,
#6942),(#6943,#6944,#6945),(#6946,#6947,#6948),(#6949,#6950,#6951),(#6952,
#6953,#6954),(#6955,#6956,#6957),(#6958,#6959,#6960),(#6961,#6962,#6963),
(#6964,#6965,#6966)),.UNSPECIFIED.,.F.,.F.,.F.)
B_SPLINE_SURFACE_WITH_KNOTS((4,1,1,1,1,1,1,1,4),(3,3),(0.023172757769512,
0.0269022541968296,0.0306317506241472,0.0343612470514648,0.0380907434787824,
0.0418202399061001,0.0455497363334177,0.0492792327607353,0.0530087291880529),
(0.,0.838735712509472),.UNSPECIFIED.)
GEOMETRIC_REPRESENTATION_ITEM()
RATIONAL_B_SPLINE_SURFACE(((1.,0.936292289086088,0.979452442783631),(1.,
0.936454174909557,0.979504655587584),(1.,0.933428326954273,0.978528733158457),
(1.,0.919298032219735,0.973971309333664),(1.,0.897853107391008,0.967054708288079),
(1.,0.870113029429993,0.958107740473449),(1.,0.838904244701234,0.948042015607992),
(1.,0.80584249622304,0.937378656984938),(1.,0.775542535041122,0.927606053682953),
(1.,0.759956865977425,0.922579230049712),(1.,0.754339991740401,0.920767627606197)))
REPRESENTATION_ITEM('')
SURFACE()
);
#57=(
BOUNDED_SURFACE()
B_SPLINE_SURFACE(3,2,((#6976,#6977,#6978),(#6979,#6980,#6981),(#6982,#6983,
#6984),(#6985,#6986,#6987),(#6988,#6989,#6990),(#6991,#6992,#6993),(#6994,
#6995,#6996),(#6997,#6998,#6999),(#7000,#7001,#7002),(#7003,#7004,#7005),
(#7006,#7007,#7008)),.UNSPECIFIED.,.F.,.F.,.F.)
B_SPLINE_SURFACE_WITH_KNOTS((4,1,1,1,1,1,1,1,4),(3,3),(0.0103228929492971,
0.0111420696867309,0.0119612464241647,0.0127804231615984,0.0135995998990322,
0.014418776636466,0.0152379533738998,0.0160571301113335,0.0168763068487673),
(0.,1.),.UNSPECIFIED.)
GEOMETRIC_REPRESENTATION_ITEM()
RATIONAL_B_SPLINE_SURFACE(((1.,0.769198717280952,1.),(1.,0.769198717283853,
1.),(1.,0.769160877155771,1.),(1.,0.768710271805464,1.),(1.,0.767160410093556,
1.),(1.,0.763411566034181,1.),(1.,0.756331961215491,1.),(1.,0.745141804049532,
1.),(1.,0.728997208142728,1.),(1.,0.714971571349939,1.),(1.,0.707106781186491,
1.)))
REPRESENTATION_ITEM('')
SURFACE()
);
#58=(
BOUNDED_SURFACE()
B_SPLINE_SURFACE(3,2,((#7016,#7017,#7018),(#7019,#7020,#7021),(#7022,#7023,
#7024),(#7025,#7026,#7027),(#7028,#7029,#7030),(#7031,#7032,#7033),(#7034,
#7035,#7036),(#7037,#7038,#7039),(#7040,#7041,#7042)),.UNSPECIFIED.,.F.,
 .F.,.F.)
B_SPLINE_SURFACE_WITH_KNOTS((4,1,1,1,1,1,4),(3,3),(0.0121801014105576,0.0138135746033324,
0.0154470477961072,0.0162637843924946,0.017080520988882,0.0178972575852694,
0.0187139941816568),(0.,1.),.UNSPECIFIED.)
GEOMETRIC_REPRESENTATION_ITEM()
RATIONAL_B_SPLINE_SURFACE(((1.,0.707106781186547,1.),(1.,0.722651825415111,
1.),(1.,0.747648090811521,1.),(1.,0.762166838639979,1.),(1.,0.767143966249641,
1.),(1.,0.768716425554716,1.),(1.,0.769157555987515,1.),(1.,0.769198717282002,
1.),(1.,0.769198717280954,1.)))
REPRESENTATION_ITEM('')
SURFACE()
);
#59=(
BOUNDED_SURFACE()
B_SPLINE_SURFACE(3,2,((#7049,#7050,#7051),(#7052,#7053,#7054),(#7055,#7056,
#7057),(#7058,#7059,#7060),(#7061,#7062,#7063),(#7064,#7065,#7066),(#7067,
#7068,#7069),(#7070,#7071,#7072),(#7073,#7074,#7075),(#7076,#7077,#7078),
(#7079,#7080,#7081)),.UNSPECIFIED.,.F.,.F.,.F.)
B_SPLINE_SURFACE_WITH_KNOTS((4,1,1,1,1,1,1,1,4),(3,3),(0.027246873092194,
0.0309633281809635,0.0346797832697329,0.0383962383585023,0.0421126934472718,
0.0458291485360412,0.0495456036248106,0.05326205871358,0.0569785138023495),
(0.161264282122755,1.),.UNSPECIFIED.)
GEOMETRIC_REPRESENTATION_ITEM()
RATIONAL_B_SPLINE_SURFACE(((0.979452533279922,0.936292567549345,1.),(0.979503436312371,
0.936450392430896,1.),(0.978502104291278,0.933345761920305,1.),(0.974003813541301,
0.919398808848102,1.),(0.966987960254623,0.897646151674651,1.),(0.958135760165715,
0.87019990017871,1.),(0.947955815369458,0.838636975449637,1.),(0.937429302921179,
0.805999517515007,1.),(0.927545034917449,0.775353338852189,1.),(0.922589182868564,
0.759987716708058,1.),(0.920767631571252,0.754339995857122,1.)))
REPRESENTATION_ITEM('')
SURFACE()
);
#60=(
BOUNDED_SURFACE()
B_SPLINE_SURFACE(3,2,((#7154,#7155,#7156),(#7157,#7158,#7159),(#7160,#7161,
#7162),(#7163,#7164,#7165)),.UNSPECIFIED.,.F.,.F.,.F.)
B_SPLINE_SURFACE_WITH_KNOTS((4,4),(3,3),(0.,0.00846441811670528),(0.,1.),
 .PIECEWISE_BEZIER_KNOTS.)
GEOMETRIC_REPRESENTATION_ITEM()
RATIONAL_B_SPLINE_SURFACE(((1.,0.814727481777426,1.),(1.,0.782292160576574,
1.),(1.,0.746164662980795,1.),(1.,0.707106781186549,1.)))
REPRESENTATION_ITEM('')
SURFACE()
);
#61=(
BOUNDED_SURFACE()
B_SPLINE_SURFACE(3,2,((#7217,#7218,#7219),(#7220,#7221,#7222),(#7223,#7224,
#7225),(#7226,#7227,#7228)),.UNSPECIFIED.,.F.,.F.,.F.)
B_SPLINE_SURFACE_WITH_KNOTS((4,4),(3,3),(0.,0.0084644181166795),(0.,1.),
 .PIECEWISE_BEZIER_KNOTS.)
GEOMETRIC_REPRESENTATION_ITEM()
RATIONAL_B_SPLINE_SURFACE(((1.,0.707106781186548,1.),(1.,0.746164662982269,
1.),(1.,0.782292160574014,1.),(1.,0.81472748177712,1.)))
REPRESENTATION_ITEM('')
SURFACE()
);
#62=(
BOUNDED_SURFACE()
B_SPLINE_SURFACE(3,2,((#7333,#7334,#7335),(#7336,#7337,#7338),(#7339,#7340,
#7341),(#7342,#7343,#7344),(#7345,#7346,#7347),(#7348,#7349,#7350),(#7351,
#7352,#7353)),.UNSPECIFIED.,.F.,.F.,.F.)
B_SPLINE_SURFACE_WITH_KNOTS((4,1,1,1,4),(3,3),(0.00665271429462536,0.0074477738363657,
0.00824283337810605,0.0090378929198464,0.00983295246158675),(0.,1.),
 .UNSPECIFIED.)
GEOMETRIC_REPRESENTATION_ITEM()
RATIONAL_B_SPLINE_SURFACE(((1.,0.707106781186548,1.),(1.,0.704727677890896,
1.),(1.,0.684014406133273,1.),(1.,0.614753284159111,1.),(1.,0.534496461048795,
1.),(1.,0.5070925542438,1.),(1.,0.507092552837106,1.)))
REPRESENTATION_ITEM('')
SURFACE()
);
#63=(
BOUNDED_SURFACE()
B_SPLINE_SURFACE(3,2,((#7357,#7358,#7359),(#7360,#7361,#7362),(#7363,#7364,
#7365),(#7366,#7367,#7368),(#7369,#7370,#7371),(#7372,#7373,#7374),(#7375,
#7376,#7377)),.UNSPECIFIED.,.F.,.F.,.F.)
B_SPLINE_SURFACE_WITH_KNOTS((4,1,1,1,4),(3,3),(0.00665271429462534,0.00744777383636569,
0.00824283337810604,0.00903789291984639,0.00983295246158675),(0.,1.),
 .UNSPECIFIED.)
GEOMETRIC_REPRESENTATION_ITEM()
RATIONAL_B_SPLINE_SURFACE(((1.,0.707106781186548,1.),(1.,0.704727677889594,
1.),(1.,0.684014406134111,1.),(1.,0.614753284158141,1.),(1.,0.53449646105186,
1.),(1.,0.507092554237296,1.),(1.,0.507092552837122,1.)))
REPRESENTATION_ITEM('')
SURFACE()
);
#64=(
BOUNDED_SURFACE()
B_SPLINE_SURFACE(3,2,((#7434,#7435,#7436),(#7437,#7438,#7439),(#7440,#7441,
#7442),(#7443,#7444,#7445),(#7446,#7447,#7448),(#7449,#7450,#7451),(#7452,
#7453,#7454)),.UNSPECIFIED.,.F.,.F.,.F.)
B_SPLINE_SURFACE_WITH_KNOTS((4,1,1,1,4),(3,3),(0.00665271429462488,0.00744777383636538,
0.00824283337810587,0.00903789291984636,0.00983295246158686),(0.,1.),
 .UNSPECIFIED.)
GEOMETRIC_REPRESENTATION_ITEM()
RATIONAL_B_SPLINE_SURFACE(((1.,0.707106781186548,1.),(1.,0.704727677893376,
1.),(1.,0.68401440613192,1.),(1.,0.614753284158913,1.),(1.,0.534496461048454,
1.),(1.,0.507092554242195,1.),(1.,0.507092552836356,1.)))
REPRESENTATION_ITEM('')
SURFACE()
);
#65=(
BOUNDED_SURFACE()
B_SPLINE_SURFACE(3,2,((#7458,#7459,#7460),(#7461,#7462,#7463),(#7464,#7465,
#7466),(#7467,#7468,#7469),(#7470,#7471,#7472),(#7473,#7474,#7475),(#7476,
#7477,#7478)),.UNSPECIFIED.,.F.,.F.,.F.)
B_SPLINE_SURFACE_WITH_KNOTS((4,1,1,1,4),(3,3),(0.00665271429462567,0.0074477738363659,
0.00824283337810613,0.00903789291984636,0.00983295246158659),(0.,1.),
 .UNSPECIFIED.)
GEOMETRIC_REPRESENTATION_ITEM()
RATIONAL_B_SPLINE_SURFACE(((1.,0.707106781186548,1.),(1.,0.704727677891404,
1.),(1.,0.684014406133357,1.),(1.,0.614753284159033,1.),(1.,0.534496461050951,
1.),(1.,0.507092554240823,1.),(1.,0.507092552837699,1.)))
REPRESENTATION_ITEM('')
SURFACE()
);
#66=(
BOUNDED_SURFACE()
B_SPLINE_SURFACE(3,2,((#7479,#7480,#7481),(#7482,#7483,#7484),(#7485,#7486,
#7487),(#7488,#7489,#7490),(#7491,#7492,#7493),(#7494,#7495,#7496),(#7497,
#7498,#7499)),.UNSPECIFIED.,.F.,.F.,.F.)
B_SPLINE_SURFACE_WITH_KNOTS((4,1,1,1,4),(3,3),(0.00665271429462589,0.00744777383636605,
0.00824283337810622,0.00903789291984638,0.00983295246158655),(0.,1.),
 .UNSPECIFIED.)
GEOMETRIC_REPRESENTATION_ITEM()
RATIONAL_B_SPLINE_SURFACE(((1.,0.707106781186547,1.),(1.,0.704727677890058,
1.),(1.,0.684014406134237,1.),(1.,0.614753284158447,1.),(1.,0.534496461053501,
1.),(1.,0.507092554236327,1.),(1.,0.507092552838026,1.)))
REPRESENTATION_ITEM('')
SURFACE()
);
#67=(
BOUNDED_SURFACE()
B_SPLINE_SURFACE(3,2,((#7503,#7504,#7505),(#7506,#7507,#7508),(#7509,#7510,
#7511),(#7512,#7513,#7514),(#7515,#7516,#7517),(#7518,#7519,#7520),(#7521,
#7522,#7523)),.UNSPECIFIED.,.F.,.F.,.F.)
B_SPLINE_SURFACE_WITH_KNOTS((4,1,1,1,4),(3,3),(0.00665271429462481,0.00744777383636533,
0.00824283337810586,0.00903789291984638,0.0098329524615869),(0.,1.),
 .UNSPECIFIED.)
GEOMETRIC_REPRESENTATION_ITEM()
RATIONAL_B_SPLINE_SURFACE(((1.,0.707106781186548,1.),(1.,0.704727677890414,
1.),(1.,0.684014406133345,1.),(1.,0.614753284158166,1.),(1.,0.534496461049544,
1.),(1.,0.507092554239707,1.),(1.,0.507092552836229,1.)))
REPRESENTATION_ITEM('')
SURFACE()
);
#68=(
BOUNDED_SURFACE()
B_SPLINE_SURFACE(3,2,((#7524,#7525,#7526),(#7527,#7528,#7529),(#7530,#7531,
#7532),(#7533,#7534,#7535),(#7536,#7537,#7538),(#7539,#7540,#7541),(#7542,
#7543,#7544)),.UNSPECIFIED.,.F.,.F.,.F.)
B_SPLINE_SURFACE_WITH_KNOTS((4,1,1,1,4),(3,3),(0.00665271429462619,0.00744777383636655,
0.00824283337810691,0.00903789291984726,0.00983295246158762),(0.,1.),
 .UNSPECIFIED.)
GEOMETRIC_REPRESENTATION_ITEM()
RATIONAL_B_SPLINE_SURFACE(((1.,0.707106781186547,1.),(1.,0.704727677891955,
1.),(1.,0.684014406132796,1.),(1.,0.614753284159161,1.),(1.,0.534496461048666,
1.),(1.,0.507092554243396,1.),(1.,0.507092552836879,1.)))
REPRESENTATION_ITEM('')
SURFACE()
);
#69=(
BOUNDED_SURFACE()
B_SPLINE_SURFACE(3,2,((#7548,#7549,#7550),(#7551,#7552,#7553),(#7554,#7555,
#7556),(#7557,#7558,#7559),(#7560,#7561,#7562),(#7563,#7564,#7565),(#7566,
#7567,#7568)),.UNSPECIFIED.,.F.,.F.,.F.)
B_SPLINE_SURFACE_WITH_KNOTS((4,1,1,1,4),(3,3),(0.00665271429462621,0.00744777383636656,
0.0082428333781069,0.00903789291984725,0.0098329524615876),(0.,1.),
 .UNSPECIFIED.)
GEOMETRIC_REPRESENTATION_ITEM()
RATIONAL_B_SPLINE_SURFACE(((1.,0.707106781186548,1.),(1.,0.704727677890759,
1.),(1.,0.684014406133452,1.),(1.,0.614753284158735,1.),(1.,0.534496461049831,
1.),(1.,0.507092554241085,1.),(1.,0.507092552836914,1.)))
REPRESENTATION_ITEM('')
SURFACE()
);
#70=(
BOUNDED_SURFACE()
B_SPLINE_SURFACE(3,2,((#7569,#7570,#7571),(#7572,#7573,#7574),(#7575,#7576,
#7577),(#7578,#7579,#7580),(#7581,#7582,#7583),(#7584,#7585,#7586),(#7587,
#7588,#7589)),.UNSPECIFIED.,.F.,.F.,.F.)
B_SPLINE_SURFACE_WITH_KNOTS((4,1,1,1,4),(3,3),(0.00665271429462582,0.00744777383636601,
0.00824283337810621,0.0090378929198464,0.00983295246158659),(0.,1.),
 .UNSPECIFIED.)
GEOMETRIC_REPRESENTATION_ITEM()
RATIONAL_B_SPLINE_SURFACE(((1.,0.70710678118655,1.),(1.,0.704727677889806,
1.),(1.,0.684014406134043,1.),(1.,0.61475328415927,1.),(1.,0.534496461050031,
1.),(1.,0.507092554243432,1.),(1.,0.507092552837889,1.)))
REPRESENTATION_ITEM('')
SURFACE()
);
#71=(
BOUNDED_SURFACE()
B_SPLINE_SURFACE(3,2,((#7593,#7594,#7595),(#7596,#7597,#7598),(#7599,#7600,
#7601),(#7602,#7603,#7604),(#7605,#7606,#7607),(#7608,#7609,#7610),(#7611,
#7612,#7613)),.UNSPECIFIED.,.F.,.F.,.F.)
B_SPLINE_SURFACE_WITH_KNOTS((4,1,1,1,4),(3,3),(0.00665271429462497,0.00744777383636544,
0.00824283337810591,0.00903789291984638,0.00983295246158685),(0.,1.),
 .UNSPECIFIED.)
GEOMETRIC_REPRESENTATION_ITEM()
RATIONAL_B_SPLINE_SURFACE(((1.,0.70710678118655,1.),(1.,0.704727677887978,
1.),(1.,0.684014406134774,1.),(1.,0.614753284157264,1.),(1.,0.534496461052648,
1.),(1.,0.507092554233952,1.),(1.,0.507092552836507,1.)))
REPRESENTATION_ITEM('')
SURFACE()
);
#72=(
BOUNDED_SURFACE()
B_SPLINE_SURFACE(3,2,((#7614,#7615,#7616),(#7617,#7618,#7619),(#7620,#7621,
#7622),(#7623,#7624,#7625),(#7626,#7627,#7628),(#7629,#7630,#7631),(#7632,
#7633,#7634)),.UNSPECIFIED.,.F.,.F.,.F.)
B_SPLINE_SURFACE_WITH_KNOTS((4,1,1,1,4),(3,3),(1.5707963267949,1.96349540849362,
2.35619449019234,2.74889357189107,3.14159265358979),(0.,1.),
 .UNSPECIFIED.)
GEOMETRIC_REPRESENTATION_ITEM()
RATIONAL_B_SPLINE_SURFACE(((1.,1.,1.),(1.,0.999999999998818,1.),(1.,0.973464424251709,
1.),(1.,0.86902903440773,1.),(1.,0.746571860823999,1.),(1.,0.707106781199918,
1.),(1.,0.707106781186548,1.)))
REPRESENTATION_ITEM('')
SURFACE()
);
#73=(
BOUNDED_SURFACE()
B_SPLINE_SURFACE(3,2,((#7637,#7638,#7639),(#7640,#7641,#7642),(#7643,#7644,
#7645),(#7646,#7647,#7648),(#7649,#7650,#7651),(#7652,#7653,#7654),(#7655,
#7656,#7657)),.UNSPECIFIED.,.F.,.F.,.F.)
B_SPLINE_SURFACE_WITH_KNOTS((4,1,1,1,4),(3,3),(1.5707963267949,1.96349540849362,
2.35619449019234,2.74889357189107,3.14159265358979),(0.,1.),
 .UNSPECIFIED.)
GEOMETRIC_REPRESENTATION_ITEM()
RATIONAL_B_SPLINE_SURFACE(((1.,1.,1.),(1.,0.999999999998818,1.),(1.,0.973464424251709,
1.),(1.,0.869029034407732,1.),(1.,0.746571860823994,1.),(1.,0.707106781199934,
1.),(1.,0.707106781186547,1.)))
REPRESENTATION_ITEM('')
SURFACE()
);
#74=(
BOUNDED_SURFACE()
B_SPLINE_SURFACE(3,2,((#7660,#7661,#7662),(#7663,#7664,#7665),(#7666,#7667,
#7668),(#7669,#7670,#7671),(#7672,#7673,#7674),(#7675,#7676,#7677),(#7678,
#7679,#7680)),.UNSPECIFIED.,.F.,.F.,.F.)
B_SPLINE_SURFACE_WITH_KNOTS((4,1,1,1,4),(3,3),(1.5707963267949,1.96349540849362,
2.35619449019234,2.74889357189107,3.14159265358979),(0.,1.),
 .UNSPECIFIED.)
GEOMETRIC_REPRESENTATION_ITEM()
RATIONAL_B_SPLINE_SURFACE(((1.,1.,1.),(1.,0.999999999998818,1.),(1.,0.973464424251709,
1.),(1.,0.869029034407726,1.),(1.,0.746571860824014,1.),(1.,0.707106781199884,
1.),(1.,0.707106781186548,1.)))
REPRESENTATION_ITEM('')
SURFACE()
);
#75=(
BOUNDED_SURFACE()
B_SPLINE_SURFACE(3,2,((#7683,#7684,#7685),(#7686,#7687,#7688),(#7689,#7690,
#7691),(#7692,#7693,#7694),(#7695,#7696,#7697),(#7698,#7699,#7700),(#7701,
#7702,#7703)),.UNSPECIFIED.,.F.,.F.,.F.)
B_SPLINE_SURFACE_WITH_KNOTS((4,1,1,1,4),(3,3),(1.5707963267949,1.96349540849362,
2.35619449019234,2.74889357189107,3.14159265358979),(0.,1.),
 .UNSPECIFIED.)
GEOMETRIC_REPRESENTATION_ITEM()
RATIONAL_B_SPLINE_SURFACE(((1.,1.,1.),(1.,0.999999999998818,1.),(1.,0.973464424251709,
1.),(1.,0.869029034407727,1.),(1.,0.746571860824017,1.),(1.,0.707106781199884,
1.),(1.,0.707106781186548,1.)))
REPRESENTATION_ITEM('')
SURFACE()
);
#76=(
BOUNDED_SURFACE()
B_SPLINE_SURFACE(3,2,((#7708,#7709,#7710),(#7711,#7712,#7713),(#7714,#7715,
#7716),(#7717,#7718,#7719)),.UNSPECIFIED.,.F.,.F.,.F.)
B_SPLINE_SURFACE_WITH_KNOTS((4,4),(3,3),(0.0596817292149856,0.0637669731285663),
(0.,1.),.PIECEWISE_BEZIER_KNOTS.)
GEOMETRIC_REPRESENTATION_ITEM()
RATIONAL_B_SPLINE_SURFACE(((1.,0.731809417605895,1.),(1.,0.733702562853783,
1.),(1.,0.735603156441847,1.),(1.,0.737643306116732,1.)))
REPRESENTATION_ITEM('')
SURFACE()
);
#77=(
BOUNDED_SURFACE()
B_SPLINE_SURFACE(3,2,((#7721,#7722,#7723),(#7724,#7725,#7726),(#7727,#7728,
#7729),(#7730,#7731,#7732),(#7733,#7734,#7735),(#7736,#7737,#7738),(#7739,
#7740,#7741),(#7742,#7743,#7744),(#7745,#7746,#7747),(#7748,#7749,#7750)),
 .UNSPECIFIED.,.F.,.F.,.F.)
B_SPLINE_SURFACE_WITH_KNOTS((4,1,1,1,1,1,1,4),(3,3),(-0.00418554137982233,
-0.00151435762659554,0.00115682612663124,0.00649919363308482,0.0091703773863116,
0.0118415611395384,0.0145127448927652,0.017183928645992),(0.,1.),
 .UNSPECIFIED.)
GEOMETRIC_REPRESENTATION_ITEM()
RATIONAL_B_SPLINE_SURFACE(((1.,0.737643306116732,1.),(1.,0.772251432017829,
1.),(1.,0.826448525002837,1.),(1.,0.896041335002821,1.),(1.,0.937190946497939,
1.),(1.,0.966188297642015,1.),(1.,0.98302608848003,1.),(1.,0.995238143944529,
1.),(1.,0.99999999964126,1.),(1.,1.,1.)))
REPRESENTATION_ITEM('')
SURFACE()
);
#78=(
BOUNDED_SURFACE()
B_SPLINE_SURFACE(3,2,((#7753,#7754,#7755),(#7756,#7757,#7758),(#7759,#7760,
#7761),(#7762,#7763,#7764),(#7765,#7766,#7767),(#7768,#7769,#7770),(#7771,
#7772,#7773),(#7774,#7775,#7776),(#7777,#7778,#7779),(#7780,#7781,#7782)),
 .UNSPECIFIED.,.F.,.F.,.F.)
B_SPLINE_SURFACE_WITH_KNOTS((4,1,1,1,1,1,1,4),(3,3),(-0.0172838409821302,
-0.0145978791249144,-0.0119119172676987,-0.00922595541048288,-0.00653999355326711,
-0.00116806983883556,0.00151789201838021,0.00420385387559599),(0.,1.),
 .UNSPECIFIED.)
GEOMETRIC_REPRESENTATION_ITEM()
RATIONAL_B_SPLINE_SURFACE(((1.,1.,1.),(1.,0.999999999639275,1.),(1.,0.995333349816898,
1.),(1.,0.983152829181187,1.),(1.,0.966420850532727,1.),(1.,0.937577276083154,
1.),(1.,0.89618075532564,1.),(1.,0.826511891077316,1.),(1.,0.772269625526388,
1.),(1.,0.737643306116717,1.)))
REPRESENTATION_ITEM('')
SURFACE()
);
#79=(
BOUNDED_SURFACE()
B_SPLINE_SURFACE(3,2,((#7784,#7785,#7786),(#7787,#7788,#7789),(#7790,#7791,
#7792),(#7793,#7794,#7795)),.UNSPECIFIED.,.F.,.F.,.F.)
B_SPLINE_SURFACE_WITH_KNOTS((4,4),(3,3),(0.064399838278909,0.0684891258467723),
(0.,1.),.PIECEWISE_BEZIER_KNOTS.)
GEOMETRIC_REPRESENTATION_ITEM()
RATIONAL_B_SPLINE_SURFACE(((1.,0.737643306116729,1.),(1.,0.735600047070642,
1.),(1.,0.733699694936818,1.),(1.,0.731809417605894,1.)))
REPRESENTATION_ITEM('')
SURFACE()
);
#80=(
BOUNDED_SURFACE()
B_SPLINE_SURFACE(3,2,((#7983,#7984,#7985),(#7986,#7987,#7988),(#7989,#7990,
#7991),(#7992,#7993,#7994),(#7995,#7996,#7997)),.UNSPECIFIED.,.F.,.F.,.F.)
B_SPLINE_SURFACE_WITH_KNOTS((4,1,4),(3,3),(-0.00288080857120405,-0.000580145719374705,
0.00172051713245464),(0.,1.),.UNSPECIFIED.)
GEOMETRIC_REPRESENTATION_ITEM()
RATIONAL_B_SPLINE_SURFACE(((1.,1.,1.),(1.,0.999999997861796,1.),(1.,0.978674722617175,
1.),(1.,0.897133172760426,1.),(1.,0.834460513397723,1.)))
REPRESENTATION_ITEM('')
SURFACE()
);
#81=ELLIPSE('',#4177,38.0788655293195,15.);
#82=ELLIPSE('',#4181,38.0788655293195,15.);
#83=ELLIPSE('',#4374,38.0788655293195,15.);
#84=ELLIPSE('',#4375,38.0788655293195,15.);
#85=ELLIPSE('',#4402,2.92061637330204,1.8);
#86=ELLIPSE('',#4403,2.92061637330204,1.8);
#87=ELLIPSE('',#4405,2.92061637330205,1.8);
#88=ELLIPSE('',#4406,2.92061637330204,1.8);
#89=ELLIPSE('',#4408,2.92061637330205,1.8);
#90=ELLIPSE('',#4409,2.92061637330205,1.8);
#91=ELLIPSE('',#4411,2.92061637330204,1.8);
#92=ELLIPSE('',#4412,2.92061637330204,1.8);
#93=B_SPLINE_SURFACE_WITH_KNOTS('',3,3,((#6000,#6001,#6002,#6003,#6004),
(#6005,#6006,#6007,#6008,#6009),(#6010,#6011,#6012,#6013,#6014),(#6015,
#6016,#6017,#6018,#6019),(#6020,#6021,#6022,#6023,#6024)),.UNSPECIFIED.,
 .F.,.F.,.F.,(4,1,4),(4,1,4),(0.,0.000967190679706097,0.00193438135941219),
(0.78725382266168,0.91585985251549,1.0444658823693),.UNSPECIFIED.);
#94=B_SPLINE_CURVE_WITH_KNOTS('',3,(#5989,#5990,#5991,#5992),
 .UNSPECIFIED.,.F.,.F.,(4,4),(0.,0.00846441811670524),.UNSPECIFIED.);
#95=B_SPLINE_CURVE_WITH_KNOTS('',3,(#5996,#5997,#5998,#5999),
 .UNSPECIFIED.,.F.,.F.,(4,4),(0.,0.00152974808593676),.UNSPECIFIED.);
#96=B_SPLINE_CURVE_WITH_KNOTS('',3,(#6028,#6029,#6030,#6031),
 .UNSPECIFIED.,.F.,.F.,(4,4),(0.,0.00169699495568922),.UNSPECIFIED.);
#97=B_SPLINE_CURVE_WITH_KNOTS('',3,(#6033,#6034,#6035,#6036),
 .UNSPECIFIED.,.F.,.F.,(4,4),(0.,0.00162861612332899),.UNSPECIFIED.);
#98=B_SPLINE_CURVE_WITH_KNOTS('',3,(#6157,#6158,#6159,#6160),
 .UNSPECIFIED.,.F.,.F.,(4,4),(0.,0.00086657599850594),.UNSPECIFIED.);
#99=B_SPLINE_CURVE_WITH_KNOTS('',3,(#6163,#6164,#6165,#6166,#6167),
 .UNSPECIFIED.,.F.,.F.,(4,1,4),(0.000299168810032309,0.00281095131552595,
0.00532273382101959),.UNSPECIFIED.);
#100=B_SPLINE_CURVE_WITH_KNOTS('',3,(#6171,#6172,#6173,#6174),
 .UNSPECIFIED.,.F.,.F.,(4,4),(0.00571931603543207,0.00868851572742604),
 .UNSPECIFIED.);
#101=B_SPLINE_CURVE_WITH_KNOTS('',3,(#6176,#6177,#6178,#6179),
 .UNSPECIFIED.,.F.,.F.,(4,4),(-1.10620723800257E-5,0.00082907853612623),
 .UNSPECIFIED.);
#102=B_SPLINE_CURVE_WITH_KNOTS('',3,(#6212,#6213,#6214,#6215,#6216),
 .UNSPECIFIED.,.F.,.F.,(4,1,4),(0.,0.00237784672867618,0.00475569345735236),
 .UNSPECIFIED.);
#103=B_SPLINE_CURVE_WITH_KNOTS('',3,(#6224,#6225,#6226,#6227,#6228),
 .UNSPECIFIED.,.F.,.F.,(4,1,4),(0.,0.00237784672867639,0.00475569345735278),
 .UNSPECIFIED.);
#104=B_SPLINE_CURVE_WITH_KNOTS('',3,(#6237,#6238,#6239,#6240,#6241),
 .UNSPECIFIED.,.F.,.F.,(4,1,4),(0.,0.00237784672867607,0.00475569345735214),
 .UNSPECIFIED.);
#105=B_SPLINE_CURVE_WITH_KNOTS('',3,(#6250,#6251,#6252,#6253,#6254),
 .UNSPECIFIED.,.F.,.F.,(4,1,4),(0.,0.00237784672867612,0.00475569345735223),
 .UNSPECIFIED.);
#106=B_SPLINE_CURVE_WITH_KNOTS('',3,(#6263,#6264,#6265,#6266,#6267),
 .UNSPECIFIED.,.F.,.F.,(4,1,4),(0.,0.0023778467286764,0.00475569345735281),
 .UNSPECIFIED.);
#107=B_SPLINE_CURVE_WITH_KNOTS('',3,(#6276,#6277,#6278,#6279,#6280),
 .UNSPECIFIED.,.F.,.F.,(4,1,4),(2.68950437270525E-18,0.00236197623348948,
0.00472395246697895),.UNSPECIFIED.);
#108=B_SPLINE_CURVE_WITH_KNOTS('',3,(#6351,#6352,#6353,#6354),
 .UNSPECIFIED.,.F.,.F.,(4,4),(0.,0.00409752673631785),.UNSPECIFIED.);
#109=B_SPLINE_CURVE_WITH_KNOTS('',3,(#6356,#6357,#6358,#6359,#6360,#6361,
#6362,#6363),.UNSPECIFIED.,.F.,.F.,(4,1,1,1,1,4),(0.,0.0053783276767429,
0.0107566553534858,0.0161349830302287,0.0188241468686002,0.0215133107069716),
 .UNSPECIFIED.);
#110=B_SPLINE_CURVE_WITH_KNOTS('',3,(#6367,#6368,#6369,#6370,#6371,#6372,
#6373,#6374,#6375),.UNSPECIFIED.,.F.,.F.,(4,1,1,1,1,1,4),(0.,0.00537863617451928,
0.0107572723490386,0.0134465904362982,0.0161359085235579,0.0188252266108175,
0.0215145446980771),.UNSPECIFIED.);
#111=B_SPLINE_CURVE_WITH_KNOTS('',3,(#6377,#6378,#6379,#6380),
 .UNSPECIFIED.,.F.,.F.,(4,4),(0.,0.00409752673631823),.UNSPECIFIED.);
#112=B_SPLINE_CURVE_WITH_KNOTS('',3,(#6548,#6549,#6550,#6551),
 .UNSPECIFIED.,.F.,.F.,(4,4),(0.,0.00405087522387592),.UNSPECIFIED.);
#113=B_SPLINE_CURVE_WITH_KNOTS('',3,(#6591,#6592,#6593,#6594),
 .UNSPECIFIED.,.F.,.F.,(4,4),(0.,0.00152974808591616),.UNSPECIFIED.);
#114=B_SPLINE_CURVE_WITH_KNOTS('',3,(#6598,#6599,#6600,#6601),
 .UNSPECIFIED.,.F.,.F.,(4,4),(0.,0.00846441811667949),.UNSPECIFIED.);
#115=B_SPLINE_CURVE_WITH_KNOTS('',3,(#6697,#6698,#6699,#6700,#6701,#6702,
#6703,#6704,#6705),.UNSPECIFIED.,.F.,.F.,(4,1,1,1,1,1,4),(3.46944695195361E-18,
0.00634549217804887,0.0095182382670733,0.0126909843560977,0.0158637304451222,
0.0190364765341466,0.0253819687121955),.UNSPECIFIED.);
#116=B_SPLINE_CURVE_WITH_KNOTS('',3,(#6710,#6711,#6712,#6713,#6714,#6715,
#6716,#6717,#6718,#6719),.UNSPECIFIED.,.F.,.F.,(4,1,1,1,1,1,1,4),(0.,0.0030464243041802,
0.00609284860836039,0.0121856972167208,0.015232121520901,0.0182785458250812,
0.0213249701292614,0.0243713944334416),.UNSPECIFIED.);
#117=B_SPLINE_CURVE_WITH_KNOTS('',3,(#6734,#6735,#6736,#6737,#6738,#6739,
#6740,#6741),.UNSPECIFIED.,.F.,.F.,(4,1,1,1,1,4),(0.,0.00608014493557672,
0.0121602898711534,0.0152003623389418,0.0182404348067302,0.0243205797423069),
 .UNSPECIFIED.);
#118=B_SPLINE_CURVE_WITH_KNOTS('',3,(#6746,#6747,#6748,#6749,#6750,#6751,
#6752,#6753,#6754),.UNSPECIFIED.,.F.,.F.,(4,1,1,1,1,1,4),(0.,0.00634735080872177,
0.00952102621308265,0.0126947016174435,0.0158683770218044,0.0190420524261653,
0.0253894032348871),.UNSPECIFIED.);
#119=B_SPLINE_CURVE_WITH_KNOTS('',3,(#6766,#6767,#6768,#6769,#6770),
 .UNSPECIFIED.,.F.,.F.,(4,1,4),(0.,0.00102652217031876,0.00205304434063751),
 .UNSPECIFIED.);
#120=B_SPLINE_CURVE_WITH_KNOTS('',3,(#6774,#6775,#6776,#6777,#6778),
 .UNSPECIFIED.,.F.,.F.,(4,1,4),(0.,0.0010287609522217,0.00205752190444341),
 .UNSPECIFIED.);
#121=B_SPLINE_CURVE_WITH_KNOTS('',3,(#6804,#6805,#6806,#6807),
 .UNSPECIFIED.,.F.,.F.,(4,4),(3.49013756324818E-18,0.00901810638617603),
 .UNSPECIFIED.);
#122=B_SPLINE_CURVE_WITH_KNOTS('',3,(#6888,#6889,#6890,#6891),
 .UNSPECIFIED.,.F.,.F.,(4,4),(1.8050747620679E-14,0.00186589879691784),
 .UNSPECIFIED.);
#123=B_SPLINE_CURVE_WITH_KNOTS('',3,(#6893,#6894,#6895,#6896),
 .UNSPECIFIED.,.F.,.F.,(4,4),(0.00100126274062413,0.00901738126601236),
 .UNSPECIFIED.);
#124=B_SPLINE_CURVE_WITH_KNOTS('',3,(#6898,#6899,#6900,#6901,#6902,#6903,
#6904),.UNSPECIFIED.,.F.,.F.,(4,1,1,1,4),(0.,0.00125742179674568,0.00251484359349137,
0.00377226539023705,0.00502968718698273),.UNSPECIFIED.);
#125=B_SPLINE_CURVE_WITH_KNOTS('',3,(#6907,#6908,#6909,#6910,#6911,#6912,
#6913,#6914),.UNSPECIFIED.,.F.,.F.,(4,1,1,1,1,4),(0.,0.00408450148202212,
0.00816900296404425,0.0122535044460664,0.0142957551870774,0.0163380059280885),
 .UNSPECIFIED.);
#126=B_SPLINE_CURVE_WITH_KNOTS('',3,(#6915,#6916,#6917,#6918,#6919,#6920,
#6921,#6922,#6923),.UNSPECIFIED.,.F.,.F.,(4,1,1,1,1,1,4),(0.164012739956725,
0.168032870651693,0.170042935999176,0.17205300134666,0.176073132041627,
0.178083197389111,0.180093262736594),.UNSPECIFIED.);
#127=B_SPLINE_CURVE_WITH_KNOTS('',3,(#6925,#6926,#6927,#6928,#6929,#6930,
#6931),.UNSPECIFIED.,.F.,.F.,(4,1,1,1,4),(0.,0.00127031317954947,0.00254062635909894,
0.00381093953864841,0.00508125271819788),.UNSPECIFIED.);
#128=B_SPLINE_CURVE_WITH_KNOTS('',3,(#6967,#6968,#6969,#6970,#6971,#6972,
#6973),.UNSPECIFIED.,.F.,.F.,(4,1,1,1,4),(0.,0.00529805349931367,0.0105961069986273,
0.015894160497941,0.0211922139972547),.UNSPECIFIED.);
#129=B_SPLINE_CURVE_WITH_KNOTS('',3,(#7009,#7010,#7011,#7012),
 .UNSPECIFIED.,.F.,.F.,(4,4),(0.,0.00292488759957598),.UNSPECIFIED.);
#130=B_SPLINE_CURVE_WITH_KNOTS('',3,(#7043,#7044,#7045,#7046),
 .UNSPECIFIED.,.F.,.F.,(4,4),(0.,0.00292488759957624),.UNSPECIFIED.);
#131=B_SPLINE_CURVE_WITH_KNOTS('',3,(#7082,#7083,#7084,#7085,#7086,#7087,
#7088),.UNSPECIFIED.,.F.,.F.,(4,1,1,1,4),(2.30830691057478E-17,0.00530365391466641,
0.0106073078293328,0.0159109617439992,0.0212146156586656),.UNSPECIFIED.);
#132=B_SPLINE_CURVE_WITH_KNOTS('',3,(#7137,#7138,#7139,#7140,#7141),
 .UNSPECIFIED.,.F.,.F.,(4,1,4),(1.13516852613629E-20,0.00236197623348949,
0.00472395246697899),.UNSPECIFIED.);
#133=B_SPLINE_CURVE_WITH_KNOTS('',3,(#7143,#7144,#7145,#7146,#7147),
 .UNSPECIFIED.,.F.,.F.,(4,1,4),(1.13516852613722E-20,0.00236197623348967,
0.00472395246697933),.UNSPECIFIED.);
#134=B_SPLINE_CURVE_WITH_KNOTS('',3,(#7166,#7167,#7168,#7169,#7170,#7171,
#7172,#7173,#7174,#7175,#7176,#7177,#7178,#7179,#7180),.UNSPECIFIED.,.F.,
 .F.,(4,1,1,1,1,1,1,1,1,1,1,1,4),(1.70673962256099E-14,0.00100278510487483,
0.0020055702097326,0.00250696276216148,0.00300835531459036,0.00350974786701925,
0.00401114041944813,0.00451253297187701,0.0050139255243059,0.00551531807673478,
0.00601671062916366,0.00701949573402143,0.00802228083887919),
 .UNSPECIFIED.);
#135=B_SPLINE_CURVE_WITH_KNOTS('',3,(#7185,#7186,#7187,#7188,#7189),
 .UNSPECIFIED.,.F.,.F.,(4,1,4),(0.,0.00120756649359996,0.00241513298719991),
 .UNSPECIFIED.);
#136=B_SPLINE_CURVE_WITH_KNOTS('',3,(#7191,#7192,#7193,#7194,#7195),
 .UNSPECIFIED.,.F.,.F.,(4,1,4),(1.13516852613729E-20,0.0023619762334897,
0.0047239524669794),.UNSPECIFIED.);
#137=B_SPLINE_CURVE_WITH_KNOTS('',3,(#7202,#7203,#7204,#7205,#7206),
 .UNSPECIFIED.,.F.,.F.,(4,1,4),(1.13516852613711E-20,0.00236197623348963,
0.00472395246697927),.UNSPECIFIED.);
#138=B_SPLINE_CURVE_WITH_KNOTS('',3,(#7235,#7236,#7237,#7238,#7239,#7240,
#7241),.UNSPECIFIED.,.F.,.F.,(4,1,1,1,4),(0.,0.00141138303306916,0.00282276606613832,
0.00423414909920748,0.00564553213227664),.UNSPECIFIED.);
#139=B_SPLINE_CURVE_WITH_KNOTS('',3,(#7255,#7256,#7257,#7258),
 .UNSPECIFIED.,.F.,.F.,(4,4),(0.,0.000283096048956262),.UNSPECIFIED.);
#140=B_SPLINE_CURVE_WITH_KNOTS('',3,(#7295,#7296,#7297,#7298),
 .UNSPECIFIED.,.F.,.F.,(4,4),(0.,0.000283096048956288),.UNSPECIFIED.);
#141=B_SPLINE_CURVE_WITH_KNOTS('',3,(#7323,#7324,#7325,#7326,#7327),
 .UNSPECIFIED.,.F.,.F.,(4,1,4),(4.84869951806108E-19,0.00143287758260254,
0.00286575516520508),.UNSPECIFIED.);
#142=B_SPLINE_CURVE_WITH_KNOTS('',3,(#7328,#7329,#7330,#7331,#7332),
 .UNSPECIFIED.,.F.,.F.,(4,1,4),(4.33680868994202E-18,0.00143942482407843,
0.00287884964815686),.UNSPECIFIED.);
#143=B_SPLINE_CURVE_WITH_KNOTS('',3,(#7379,#7380,#7381,#7382,#7383),
 .UNSPECIFIED.,.F.,.F.,(4,1,4),(4.77048955893622E-18,0.00143942482407864,
0.00287884964815728),.UNSPECIFIED.);
#144=B_SPLINE_CURVE_WITH_KNOTS('',3,(#7387,#7388,#7389,#7390,#7391),
 .UNSPECIFIED.,.F.,.F.,(4,1,4),(0.,0.0014328775826023,0.00286575516520459),
 .UNSPECIFIED.);
#145=B_SPLINE_CURVE_WITH_KNOTS('',3,(#7393,#7394,#7395,#7396,#7397),
 .UNSPECIFIED.,.F.,.F.,(4,1,4),(4.33680868994202E-18,0.00143942482407874,
0.00287884964815748),.UNSPECIFIED.);
#146=B_SPLINE_CURVE_WITH_KNOTS('',3,(#7401,#7402,#7403,#7404,#7405),
 .UNSPECIFIED.,.F.,.F.,(4,1,4),(0.,0.00143287758260226,0.00286575516520452),
 .UNSPECIFIED.);
#147=B_SPLINE_CURVE_WITH_KNOTS('',3,(#7410,#7411,#7412,#7413,#7414),
 .UNSPECIFIED.,.F.,.F.,(4,1,4),(0.,0.00143287758260236,0.00286575516520471),
 .UNSPECIFIED.);
#148=B_SPLINE_CURVE_WITH_KNOTS('',3,(#7415,#7416,#7417,#7418,#7419),
 .UNSPECIFIED.,.F.,.F.,(4,1,4),(4.33680868994202E-18,0.00143942482407869,
0.00287884964815738),.UNSPECIFIED.);
#149=B_SPLINE_CURVE_WITH_KNOTS('',3,(#7421,#7422,#7423,#7424,#7425),
 .UNSPECIFIED.,.F.,.F.,(4,1,4),(4.33680868994202E-18,0.00143942482407814,
0.00287884964815628),.UNSPECIFIED.);
#150=B_SPLINE_CURVE_WITH_KNOTS('',3,(#7429,#7430,#7431,#7432,#7433),
 .UNSPECIFIED.,.F.,.F.,(4,1,4),(0.,0.00143287758260227,0.00286575516520455),
 .UNSPECIFIED.);
#151=B_SPLINE_CURVE_WITH_KNOTS('',3,(#7811,#7812,#7813,#7814),
 .UNSPECIFIED.,.F.,.F.,(4,4),(0.,0.0010412969247145),.UNSPECIFIED.);
#152=B_SPLINE_CURVE_WITH_KNOTS('',3,(#7850,#7851,#7852,#7853,#7854),
 .UNSPECIFIED.,.F.,.F.,(4,1,4),(0.,0.0012089048125406,0.00241780962508121),
 .UNSPECIFIED.);
#153=B_SPLINE_CURVE_WITH_KNOTS('',3,(#7870,#7871,#7872,#7873),
 .UNSPECIFIED.,.F.,.F.,(4,4),(0.,0.00220252850782349),.UNSPECIFIED.);
#154=B_SPLINE_CURVE_WITH_KNOTS('',3,(#7914,#7915,#7916,#7917),
 .UNSPECIFIED.,.F.,.F.,(4,4),(-5.42101086242752E-20,0.00164574615307507),
 .UNSPECIFIED.);
#155=B_SPLINE_CURVE_WITH_KNOTS('',3,(#7927,#7928,#7929,#7930),
 .UNSPECIFIED.,.F.,.F.,(4,4),(0.,0.0025473102761477),.UNSPECIFIED.);
#156=B_SPLINE_CURVE_WITH_KNOTS('',3,(#7978,#7979,#7980,#7981,#7982),
 .UNSPECIFIED.,.F.,.F.,(4,1,4),(6.47739799340983E-17,0.00118527994210511,
0.00237055988421016),.UNSPECIFIED.);
#157=CONICAL_SURFACE('',#4123,3.15,0.785398163397449);
#158=CONICAL_SURFACE('',#4126,3.15,0.785398163397449);
#159=CONICAL_SURFACE('',#4129,3.15,0.785398163397449);
#160=CONICAL_SURFACE('',#4132,3.14999999999999,0.785398163397447);
#161=CONICAL_SURFACE('',#4445,13.2,0.785398163397466);
#162=CONICAL_SURFACE('',#4446,3.8,0.785398163397446);
#163=CONICAL_SURFACE('',#4447,13.2,0.785398163397453);
#164=CONICAL_SURFACE('',#4450,13.2,0.785398163397466);
#165=CONICAL_SURFACE('',#4451,9.9,0.785398163397444);
#166=CONICAL_SURFACE('',#4452,3.80000000000001,0.785398163397434);
#167=CONICAL_SURFACE('',#4453,16.1,0.785398163397448);
#168=CONICAL_SURFACE('',#4454,13.2,0.785398163397448);
#169=CONICAL_SURFACE('',#4456,13.2,0.785398163397466);
#170=CONICAL_SURFACE('',#4457,3.8,0.785398163397454);
#171=CONICAL_SURFACE('',#4458,13.2,0.785398163397453);
#172=CONICAL_SURFACE('',#4460,13.2,0.785398163397466);
#173=CONICAL_SURFACE('',#4461,3.80000000000002,0.785398163397406);
#174=CONICAL_SURFACE('',#4462,13.2,0.78539816339744);
#175=CONICAL_SURFACE('',#4464,13.2,0.785398163397431);
#176=CONICAL_SURFACE('',#4465,3.8,0.785398163397445);
#177=CONICAL_SURFACE('',#4466,16.1,0.785398163397431);
#178=CONICAL_SURFACE('',#4467,13.2,0.785398163397435);
#179=CONICAL_SURFACE('',#4468,9.9,0.785398163397513);
#180=CONICAL_SURFACE('',#4552,3.79999999999998,0.785398163397476);
#181=CONICAL_SURFACE('',#4554,3.8,0.785398163397446);
#182=CONICAL_SURFACE('',#4555,8.2,0.785398163397448);
#183=CONICAL_SURFACE('',#4589,8.2,0.785398163397444);
#184=CONICAL_SURFACE('',#4590,3.8,0.785398163397455);
#185=CONICAL_SURFACE('',#4592,3.8,0.785398163397455);
#186=PLANE('',#4110);
#187=PLANE('',#4114);
#188=PLANE('',#4118);
#189=PLANE('',#4122);
#190=PLANE('',#4138);
#191=PLANE('',#4139);
#192=PLANE('',#4142);
#193=PLANE('',#4182);
#194=PLANE('',#4186);
#195=PLANE('',#4214);
#196=PLANE('',#4224);
#197=PLANE('',#4233);
#198=PLANE('',#4242);
#199=PLANE('',#4243);
#200=PLANE('',#4244);
#201=PLANE('',#4245);
#202=PLANE('',#4248);
#203=PLANE('',#4259);
#204=PLANE('',#4270);
#205=PLANE('',#4281);
#206=PLANE('',#4292);
#207=PLANE('',#4303);
#208=PLANE('',#4318);
#209=PLANE('',#4319);
#210=PLANE('',#4320);
#211=PLANE('',#4321);
#212=PLANE('',#4326);
#213=PLANE('',#4331);
#214=PLANE('',#4336);
#215=PLANE('',#4341);
#216=PLANE('',#4362);
#217=PLANE('',#4369);
#218=PLANE('',#4390);
#219=PLANE('',#4393);
#220=PLANE('',#4396);
#221=PLANE('',#4399);
#222=PLANE('',#4400);
#223=PLANE('',#4448);
#224=PLANE('',#4449);
#225=PLANE('',#4455);
#226=PLANE('',#4459);
#227=PLANE('',#4463);
#228=PLANE('',#4469);
#229=PLANE('',#4472);
#230=PLANE('',#4475);
#231=PLANE('',#4478);
#232=PLANE('',#4481);
#233=PLANE('',#4523);
#234=PLANE('',#4524);
#235=PLANE('',#4542);
#236=PLANE('',#4553);
#237=PLANE('',#4556);
#238=PLANE('',#4557);
#239=PLANE('',#4562);
#240=PLANE('',#4567);
#241=PLANE('',#4588);
#242=PLANE('',#4591);
#243=PLANE('',#4593);
#244=PLANE('',#4600);
#245=PLANE('',#4604);
#246=PLANE('',#4612);
#247=PLANE('',#4615);
#248=PLANE('',#4622);
#249=PLANE('',#4623);
#250=PLANE('',#4624);
#251=PLANE('',#4625);
#252=PLANE('',#4626);
#253=CIRCLE('',#4108,3.7);
#254=CIRCLE('',#4109,3.7);
#255=CIRCLE('',#4112,3.7);
#256=CIRCLE('',#4113,3.7);
#257=CIRCLE('',#4116,3.7);
#258=CIRCLE('',#4117,3.7);
#259=CIRCLE('',#4120,3.7);
#260=CIRCLE('',#4121,3.7);
#261=CIRCLE('',#4124,3.15);
#262=CIRCLE('',#4125,1.65);
#263=CIRCLE('',#4127,3.15);
#264=CIRCLE('',#4128,1.65);
#265=CIRCLE('',#4130,3.15);
#266=CIRCLE('',#4131,1.65);
#267=CIRCLE('',#4133,3.14999999999999);
#268=CIRCLE('',#4134,1.65);
#269=CIRCLE('',#4136,3.);
#270=CIRCLE('',#4137,3.);
#271=CIRCLE('',#4140,18.);
#272=CIRCLE('',#4141,3.);
#273=CIRCLE('',#4143,3.8);
#274=CIRCLE('',#4144,0.8);
#275=CIRCLE('',#4145,0.8);
#276=CIRCLE('',#4146,0.8);
#277=CIRCLE('',#4147,0.8);
#278=CIRCLE('',#4148,3.79999999999998);
#279=CIRCLE('',#4149,3.8);
#280=CIRCLE('',#4150,8.2);
#281=CIRCLE('',#4151,13.2);
#282=CIRCLE('',#4152,3.8);
#283=CIRCLE('',#4153,13.2);
#284=CIRCLE('',#4154,13.2);
#285=CIRCLE('',#4155,3.80000000000001);
#286=CIRCLE('',#4156,13.2);
#287=CIRCLE('',#4157,13.2);
#288=CIRCLE('',#4158,3.8);
#289=CIRCLE('',#4159,13.2);
#290=CIRCLE('',#4160,13.2);
#291=CIRCLE('',#4161,3.80000000000002);
#292=CIRCLE('',#4162,13.2);
#293=CIRCLE('',#4163,13.2);
#294=CIRCLE('',#4164,3.8);
#295=CIRCLE('',#4165,13.2);
#296=CIRCLE('',#4166,8.2);
#297=CIRCLE('',#4167,3.8);
#298=CIRCLE('',#4168,2.);
#299=CIRCLE('',#4169,2.);
#300=CIRCLE('',#4170,2.);
#301=CIRCLE('',#4171,2.);
#302=CIRCLE('',#4172,2.);
#303=CIRCLE('',#4173,2.);
#304=CIRCLE('',#4174,2.);
#305=CIRCLE('',#4176,15.);
#306=CIRCLE('',#4178,3.);
#307=CIRCLE('',#4180,15.);
#308=CIRCLE('',#4183,9.9);
#309=CIRCLE('',#4184,5.);
#310=CIRCLE('',#4185,16.1);
#311=CIRCLE('',#4187,9.9);
#312=CIRCLE('',#4188,16.1);
#313=CIRCLE('',#4189,5.);
#314=CIRCLE('',#4191,13.);
#315=CIRCLE('',#4192,16.);
#316=CIRCLE('',#4193,3.);
#317=CIRCLE('',#4195,13.);
#318=CIRCLE('',#4196,16.);
#319=CIRCLE('',#4197,3.);
#320=CIRCLE('',#4199,13.);
#321=CIRCLE('',#4200,16.);
#322=CIRCLE('',#4201,3.);
#323=CIRCLE('',#4203,13.);
#324=CIRCLE('',#4204,16.);
#325=CIRCLE('',#4205,3.);
#326=CIRCLE('',#4207,13.);
#327=CIRCLE('',#4208,16.);
#328=CIRCLE('',#4209,3.);
#329=CIRCLE('',#4211,16.);
#330=CIRCLE('',#4212,13.);
#331=CIRCLE('',#4213,3.);
#332=CIRCLE('',#4215,5.);
#333=CIRCLE('',#4216,16.);
#334=CIRCLE('',#4217,4.99999999999997);
#335=CIRCLE('',#4218,4.99999999999091);
#336=CIRCLE('',#4219,16.);
#337=CIRCLE('',#4220,5.);
#338=CIRCLE('',#4221,16.);
#339=CIRCLE('',#4222,5.);
#340=CIRCLE('',#4223,16.);
#341=CIRCLE('',#4225,1.65);
#342=CIRCLE('',#4226,1.65);
#343=CIRCLE('',#4227,1.65);
#344=CIRCLE('',#4228,1.65);
#345=CIRCLE('',#4229,0.8);
#346=CIRCLE('',#4230,0.8);
#347=CIRCLE('',#4231,0.8);
#348=CIRCLE('',#4232,0.8);
#349=CIRCLE('',#4234,2.3);
#350=CIRCLE('',#4235,2.3);
#351=CIRCLE('',#4236,2.3);
#352=CIRCLE('',#4237,2.3);
#353=CIRCLE('',#4238,0.499999999999999);
#354=CIRCLE('',#4239,0.499999999999999);
#355=CIRCLE('',#4240,0.499999999999999);
#356=CIRCLE('',#4241,0.499999999999999);
#357=CIRCLE('',#4247,9.9);
#358=CIRCLE('',#4250,13.);
#359=CIRCLE('',#4251,13.);
#360=CIRCLE('',#4252,13.);
#361=CIRCLE('',#4254,4.);
#362=CIRCLE('',#4255,4.);
#363=CIRCLE('',#4257,13.);
#364=CIRCLE('',#4258,13.);
#365=CIRCLE('',#4261,13.);
#366=CIRCLE('',#4262,13.);
#367=CIRCLE('',#4263,13.);
#368=CIRCLE('',#4265,4.);
#369=CIRCLE('',#4266,4.);
#370=CIRCLE('',#4268,13.);
#371=CIRCLE('',#4269,13.);
#372=CIRCLE('',#4272,13.);
#373=CIRCLE('',#4273,13.);
#374=CIRCLE('',#4274,13.);
#375=CIRCLE('',#4276,4.);
#376=CIRCLE('',#4277,4.);
#377=CIRCLE('',#4279,13.);
#378=CIRCLE('',#4280,13.);
#379=CIRCLE('',#4283,13.);
#380=CIRCLE('',#4284,13.);
#381=CIRCLE('',#4285,13.);
#382=CIRCLE('',#4287,3.99999999999091);
#383=CIRCLE('',#4288,4.);
#384=CIRCLE('',#4290,13.);
#385=CIRCLE('',#4291,13.);
#386=CIRCLE('',#4293,18.);
#387=CIRCLE('',#4294,0.999999999999994);
#388=CIRCLE('',#4295,9.7);
#389=CIRCLE('',#4296,16.3);
#390=CIRCLE('',#4297,16.3);
#391=CIRCLE('',#4298,9.69999999999999);
#392=CIRCLE('',#4299,1.);
#393=CIRCLE('',#4300,18.);
#394=CIRCLE('',#4301,19.1);
#395=CIRCLE('',#4302,19.1);
#396=CIRCLE('',#4304,18.);
#397=CIRCLE('',#4306,13.);
#398=CIRCLE('',#4307,13.);
#399=CIRCLE('',#4309,3.99999999999998);
#400=CIRCLE('',#4310,4.);
#401=CIRCLE('',#4312,13.);
#402=CIRCLE('',#4313,13.);
#403=CIRCLE('',#4322,4.);
#404=CIRCLE('',#4323,1.);
#405=CIRCLE('',#4324,1.);
#406=CIRCLE('',#4325,1.6);
#407=CIRCLE('',#4327,1.6);
#408=CIRCLE('',#4328,3.99999999999998);
#409=CIRCLE('',#4329,0.999999999999996);
#410=CIRCLE('',#4330,0.999999999999996);
#411=CIRCLE('',#4332,4.);
#412=CIRCLE('',#4333,0.999999999999997);
#413=CIRCLE('',#4334,0.999999999999997);
#414=CIRCLE('',#4335,1.6);
#415=CIRCLE('',#4337,4.);
#416=CIRCLE('',#4338,0.999999999999997);
#417=CIRCLE('',#4339,0.999999999999997);
#418=CIRCLE('',#4340,1.6);
#419=CIRCLE('',#4342,3.99999999999091);
#420=CIRCLE('',#4343,0.999999999999997);
#421=CIRCLE('',#4344,0.999999999999997);
#422=CIRCLE('',#4345,1.6);
#423=CIRCLE('',#4347,1.6);
#424=CIRCLE('',#4349,1.6);
#425=CIRCLE('',#4351,1.6);
#426=CIRCLE('',#4353,1.6);
#427=CIRCLE('',#4355,1.6);
#428=CIRCLE('',#4357,9.9);
#429=CIRCLE('',#4359,22.1);
#430=CIRCLE('',#4361,16.1);
#431=CIRCLE('',#4363,2.);
#432=CIRCLE('',#4364,2.);
#433=CIRCLE('',#4366,16.1);
#434=CIRCLE('',#4368,22.1);
#435=CIRCLE('',#4370,4.);
#436=CIRCLE('',#4371,4.);
#437=CIRCLE('',#4373,15.);
#438=CIRCLE('',#4376,15.);
#439=CIRCLE('',#4377,20.);
#440=CIRCLE('',#4378,20.);
#441=CIRCLE('',#4380,20.);
#442=CIRCLE('',#4381,20.);
#443=CIRCLE('',#4383,12.);
#444=CIRCLE('',#4384,12.);
#445=CIRCLE('',#4386,12.);
#446=CIRCLE('',#4387,12.);
#447=CIRCLE('',#4389,2.3);
#448=CIRCLE('',#4392,2.3);
#449=CIRCLE('',#4395,2.3);
#450=CIRCLE('',#4398,2.3);
#451=CIRCLE('',#4414,3.);
#452=CIRCLE('',#4417,3.);
#453=CIRCLE('',#4419,3.);
#454=CIRCLE('',#4422,3.);
#455=CIRCLE('',#4423,3.);
#456=CIRCLE('',#4426,3.);
#457=CIRCLE('',#4429,3.);
#458=CIRCLE('',#4430,3.);
#459=CIRCLE('',#4432,3.);
#460=CIRCLE('',#4436,3.);
#461=CIRCLE('',#4439,3.);
#462=CIRCLE('',#4441,3.);
#463=CIRCLE('',#4442,3.);
#464=CIRCLE('',#4444,3.);
#465=CIRCLE('',#4470,2.);
#466=CIRCLE('',#4473,2.);
#467=CIRCLE('',#4476,2.);
#468=CIRCLE('',#4479,2.);
#469=CIRCLE('',#4482,2.);
#470=CIRCLE('',#4485,3.99999999999998);
#471=CIRCLE('',#4486,0.999999999999996);
#472=CIRCLE('',#4488,0.999999999999996);
#473=CIRCLE('',#4490,4.);
#474=CIRCLE('',#4492,4.);
#475=CIRCLE('',#4494,4.);
#476=CIRCLE('',#4496,3.99999999999091);
#477=CIRCLE('',#4497,1.);
#478=CIRCLE('',#4499,1.);
#479=CIRCLE('',#4500,0.999999999999997);
#480=CIRCLE('',#4502,0.999999999999997);
#481=CIRCLE('',#4503,0.999999999999997);
#482=CIRCLE('',#4505,0.999999999999997);
#483=CIRCLE('',#4506,0.999999999999997);
#484=CIRCLE('',#4508,0.999999999999997);
#485=CIRCLE('',#4509,0.499999999999999);
#486=CIRCLE('',#4511,0.499999999999999);
#487=CIRCLE('',#4513,0.499999999999999);
#488=CIRCLE('',#4515,0.499999999999999);
#489=CIRCLE('',#4518,5.);
#490=CIRCLE('',#4519,5.);
#491=CIRCLE('',#4521,5.);
#492=CIRCLE('',#4522,5.);
#493=CIRCLE('',#4525,1.6);
#494=CIRCLE('',#4526,9.);
#495=CIRCLE('',#4527,3.);
#496=CIRCLE('',#4528,3.);
#497=CIRCLE('',#4530,8.);
#498=CIRCLE('',#4531,8.);
#499=CIRCLE('',#4533,4.);
#500=CIRCLE('',#4534,4.);
#501=CIRCLE('',#4536,4.);
#502=CIRCLE('',#4537,4.);
#503=CIRCLE('',#4539,1.6);
#504=CIRCLE('',#4541,2.);
#505=CIRCLE('',#4544,1.);
#506=CIRCLE('',#4546,1.);
#507=CIRCLE('',#4548,1.);
#508=CIRCLE('',#4550,1.);
#509=CIRCLE('',#4558,1.6);
#510=CIRCLE('',#4559,3.);
#511=CIRCLE('',#4560,3.);
#512=CIRCLE('',#4561,9.);
#513=CIRCLE('',#4564,1.6);
#514=CIRCLE('',#4566,2.);
#515=CIRCLE('',#4569,8.);
#516=CIRCLE('',#4570,8.);
#517=CIRCLE('',#4572,4.);
#518=CIRCLE('',#4573,4.);
#519=CIRCLE('',#4575,4.);
#520=CIRCLE('',#4576,4.);
#521=CIRCLE('',#4578,4.);
#522=CIRCLE('',#4580,1.);
#523=CIRCLE('',#4582,1.);
#524=CIRCLE('',#4584,1.);
#525=CIRCLE('',#4586,1.);
#526=CIRCLE('',#4595,1.6);
#527=CIRCLE('',#4596,1.6);
#528=CIRCLE('',#4598,1.6);
#529=CIRCLE('',#4599,1.6);
#530=CIRCLE('',#4601,3.);
#531=CIRCLE('',#4603,3.);
#532=CIRCLE('',#4605,3.);
#533=CIRCLE('',#4607,3.);
#534=CIRCLE('',#4611,2.);
#535=CIRCLE('',#4614,2.);
#536=ORIENTED_EDGE('',*,*,#1694,.T.);
#537=ORIENTED_EDGE('',*,*,#1695,.T.);
#538=ORIENTED_EDGE('',*,*,#1696,.F.);
#539=ORIENTED_EDGE('',*,*,#1697,.T.);
#540=ORIENTED_EDGE('',*,*,#1696,.T.);
#541=ORIENTED_EDGE('',*,*,#1698,.T.);
#542=ORIENTED_EDGE('',*,*,#1699,.F.);
#543=ORIENTED_EDGE('',*,*,#1700,.T.);
#544=ORIENTED_EDGE('',*,*,#1699,.T.);
#545=ORIENTED_EDGE('',*,*,#1701,.T.);
#546=ORIENTED_EDGE('',*,*,#1702,.F.);
#547=ORIENTED_EDGE('',*,*,#1703,.T.);
#548=ORIENTED_EDGE('',*,*,#1702,.T.);
#549=ORIENTED_EDGE('',*,*,#1704,.T.);
#550=ORIENTED_EDGE('',*,*,#1705,.F.);
#551=ORIENTED_EDGE('',*,*,#1706,.T.);
#552=ORIENTED_EDGE('',*,*,#1705,.T.);
#553=ORIENTED_EDGE('',*,*,#1707,.T.);
#554=ORIENTED_EDGE('',*,*,#1708,.F.);
#555=ORIENTED_EDGE('',*,*,#1709,.T.);
#556=ORIENTED_EDGE('',*,*,#1708,.T.);
#557=ORIENTED_EDGE('',*,*,#1710,.T.);
#558=ORIENTED_EDGE('',*,*,#1711,.F.);
#559=ORIENTED_EDGE('',*,*,#1712,.T.);
#560=ORIENTED_EDGE('',*,*,#1711,.T.);
#561=ORIENTED_EDGE('',*,*,#1713,.T.);
#562=ORIENTED_EDGE('',*,*,#1714,.F.);
#563=ORIENTED_EDGE('',*,*,#1715,.T.);
#564=ORIENTED_EDGE('',*,*,#1714,.T.);
#565=ORIENTED_EDGE('',*,*,#1716,.T.);
#566=ORIENTED_EDGE('',*,*,#1694,.F.);
#567=ORIENTED_EDGE('',*,*,#1717,.T.);
#568=ORIENTED_EDGE('',*,*,#1718,.F.);
#569=ORIENTED_EDGE('',*,*,#1719,.T.);
#570=ORIENTED_EDGE('',*,*,#1720,.F.);
#571=ORIENTED_EDGE('',*,*,#1721,.T.);
#572=ORIENTED_EDGE('',*,*,#1722,.F.);
#573=ORIENTED_EDGE('',*,*,#1723,.T.);
#574=ORIENTED_EDGE('',*,*,#1724,.F.);
#575=ORIENTED_EDGE('',*,*,#1725,.T.);
#576=ORIENTED_EDGE('',*,*,#1726,.F.);
#577=ORIENTED_EDGE('',*,*,#1727,.T.);
#578=ORIENTED_EDGE('',*,*,#1728,.F.);
#579=ORIENTED_EDGE('',*,*,#1729,.F.);
#580=ORIENTED_EDGE('',*,*,#1730,.F.);
#581=ORIENTED_EDGE('',*,*,#1731,.F.);
#582=ORIENTED_EDGE('',*,*,#1732,.F.);
#583=ORIENTED_EDGE('',*,*,#1733,.T.);
#584=ORIENTED_EDGE('',*,*,#1734,.T.);
#585=ORIENTED_EDGE('',*,*,#1735,.T.);
#586=ORIENTED_EDGE('',*,*,#1736,.T.);
#587=ORIENTED_EDGE('',*,*,#1737,.T.);
#588=ORIENTED_EDGE('',*,*,#1738,.T.);
#589=ORIENTED_EDGE('',*,*,#1739,.T.);
#590=ORIENTED_EDGE('',*,*,#1740,.T.);
#591=ORIENTED_EDGE('',*,*,#1741,.T.);
#592=ORIENTED_EDGE('',*,*,#1742,.T.);
#593=ORIENTED_EDGE('',*,*,#1743,.T.);
#594=ORIENTED_EDGE('',*,*,#1744,.T.);
#595=ORIENTED_EDGE('',*,*,#1745,.T.);
#596=ORIENTED_EDGE('',*,*,#1746,.T.);
#597=ORIENTED_EDGE('',*,*,#1747,.F.);
#598=ORIENTED_EDGE('',*,*,#1748,.F.);
#599=ORIENTED_EDGE('',*,*,#1749,.F.);
#600=ORIENTED_EDGE('',*,*,#1750,.F.);
#601=ORIENTED_EDGE('',*,*,#1751,.F.);
#602=ORIENTED_EDGE('',*,*,#1752,.F.);
#603=ORIENTED_EDGE('',*,*,#1753,.F.);
#604=ORIENTED_EDGE('',*,*,#1754,.F.);
#605=ORIENTED_EDGE('',*,*,#1755,.F.);
#606=ORIENTED_EDGE('',*,*,#1756,.F.);
#607=ORIENTED_EDGE('',*,*,#1757,.F.);
#608=ORIENTED_EDGE('',*,*,#1758,.T.);
#609=ORIENTED_EDGE('',*,*,#1759,.T.);
#610=ORIENTED_EDGE('',*,*,#1760,.T.);
#611=ORIENTED_EDGE('',*,*,#1761,.T.);
#612=ORIENTED_EDGE('',*,*,#1762,.T.);
#613=ORIENTED_EDGE('',*,*,#1763,.T.);
#614=ORIENTED_EDGE('',*,*,#1764,.T.);
#615=ORIENTED_EDGE('',*,*,#1765,.T.);
#616=ORIENTED_EDGE('',*,*,#1766,.T.);
#617=ORIENTED_EDGE('',*,*,#1767,.T.);
#618=ORIENTED_EDGE('',*,*,#1768,.T.);
#619=ORIENTED_EDGE('',*,*,#1769,.T.);
#620=ORIENTED_EDGE('',*,*,#1770,.T.);
#621=ORIENTED_EDGE('',*,*,#1771,.T.);
#622=ORIENTED_EDGE('',*,*,#1772,.T.);
#623=ORIENTED_EDGE('',*,*,#1773,.T.);
#624=ORIENTED_EDGE('',*,*,#1774,.T.);
#625=ORIENTED_EDGE('',*,*,#1775,.T.);
#626=ORIENTED_EDGE('',*,*,#1776,.T.);
#627=ORIENTED_EDGE('',*,*,#1777,.T.);
#628=ORIENTED_EDGE('',*,*,#1778,.T.);
#629=ORIENTED_EDGE('',*,*,#1779,.T.);
#630=ORIENTED_EDGE('',*,*,#1780,.T.);
#631=ORIENTED_EDGE('',*,*,#1781,.T.);
#632=ORIENTED_EDGE('',*,*,#1782,.T.);
#633=ORIENTED_EDGE('',*,*,#1783,.T.);
#634=ORIENTED_EDGE('',*,*,#1784,.T.);
#635=ORIENTED_EDGE('',*,*,#1785,.T.);
#636=ORIENTED_EDGE('',*,*,#1786,.T.);
#637=ORIENTED_EDGE('',*,*,#1787,.T.);
#638=ORIENTED_EDGE('',*,*,#1788,.T.);
#639=ORIENTED_EDGE('',*,*,#1789,.T.);
#640=ORIENTED_EDGE('',*,*,#1790,.T.);
#641=ORIENTED_EDGE('',*,*,#1791,.T.);
#642=ORIENTED_EDGE('',*,*,#1792,.T.);
#643=ORIENTED_EDGE('',*,*,#1793,.T.);
#644=ORIENTED_EDGE('',*,*,#1794,.T.);
#645=ORIENTED_EDGE('',*,*,#1795,.T.);
#646=ORIENTED_EDGE('',*,*,#1796,.T.);
#647=ORIENTED_EDGE('',*,*,#1797,.F.);
#648=ORIENTED_EDGE('',*,*,#1798,.T.);
#649=ORIENTED_EDGE('',*,*,#1799,.T.);
#650=ORIENTED_EDGE('',*,*,#1800,.T.);
#651=ORIENTED_EDGE('',*,*,#1801,.F.);
#652=ORIENTED_EDGE('',*,*,#1802,.T.);
#653=ORIENTED_EDGE('',*,*,#1803,.T.);
#654=ORIENTED_EDGE('',*,*,#1801,.T.);
#655=ORIENTED_EDGE('',*,*,#1804,.T.);
#656=ORIENTED_EDGE('',*,*,#1805,.F.);
#657=ORIENTED_EDGE('',*,*,#1806,.T.);
#658=ORIENTED_EDGE('',*,*,#1807,.T.);
#659=ORIENTED_EDGE('',*,*,#1756,.T.);
#660=ORIENTED_EDGE('',*,*,#1808,.T.);
#661=ORIENTED_EDGE('',*,*,#1809,.F.);
#662=ORIENTED_EDGE('',*,*,#1810,.T.);
#663=ORIENTED_EDGE('',*,*,#1811,.T.);
#664=ORIENTED_EDGE('',*,*,#1748,.T.);
#665=ORIENTED_EDGE('',*,*,#1812,.T.);
#666=ORIENTED_EDGE('',*,*,#1813,.T.);
#667=ORIENTED_EDGE('',*,*,#1814,.T.);
#668=ORIENTED_EDGE('',*,*,#1815,.F.);
#669=ORIENTED_EDGE('',*,*,#1816,.F.);
#670=ORIENTED_EDGE('',*,*,#1817,.F.);
#671=ORIENTED_EDGE('',*,*,#1818,.T.);
#672=ORIENTED_EDGE('',*,*,#1819,.F.);
#673=ORIENTED_EDGE('',*,*,#1820,.T.);
#674=ORIENTED_EDGE('',*,*,#1821,.F.);
#675=ORIENTED_EDGE('',*,*,#1822,.T.);
#676=ORIENTED_EDGE('',*,*,#1823,.F.);
#677=ORIENTED_EDGE('',*,*,#1824,.F.);
#678=ORIENTED_EDGE('',*,*,#1825,.F.);
#679=ORIENTED_EDGE('',*,*,#1826,.T.);
#680=ORIENTED_EDGE('',*,*,#1827,.F.);
#681=ORIENTED_EDGE('',*,*,#1828,.T.);
#682=ORIENTED_EDGE('',*,*,#1829,.F.);
#683=ORIENTED_EDGE('',*,*,#1830,.T.);
#684=ORIENTED_EDGE('',*,*,#1831,.F.);
#685=ORIENTED_EDGE('',*,*,#1832,.T.);
#686=ORIENTED_EDGE('',*,*,#1833,.F.);
#687=ORIENTED_EDGE('',*,*,#1834,.T.);
#688=ORIENTED_EDGE('',*,*,#1835,.F.);
#689=ORIENTED_EDGE('',*,*,#1836,.T.);
#690=ORIENTED_EDGE('',*,*,#1837,.F.);
#691=ORIENTED_EDGE('',*,*,#1838,.T.);
#692=ORIENTED_EDGE('',*,*,#1839,.F.);
#693=ORIENTED_EDGE('',*,*,#1840,.F.);
#694=ORIENTED_EDGE('',*,*,#1718,.T.);
#695=ORIENTED_EDGE('',*,*,#1720,.T.);
#696=ORIENTED_EDGE('',*,*,#1722,.T.);
#697=ORIENTED_EDGE('',*,*,#1724,.T.);
#698=ORIENTED_EDGE('',*,*,#1841,.T.);
#699=ORIENTED_EDGE('',*,*,#1842,.T.);
#700=ORIENTED_EDGE('',*,*,#1843,.T.);
#701=ORIENTED_EDGE('',*,*,#1844,.T.);
#702=ORIENTED_EDGE('',*,*,#1831,.T.);
#703=ORIENTED_EDGE('',*,*,#1845,.T.);
#704=ORIENTED_EDGE('',*,*,#1846,.T.);
#705=ORIENTED_EDGE('',*,*,#1847,.T.);
#706=ORIENTED_EDGE('',*,*,#1835,.T.);
#707=ORIENTED_EDGE('',*,*,#1848,.T.);
#708=ORIENTED_EDGE('',*,*,#1837,.T.);
#709=ORIENTED_EDGE('',*,*,#1849,.T.);
#710=ORIENTED_EDGE('',*,*,#1850,.T.);
#711=ORIENTED_EDGE('',*,*,#1851,.T.);
#712=ORIENTED_EDGE('',*,*,#1823,.T.);
#713=ORIENTED_EDGE('',*,*,#1852,.T.);
#714=ORIENTED_EDGE('',*,*,#1853,.T.);
#715=ORIENTED_EDGE('',*,*,#1854,.T.);
#716=ORIENTED_EDGE('',*,*,#1819,.T.);
#717=ORIENTED_EDGE('',*,*,#1855,.T.);
#718=ORIENTED_EDGE('',*,*,#1856,.T.);
#719=ORIENTED_EDGE('',*,*,#1857,.T.);
#720=ORIENTED_EDGE('',*,*,#1827,.T.);
#721=ORIENTED_EDGE('',*,*,#1858,.T.);
#722=ORIENTED_EDGE('',*,*,#1859,.T.);
#723=ORIENTED_EDGE('',*,*,#1860,.T.);
#724=ORIENTED_EDGE('',*,*,#1861,.F.);
#725=ORIENTED_EDGE('',*,*,#1862,.F.);
#726=ORIENTED_EDGE('',*,*,#1863,.F.);
#727=ORIENTED_EDGE('',*,*,#1864,.F.);
#728=ORIENTED_EDGE('',*,*,#1865,.T.);
#729=ORIENTED_EDGE('',*,*,#1866,.T.);
#730=ORIENTED_EDGE('',*,*,#1867,.T.);
#731=ORIENTED_EDGE('',*,*,#1868,.T.);
#732=ORIENTED_EDGE('',*,*,#1869,.T.);
#733=ORIENTED_EDGE('',*,*,#1870,.T.);
#734=ORIENTED_EDGE('',*,*,#1871,.T.);
#735=ORIENTED_EDGE('',*,*,#1872,.T.);
#736=ORIENTED_EDGE('',*,*,#1873,.T.);
#737=ORIENTED_EDGE('',*,*,#1874,.T.);
#738=ORIENTED_EDGE('',*,*,#1815,.T.);
#739=ORIENTED_EDGE('',*,*,#1875,.T.);
#740=ORIENTED_EDGE('',*,*,#1876,.T.);
#741=ORIENTED_EDGE('',*,*,#1877,.T.);
#742=ORIENTED_EDGE('',*,*,#1878,.T.);
#743=ORIENTED_EDGE('',*,*,#1879,.T.);
#744=ORIENTED_EDGE('',*,*,#1880,.T.);
#745=ORIENTED_EDGE('',*,*,#1881,.T.);
#746=ORIENTED_EDGE('',*,*,#1809,.T.);
#747=ORIENTED_EDGE('',*,*,#1882,.T.);
#748=ORIENTED_EDGE('',*,*,#1883,.F.);
#749=ORIENTED_EDGE('',*,*,#1884,.F.);
#750=ORIENTED_EDGE('',*,*,#1885,.F.);
#751=ORIENTED_EDGE('',*,*,#1886,.F.);
#752=ORIENTED_EDGE('',*,*,#1887,.F.);
#753=ORIENTED_EDGE('',*,*,#1888,.F.);
#754=ORIENTED_EDGE('',*,*,#1889,.F.);
#755=ORIENTED_EDGE('',*,*,#1890,.F.);
#756=ORIENTED_EDGE('',*,*,#1891,.T.);
#757=ORIENTED_EDGE('',*,*,#1892,.T.);
#758=ORIENTED_EDGE('',*,*,#1893,.T.);
#759=ORIENTED_EDGE('',*,*,#1894,.T.);
#760=ORIENTED_EDGE('',*,*,#1895,.T.);
#761=ORIENTED_EDGE('',*,*,#1896,.T.);
#762=ORIENTED_EDGE('',*,*,#1897,.T.);
#763=ORIENTED_EDGE('',*,*,#1898,.T.);
#764=ORIENTED_EDGE('',*,*,#1899,.T.);
#765=ORIENTED_EDGE('',*,*,#1900,.T.);
#766=ORIENTED_EDGE('',*,*,#1893,.F.);
#767=ORIENTED_EDGE('',*,*,#1901,.T.);
#768=ORIENTED_EDGE('',*,*,#1895,.F.);
#769=ORIENTED_EDGE('',*,*,#1902,.T.);
#770=ORIENTED_EDGE('',*,*,#1903,.T.);
#771=ORIENTED_EDGE('',*,*,#1904,.T.);
#772=ORIENTED_EDGE('',*,*,#1897,.F.);
#773=ORIENTED_EDGE('',*,*,#1905,.T.);
#774=ORIENTED_EDGE('',*,*,#1906,.T.);
#775=ORIENTED_EDGE('',*,*,#1907,.T.);
#776=ORIENTED_EDGE('',*,*,#1891,.F.);
#777=ORIENTED_EDGE('',*,*,#1908,.T.);
#778=ORIENTED_EDGE('',*,*,#1909,.T.);
#779=ORIENTED_EDGE('',*,*,#1910,.T.);
#780=ORIENTED_EDGE('',*,*,#1911,.T.);
#781=ORIENTED_EDGE('',*,*,#1757,.T.);
#782=ORIENTED_EDGE('',*,*,#1807,.F.);
#783=ORIENTED_EDGE('',*,*,#1912,.T.);
#784=ORIENTED_EDGE('',*,*,#1913,.F.);
#785=ORIENTED_EDGE('',*,*,#1914,.T.);
#786=ORIENTED_EDGE('',*,*,#1915,.T.);
#787=ORIENTED_EDGE('',*,*,#1916,.T.);
#788=ORIENTED_EDGE('',*,*,#1917,.T.);
#789=ORIENTED_EDGE('',*,*,#1918,.F.);
#790=ORIENTED_EDGE('',*,*,#1919,.T.);
#791=ORIENTED_EDGE('',*,*,#1913,.T.);
#792=ORIENTED_EDGE('',*,*,#1920,.T.);
#793=ORIENTED_EDGE('',*,*,#1918,.T.);
#794=ORIENTED_EDGE('',*,*,#1921,.T.);
#795=ORIENTED_EDGE('',*,*,#1922,.F.);
#796=ORIENTED_EDGE('',*,*,#1923,.T.);
#797=ORIENTED_EDGE('',*,*,#1922,.T.);
#798=ORIENTED_EDGE('',*,*,#1924,.T.);
#799=ORIENTED_EDGE('',*,*,#1829,.T.);
#800=ORIENTED_EDGE('',*,*,#1925,.F.);
#801=ORIENTED_EDGE('',*,*,#1926,.T.);
#802=ORIENTED_EDGE('',*,*,#1927,.F.);
#803=ORIENTED_EDGE('',*,*,#1928,.T.);
#804=ORIENTED_EDGE('',*,*,#1925,.T.);
#805=ORIENTED_EDGE('',*,*,#1929,.T.);
#806=ORIENTED_EDGE('',*,*,#1930,.T.);
#807=ORIENTED_EDGE('',*,*,#1931,.F.);
#808=ORIENTED_EDGE('',*,*,#1932,.T.);
#809=ORIENTED_EDGE('',*,*,#1927,.T.);
#810=ORIENTED_EDGE('',*,*,#1933,.T.);
#811=ORIENTED_EDGE('',*,*,#1931,.T.);
#812=ORIENTED_EDGE('',*,*,#1934,.T.);
#813=ORIENTED_EDGE('',*,*,#1935,.F.);
#814=ORIENTED_EDGE('',*,*,#1936,.T.);
#815=ORIENTED_EDGE('',*,*,#1935,.T.);
#816=ORIENTED_EDGE('',*,*,#1937,.T.);
#817=ORIENTED_EDGE('',*,*,#1825,.T.);
#818=ORIENTED_EDGE('',*,*,#1938,.F.);
#819=ORIENTED_EDGE('',*,*,#1939,.T.);
#820=ORIENTED_EDGE('',*,*,#1940,.F.);
#821=ORIENTED_EDGE('',*,*,#1941,.T.);
#822=ORIENTED_EDGE('',*,*,#1938,.T.);
#823=ORIENTED_EDGE('',*,*,#1942,.T.);
#824=ORIENTED_EDGE('',*,*,#1943,.T.);
#825=ORIENTED_EDGE('',*,*,#1944,.F.);
#826=ORIENTED_EDGE('',*,*,#1945,.T.);
#827=ORIENTED_EDGE('',*,*,#1940,.T.);
#828=ORIENTED_EDGE('',*,*,#1946,.T.);
#829=ORIENTED_EDGE('',*,*,#1944,.T.);
#830=ORIENTED_EDGE('',*,*,#1947,.T.);
#831=ORIENTED_EDGE('',*,*,#1948,.F.);
#832=ORIENTED_EDGE('',*,*,#1949,.T.);
#833=ORIENTED_EDGE('',*,*,#1948,.T.);
#834=ORIENTED_EDGE('',*,*,#1950,.T.);
#835=ORIENTED_EDGE('',*,*,#1817,.T.);
#836=ORIENTED_EDGE('',*,*,#1951,.F.);
#837=ORIENTED_EDGE('',*,*,#1952,.T.);
#838=ORIENTED_EDGE('',*,*,#1953,.F.);
#839=ORIENTED_EDGE('',*,*,#1954,.T.);
#840=ORIENTED_EDGE('',*,*,#1951,.T.);
#841=ORIENTED_EDGE('',*,*,#1955,.T.);
#842=ORIENTED_EDGE('',*,*,#1956,.T.);
#843=ORIENTED_EDGE('',*,*,#1957,.F.);
#844=ORIENTED_EDGE('',*,*,#1958,.T.);
#845=ORIENTED_EDGE('',*,*,#1953,.T.);
#846=ORIENTED_EDGE('',*,*,#1959,.T.);
#847=ORIENTED_EDGE('',*,*,#1957,.T.);
#848=ORIENTED_EDGE('',*,*,#1960,.T.);
#849=ORIENTED_EDGE('',*,*,#1961,.F.);
#850=ORIENTED_EDGE('',*,*,#1962,.T.);
#851=ORIENTED_EDGE('',*,*,#1961,.T.);
#852=ORIENTED_EDGE('',*,*,#1963,.T.);
#853=ORIENTED_EDGE('',*,*,#1821,.T.);
#854=ORIENTED_EDGE('',*,*,#1736,.F.);
#855=ORIENTED_EDGE('',*,*,#1964,.T.);
#856=ORIENTED_EDGE('',*,*,#1965,.T.);
#857=ORIENTED_EDGE('',*,*,#1966,.T.);
#858=ORIENTED_EDGE('',*,*,#1967,.T.);
#859=ORIENTED_EDGE('',*,*,#1968,.T.);
#860=ORIENTED_EDGE('',*,*,#1969,.T.);
#861=ORIENTED_EDGE('',*,*,#1970,.T.);
#862=ORIENTED_EDGE('',*,*,#1971,.T.);
#863=ORIENTED_EDGE('',*,*,#1972,.T.);
#864=ORIENTED_EDGE('',*,*,#1973,.T.);
#865=ORIENTED_EDGE('',*,*,#1732,.T.);
#866=ORIENTED_EDGE('',*,*,#1974,.T.);
#867=ORIENTED_EDGE('',*,*,#1975,.T.);
#868=ORIENTED_EDGE('',*,*,#1976,.T.);
#869=ORIENTED_EDGE('',*,*,#1977,.T.);
#870=ORIENTED_EDGE('',*,*,#1978,.T.);
#871=ORIENTED_EDGE('',*,*,#1979,.T.);
#872=ORIENTED_EDGE('',*,*,#1980,.T.);
#873=ORIENTED_EDGE('',*,*,#1981,.T.);
#874=ORIENTED_EDGE('',*,*,#1982,.T.);
#875=ORIENTED_EDGE('',*,*,#1726,.T.);
#876=ORIENTED_EDGE('',*,*,#1983,.T.);
#877=ORIENTED_EDGE('',*,*,#1984,.F.);
#878=ORIENTED_EDGE('',*,*,#1985,.T.);
#879=ORIENTED_EDGE('',*,*,#1986,.T.);
#880=ORIENTED_EDGE('',*,*,#1987,.T.);
#881=ORIENTED_EDGE('',*,*,#1988,.T.);
#882=ORIENTED_EDGE('',*,*,#1989,.T.);
#883=ORIENTED_EDGE('',*,*,#1990,.T.);
#884=ORIENTED_EDGE('',*,*,#1991,.T.);
#885=ORIENTED_EDGE('',*,*,#1992,.T.);
#886=ORIENTED_EDGE('',*,*,#1993,.F.);
#887=ORIENTED_EDGE('',*,*,#1994,.T.);
#888=ORIENTED_EDGE('',*,*,#1984,.T.);
#889=ORIENTED_EDGE('',*,*,#1839,.T.);
#890=ORIENTED_EDGE('',*,*,#1993,.T.);
#891=ORIENTED_EDGE('',*,*,#1995,.T.);
#892=ORIENTED_EDGE('',*,*,#1996,.F.);
#893=ORIENTED_EDGE('',*,*,#1997,.T.);
#894=ORIENTED_EDGE('',*,*,#1996,.T.);
#895=ORIENTED_EDGE('',*,*,#1998,.T.);
#896=ORIENTED_EDGE('',*,*,#1833,.T.);
#897=ORIENTED_EDGE('',*,*,#1915,.F.);
#898=ORIENTED_EDGE('',*,*,#1999,.T.);
#899=ORIENTED_EDGE('',*,*,#1751,.T.);
#900=ORIENTED_EDGE('',*,*,#2000,.T.);
#901=ORIENTED_EDGE('',*,*,#1872,.F.);
#902=ORIENTED_EDGE('',*,*,#2001,.F.);
#903=ORIENTED_EDGE('',*,*,#1753,.T.);
#904=ORIENTED_EDGE('',*,*,#2002,.T.);
#905=ORIENTED_EDGE('',*,*,#1870,.F.);
#906=ORIENTED_EDGE('',*,*,#2003,.F.);
#907=ORIENTED_EDGE('',*,*,#1755,.T.);
#908=ORIENTED_EDGE('',*,*,#2004,.T.);
#909=ORIENTED_EDGE('',*,*,#1882,.F.);
#910=ORIENTED_EDGE('',*,*,#1808,.F.);
#911=ORIENTED_EDGE('',*,*,#1749,.T.);
#912=ORIENTED_EDGE('',*,*,#1816,.T.);
#913=ORIENTED_EDGE('',*,*,#1874,.F.);
#914=ORIENTED_EDGE('',*,*,#2005,.F.);
#915=ORIENTED_EDGE('',*,*,#2005,.T.);
#916=ORIENTED_EDGE('',*,*,#1873,.F.);
#917=ORIENTED_EDGE('',*,*,#2000,.F.);
#918=ORIENTED_EDGE('',*,*,#1750,.T.);
#919=ORIENTED_EDGE('',*,*,#1752,.T.);
#920=ORIENTED_EDGE('',*,*,#2001,.T.);
#921=ORIENTED_EDGE('',*,*,#1871,.F.);
#922=ORIENTED_EDGE('',*,*,#2002,.F.);
#923=ORIENTED_EDGE('',*,*,#1754,.T.);
#924=ORIENTED_EDGE('',*,*,#2003,.T.);
#925=ORIENTED_EDGE('',*,*,#1869,.F.);
#926=ORIENTED_EDGE('',*,*,#2004,.F.);
#927=ORIENTED_EDGE('',*,*,#2006,.F.);
#928=ORIENTED_EDGE('',*,*,#2007,.T.);
#929=ORIENTED_EDGE('',*,*,#1950,.F.);
#930=ORIENTED_EDGE('',*,*,#1947,.F.);
#931=ORIENTED_EDGE('',*,*,#1943,.F.);
#932=ORIENTED_EDGE('',*,*,#2008,.T.);
#933=ORIENTED_EDGE('',*,*,#2009,.T.);
#934=ORIENTED_EDGE('',*,*,#2010,.T.);
#935=ORIENTED_EDGE('',*,*,#2011,.F.);
#936=ORIENTED_EDGE('',*,*,#2012,.T.);
#937=ORIENTED_EDGE('',*,*,#1998,.F.);
#938=ORIENTED_EDGE('',*,*,#1995,.F.);
#939=ORIENTED_EDGE('',*,*,#1992,.F.);
#940=ORIENTED_EDGE('',*,*,#2013,.T.);
#941=ORIENTED_EDGE('',*,*,#2014,.F.);
#942=ORIENTED_EDGE('',*,*,#2015,.T.);
#943=ORIENTED_EDGE('',*,*,#1924,.F.);
#944=ORIENTED_EDGE('',*,*,#1921,.F.);
#945=ORIENTED_EDGE('',*,*,#1917,.F.);
#946=ORIENTED_EDGE('',*,*,#2016,.T.);
#947=ORIENTED_EDGE('',*,*,#2017,.T.);
#948=ORIENTED_EDGE('',*,*,#2018,.F.);
#949=ORIENTED_EDGE('',*,*,#2019,.T.);
#950=ORIENTED_EDGE('',*,*,#1937,.F.);
#951=ORIENTED_EDGE('',*,*,#1934,.F.);
#952=ORIENTED_EDGE('',*,*,#1930,.F.);
#953=ORIENTED_EDGE('',*,*,#2020,.T.);
#954=ORIENTED_EDGE('',*,*,#2021,.T.);
#955=ORIENTED_EDGE('',*,*,#2022,.F.);
#956=ORIENTED_EDGE('',*,*,#2023,.T.);
#957=ORIENTED_EDGE('',*,*,#1963,.F.);
#958=ORIENTED_EDGE('',*,*,#1960,.F.);
#959=ORIENTED_EDGE('',*,*,#1956,.F.);
#960=ORIENTED_EDGE('',*,*,#2024,.T.);
#961=ORIENTED_EDGE('',*,*,#2025,.T.);
#962=ORIENTED_EDGE('',*,*,#2026,.T.);
#963=ORIENTED_EDGE('',*,*,#2010,.F.);
#964=ORIENTED_EDGE('',*,*,#2027,.T.);
#965=ORIENTED_EDGE('',*,*,#2025,.F.);
#966=ORIENTED_EDGE('',*,*,#2028,.T.);
#967=ORIENTED_EDGE('',*,*,#2009,.F.);
#968=ORIENTED_EDGE('',*,*,#2029,.T.);
#969=ORIENTED_EDGE('',*,*,#2021,.F.);
#970=ORIENTED_EDGE('',*,*,#2030,.T.);
#971=ORIENTED_EDGE('',*,*,#2017,.F.);
#972=ORIENTED_EDGE('',*,*,#2031,.T.);
#973=ORIENTED_EDGE('',*,*,#2032,.F.);
#974=ORIENTED_EDGE('',*,*,#1812,.F.);
#975=ORIENTED_EDGE('',*,*,#1747,.T.);
#976=ORIENTED_EDGE('',*,*,#2033,.T.);
#977=ORIENTED_EDGE('',*,*,#2034,.T.);
#978=ORIENTED_EDGE('',*,*,#1797,.T.);
#979=ORIENTED_EDGE('',*,*,#2035,.T.);
#980=ORIENTED_EDGE('',*,*,#2032,.T.);
#981=ORIENTED_EDGE('',*,*,#2036,.T.);
#982=ORIENTED_EDGE('',*,*,#2037,.F.);
#983=ORIENTED_EDGE('',*,*,#2038,.T.);
#984=ORIENTED_EDGE('',*,*,#2039,.T.);
#985=ORIENTED_EDGE('',*,*,#1813,.F.);
#986=ORIENTED_EDGE('',*,*,#2040,.T.);
#987=ORIENTED_EDGE('',*,*,#2041,.T.);
#988=ORIENTED_EDGE('',*,*,#2037,.T.);
#989=ORIENTED_EDGE('',*,*,#1730,.T.);
#990=ORIENTED_EDGE('',*,*,#2042,.F.);
#991=ORIENTED_EDGE('',*,*,#2043,.T.);
#992=ORIENTED_EDGE('',*,*,#2042,.T.);
#993=ORIENTED_EDGE('',*,*,#2044,.T.);
#994=ORIENTED_EDGE('',*,*,#1912,.F.);
#995=ORIENTED_EDGE('',*,*,#1811,.F.);
#996=ORIENTED_EDGE('',*,*,#2045,.T.);
#997=ORIENTED_EDGE('',*,*,#2046,.T.);
#998=ORIENTED_EDGE('',*,*,#1805,.T.);
#999=ORIENTED_EDGE('',*,*,#2047,.T.);
#1000=ORIENTED_EDGE('',*,*,#2048,.F.);
#1001=ORIENTED_EDGE('',*,*,#2049,.T.);
#1002=ORIENTED_EDGE('',*,*,#2050,.T.);
#1003=ORIENTED_EDGE('',*,*,#2051,.T.);
#1004=ORIENTED_EDGE('',*,*,#1728,.T.);
#1005=ORIENTED_EDGE('',*,*,#2033,.F.);
#1006=ORIENTED_EDGE('',*,*,#2052,.T.);
#1007=ORIENTED_EDGE('',*,*,#2048,.T.);
#1008=ORIENTED_EDGE('',*,*,#1850,.F.);
#1009=ORIENTED_EDGE('',*,*,#2053,.T.);
#1010=ORIENTED_EDGE('',*,*,#2054,.T.);
#1011=ORIENTED_EDGE('',*,*,#2055,.T.);
#1012=ORIENTED_EDGE('',*,*,#2056,.T.);
#1013=ORIENTED_EDGE('',*,*,#2057,.T.);
#1014=ORIENTED_EDGE('',*,*,#2058,.T.);
#1015=ORIENTED_EDGE('',*,*,#2059,.T.);
#1016=ORIENTED_EDGE('',*,*,#2054,.F.);
#1017=ORIENTED_EDGE('',*,*,#2060,.T.);
#1018=ORIENTED_EDGE('',*,*,#1806,.F.);
#1019=ORIENTED_EDGE('',*,*,#2061,.F.);
#1020=ORIENTED_EDGE('',*,*,#2061,.T.);
#1021=ORIENTED_EDGE('',*,*,#2049,.F.);
#1022=ORIENTED_EDGE('',*,*,#2062,.F.);
#1023=ORIENTED_EDGE('',*,*,#2055,.F.);
#1024=ORIENTED_EDGE('',*,*,#2062,.T.);
#1025=ORIENTED_EDGE('',*,*,#2052,.F.);
#1026=ORIENTED_EDGE('',*,*,#2063,.F.);
#1027=ORIENTED_EDGE('',*,*,#2056,.F.);
#1028=ORIENTED_EDGE('',*,*,#2063,.T.);
#1029=ORIENTED_EDGE('',*,*,#2035,.F.);
#1030=ORIENTED_EDGE('',*,*,#2064,.F.);
#1031=ORIENTED_EDGE('',*,*,#2057,.F.);
#1032=ORIENTED_EDGE('',*,*,#1796,.F.);
#1033=ORIENTED_EDGE('',*,*,#2065,.T.);
#1034=ORIENTED_EDGE('',*,*,#2066,.T.);
#1035=ORIENTED_EDGE('',*,*,#2058,.F.);
#1036=ORIENTED_EDGE('',*,*,#2064,.T.);
#1037=ORIENTED_EDGE('',*,*,#2067,.T.);
#1038=ORIENTED_EDGE('',*,*,#2068,.T.);
#1039=ORIENTED_EDGE('',*,*,#1878,.F.);
#1040=ORIENTED_EDGE('',*,*,#2069,.T.);
#1041=ORIENTED_EDGE('',*,*,#2070,.T.);
#1042=ORIENTED_EDGE('',*,*,#2071,.T.);
#1043=ORIENTED_EDGE('',*,*,#2069,.F.);
#1044=ORIENTED_EDGE('',*,*,#2072,.T.);
#1045=ORIENTED_EDGE('',*,*,#2073,.F.);
#1046=ORIENTED_EDGE('',*,*,#2073,.T.);
#1047=ORIENTED_EDGE('',*,*,#2074,.T.);
#1048=ORIENTED_EDGE('',*,*,#2038,.F.);
#1049=ORIENTED_EDGE('',*,*,#2075,.F.);
#1050=ORIENTED_EDGE('',*,*,#2070,.F.);
#1051=ORIENTED_EDGE('',*,*,#2075,.T.);
#1052=ORIENTED_EDGE('',*,*,#2043,.F.);
#1053=ORIENTED_EDGE('',*,*,#2076,.F.);
#1054=ORIENTED_EDGE('',*,*,#2071,.F.);
#1055=ORIENTED_EDGE('',*,*,#2046,.F.);
#1056=ORIENTED_EDGE('',*,*,#2077,.T.);
#1057=ORIENTED_EDGE('',*,*,#2078,.F.);
#1058=ORIENTED_EDGE('',*,*,#2067,.F.);
#1059=ORIENTED_EDGE('',*,*,#2076,.T.);
#1060=ORIENTED_EDGE('',*,*,#2078,.T.);
#1061=ORIENTED_EDGE('',*,*,#2079,.T.);
#1062=ORIENTED_EDGE('',*,*,#2068,.F.);
#1063=ORIENTED_EDGE('',*,*,#1883,.T.);
#1064=ORIENTED_EDGE('',*,*,#2080,.F.);
#1065=ORIENTED_EDGE('',*,*,#2081,.F.);
#1066=ORIENTED_EDGE('',*,*,#2082,.T.);
#1067=ORIENTED_EDGE('',*,*,#1884,.T.);
#1068=ORIENTED_EDGE('',*,*,#2082,.F.);
#1069=ORIENTED_EDGE('',*,*,#2083,.F.);
#1070=ORIENTED_EDGE('',*,*,#2084,.T.);
#1071=ORIENTED_EDGE('',*,*,#1885,.T.);
#1072=ORIENTED_EDGE('',*,*,#2084,.F.);
#1073=ORIENTED_EDGE('',*,*,#2085,.F.);
#1074=ORIENTED_EDGE('',*,*,#2086,.T.);
#1075=ORIENTED_EDGE('',*,*,#1886,.T.);
#1076=ORIENTED_EDGE('',*,*,#2086,.F.);
#1077=ORIENTED_EDGE('',*,*,#2087,.F.);
#1078=ORIENTED_EDGE('',*,*,#2088,.T.);
#1079=ORIENTED_EDGE('',*,*,#1887,.T.);
#1080=ORIENTED_EDGE('',*,*,#2088,.F.);
#1081=ORIENTED_EDGE('',*,*,#2089,.F.);
#1082=ORIENTED_EDGE('',*,*,#2090,.T.);
#1083=ORIENTED_EDGE('',*,*,#1888,.T.);
#1084=ORIENTED_EDGE('',*,*,#2090,.F.);
#1085=ORIENTED_EDGE('',*,*,#2091,.F.);
#1086=ORIENTED_EDGE('',*,*,#2092,.T.);
#1087=ORIENTED_EDGE('',*,*,#1889,.T.);
#1088=ORIENTED_EDGE('',*,*,#2092,.F.);
#1089=ORIENTED_EDGE('',*,*,#2093,.F.);
#1090=ORIENTED_EDGE('',*,*,#2094,.T.);
#1091=ORIENTED_EDGE('',*,*,#1890,.T.);
#1092=ORIENTED_EDGE('',*,*,#2094,.F.);
#1093=ORIENTED_EDGE('',*,*,#2095,.F.);
#1094=ORIENTED_EDGE('',*,*,#2080,.T.);
#1095=ORIENTED_EDGE('',*,*,#2081,.T.);
#1096=ORIENTED_EDGE('',*,*,#2095,.T.);
#1097=ORIENTED_EDGE('',*,*,#2093,.T.);
#1098=ORIENTED_EDGE('',*,*,#2091,.T.);
#1099=ORIENTED_EDGE('',*,*,#2089,.T.);
#1100=ORIENTED_EDGE('',*,*,#2087,.T.);
#1101=ORIENTED_EDGE('',*,*,#2085,.T.);
#1102=ORIENTED_EDGE('',*,*,#2083,.T.);
#1103=ORIENTED_EDGE('',*,*,#1715,.F.);
#1104=ORIENTED_EDGE('',*,*,#1717,.F.);
#1105=ORIENTED_EDGE('',*,*,#1697,.F.);
#1106=ORIENTED_EDGE('',*,*,#1700,.F.);
#1107=ORIENTED_EDGE('',*,*,#1703,.F.);
#1108=ORIENTED_EDGE('',*,*,#1706,.F.);
#1109=ORIENTED_EDGE('',*,*,#1709,.F.);
#1110=ORIENTED_EDGE('',*,*,#1712,.F.);
#1111=ORIENTED_EDGE('',*,*,#1909,.F.);
#1112=ORIENTED_EDGE('',*,*,#2096,.T.);
#1113=ORIENTED_EDGE('',*,*,#1844,.F.);
#1114=ORIENTED_EDGE('',*,*,#2097,.T.);
#1115=ORIENTED_EDGE('',*,*,#1843,.F.);
#1116=ORIENTED_EDGE('',*,*,#2098,.T.);
#1117=ORIENTED_EDGE('',*,*,#1899,.F.);
#1118=ORIENTED_EDGE('',*,*,#2099,.T.);
#1119=ORIENTED_EDGE('',*,*,#1906,.F.);
#1120=ORIENTED_EDGE('',*,*,#2100,.T.);
#1121=ORIENTED_EDGE('',*,*,#1841,.F.);
#1122=ORIENTED_EDGE('',*,*,#2101,.T.);
#1123=ORIENTED_EDGE('',*,*,#1903,.F.);
#1124=ORIENTED_EDGE('',*,*,#2102,.T.);
#1125=ORIENTED_EDGE('',*,*,#1842,.F.);
#1126=ORIENTED_EDGE('',*,*,#2103,.T.);
#1127=ORIENTED_EDGE('',*,*,#1820,.F.);
#1128=ORIENTED_EDGE('',*,*,#1854,.F.);
#1129=ORIENTED_EDGE('',*,*,#2104,.F.);
#1130=ORIENTED_EDGE('',*,*,#1955,.F.);
#1131=ORIENTED_EDGE('',*,*,#1853,.F.);
#1132=ORIENTED_EDGE('',*,*,#2105,.T.);
#1133=ORIENTED_EDGE('',*,*,#1959,.F.);
#1134=ORIENTED_EDGE('',*,*,#2104,.T.);
#1135=ORIENTED_EDGE('',*,*,#1856,.F.);
#1136=ORIENTED_EDGE('',*,*,#2106,.T.);
#1137=ORIENTED_EDGE('',*,*,#1946,.F.);
#1138=ORIENTED_EDGE('',*,*,#2107,.F.);
#1139=ORIENTED_EDGE('',*,*,#1824,.T.);
#1140=ORIENTED_EDGE('',*,*,#1851,.F.);
#1141=ORIENTED_EDGE('',*,*,#2108,.F.);
#1142=ORIENTED_EDGE('',*,*,#1737,.F.);
#1143=ORIENTED_EDGE('',*,*,#2107,.T.);
#1144=ORIENTED_EDGE('',*,*,#1942,.F.);
#1145=ORIENTED_EDGE('',*,*,#1828,.F.);
#1146=ORIENTED_EDGE('',*,*,#1857,.F.);
#1147=ORIENTED_EDGE('',*,*,#2108,.T.);
#1148=ORIENTED_EDGE('',*,*,#2059,.F.);
#1149=ORIENTED_EDGE('',*,*,#2109,.F.);
#1150=ORIENTED_EDGE('',*,*,#1738,.F.);
#1151=ORIENTED_EDGE('',*,*,#2066,.F.);
#1152=ORIENTED_EDGE('',*,*,#2110,.T.);
#1153=ORIENTED_EDGE('',*,*,#2111,.F.);
#1154=ORIENTED_EDGE('',*,*,#1739,.F.);
#1155=ORIENTED_EDGE('',*,*,#2109,.T.);
#1156=ORIENTED_EDGE('',*,*,#2111,.T.);
#1157=ORIENTED_EDGE('',*,*,#2112,.T.);
#1158=ORIENTED_EDGE('',*,*,#1742,.F.);
#1159=ORIENTED_EDGE('',*,*,#2113,.T.);
#1160=ORIENTED_EDGE('',*,*,#1740,.F.);
#1161=ORIENTED_EDGE('',*,*,#1859,.F.);
#1162=ORIENTED_EDGE('',*,*,#2114,.T.);
#1163=ORIENTED_EDGE('',*,*,#1933,.F.);
#1164=ORIENTED_EDGE('',*,*,#2115,.F.);
#1165=ORIENTED_EDGE('',*,*,#2115,.T.);
#1166=ORIENTED_EDGE('',*,*,#1929,.F.);
#1167=ORIENTED_EDGE('',*,*,#1832,.F.);
#1168=ORIENTED_EDGE('',*,*,#1860,.F.);
#1169=ORIENTED_EDGE('',*,*,#1981,.F.);
#1170=ORIENTED_EDGE('',*,*,#2116,.T.);
#1171=ORIENTED_EDGE('',*,*,#1794,.F.);
#1172=ORIENTED_EDGE('',*,*,#2117,.F.);
#1173=ORIENTED_EDGE('',*,*,#1846,.F.);
#1174=ORIENTED_EDGE('',*,*,#2118,.T.);
#1175=ORIENTED_EDGE('',*,*,#1920,.F.);
#1176=ORIENTED_EDGE('',*,*,#2119,.F.);
#1177=ORIENTED_EDGE('',*,*,#2117,.T.);
#1178=ORIENTED_EDGE('',*,*,#2034,.F.);
#1179=ORIENTED_EDGE('',*,*,#1727,.F.);
#1180=ORIENTED_EDGE('',*,*,#1982,.F.);
#1181=ORIENTED_EDGE('',*,*,#2119,.T.);
#1182=ORIENTED_EDGE('',*,*,#1916,.F.);
#1183=ORIENTED_EDGE('',*,*,#1836,.F.);
#1184=ORIENTED_EDGE('',*,*,#1847,.F.);
#1185=ORIENTED_EDGE('',*,*,#1729,.T.);
#1186=ORIENTED_EDGE('',*,*,#2047,.F.);
#1187=ORIENTED_EDGE('',*,*,#2120,.F.);
#1188=ORIENTED_EDGE('',*,*,#1983,.F.);
#1189=ORIENTED_EDGE('',*,*,#2120,.T.);
#1190=ORIENTED_EDGE('',*,*,#1804,.F.);
#1191=ORIENTED_EDGE('',*,*,#1800,.F.);
#1192=ORIENTED_EDGE('',*,*,#1965,.F.);
#1193=ORIENTED_EDGE('',*,*,#1840,.T.);
#1194=ORIENTED_EDGE('',*,*,#1991,.F.);
#1195=ORIENTED_EDGE('',*,*,#2121,.F.);
#1196=ORIENTED_EDGE('',*,*,#1849,.F.);
#1197=ORIENTED_EDGE('',*,*,#2121,.T.);
#1198=ORIENTED_EDGE('',*,*,#1990,.F.);
#1199=ORIENTED_EDGE('',*,*,#2122,.F.);
#1200=ORIENTED_EDGE('',*,*,#2053,.F.);
#1201=ORIENTED_EDGE('',*,*,#2122,.T.);
#1202=ORIENTED_EDGE('',*,*,#1989,.F.);
#1203=ORIENTED_EDGE('',*,*,#2123,.F.);
#1204=ORIENTED_EDGE('',*,*,#2060,.F.);
#1205=ORIENTED_EDGE('',*,*,#2124,.F.);
#1206=ORIENTED_EDGE('',*,*,#2125,.T.);
#1207=ORIENTED_EDGE('',*,*,#1802,.F.);
#1208=ORIENTED_EDGE('',*,*,#1803,.F.);
#1209=ORIENTED_EDGE('',*,*,#2123,.T.);
#1210=ORIENTED_EDGE('',*,*,#1988,.F.);
#1211=ORIENTED_EDGE('',*,*,#2126,.T.);
#1212=ORIENTED_EDGE('',*,*,#1764,.F.);
#1213=ORIENTED_EDGE('',*,*,#2127,.T.);
#1214=ORIENTED_EDGE('',*,*,#1994,.F.);
#1215=ORIENTED_EDGE('',*,*,#2128,.F.);
#1216=ORIENTED_EDGE('',*,*,#2128,.T.);
#1217=ORIENTED_EDGE('',*,*,#1997,.F.);
#1218=ORIENTED_EDGE('',*,*,#2129,.F.);
#1219=ORIENTED_EDGE('',*,*,#1765,.F.);
#1220=ORIENTED_EDGE('',*,*,#2129,.T.);
#1221=ORIENTED_EDGE('',*,*,#1999,.F.);
#1222=ORIENTED_EDGE('',*,*,#2130,.F.);
#1223=ORIENTED_EDGE('',*,*,#1766,.F.);
#1224=ORIENTED_EDGE('',*,*,#2130,.T.);
#1225=ORIENTED_EDGE('',*,*,#1914,.F.);
#1226=ORIENTED_EDGE('',*,*,#2131,.F.);
#1227=ORIENTED_EDGE('',*,*,#1767,.F.);
#1228=ORIENTED_EDGE('',*,*,#2132,.T.);
#1229=ORIENTED_EDGE('',*,*,#2132,.F.);
#1230=ORIENTED_EDGE('',*,*,#1970,.F.);
#1231=ORIENTED_EDGE('',*,*,#2133,.F.);
#1232=ORIENTED_EDGE('',*,*,#1758,.F.);
#1233=ORIENTED_EDGE('',*,*,#2134,.F.);
#1234=ORIENTED_EDGE('',*,*,#1971,.F.);
#1235=ORIENTED_EDGE('',*,*,#2131,.T.);
#1236=ORIENTED_EDGE('',*,*,#1919,.F.);
#1237=ORIENTED_EDGE('',*,*,#2135,.F.);
#1238=ORIENTED_EDGE('',*,*,#1768,.F.);
#1239=ORIENTED_EDGE('',*,*,#2134,.T.);
#1240=ORIENTED_EDGE('',*,*,#1911,.F.);
#1241=ORIENTED_EDGE('',*,*,#2136,.F.);
#1242=ORIENTED_EDGE('',*,*,#1972,.F.);
#1243=ORIENTED_EDGE('',*,*,#2135,.T.);
#1244=ORIENTED_EDGE('',*,*,#1923,.F.);
#1245=ORIENTED_EDGE('',*,*,#2137,.F.);
#1246=ORIENTED_EDGE('',*,*,#1769,.F.);
#1247=ORIENTED_EDGE('',*,*,#2136,.T.);
#1248=ORIENTED_EDGE('',*,*,#2044,.F.);
#1249=ORIENTED_EDGE('',*,*,#1733,.F.);
#1250=ORIENTED_EDGE('',*,*,#1973,.F.);
#1251=ORIENTED_EDGE('',*,*,#2137,.T.);
#1252=ORIENTED_EDGE('',*,*,#1926,.F.);
#1253=ORIENTED_EDGE('',*,*,#2138,.F.);
#1254=ORIENTED_EDGE('',*,*,#1770,.F.);
#1255=ORIENTED_EDGE('',*,*,#2138,.T.);
#1256=ORIENTED_EDGE('',*,*,#1928,.F.);
#1257=ORIENTED_EDGE('',*,*,#2139,.F.);
#1258=ORIENTED_EDGE('',*,*,#1771,.F.);
#1259=ORIENTED_EDGE('',*,*,#2139,.T.);
#1260=ORIENTED_EDGE('',*,*,#1932,.F.);
#1261=ORIENTED_EDGE('',*,*,#2140,.F.);
#1262=ORIENTED_EDGE('',*,*,#1772,.F.);
#1263=ORIENTED_EDGE('',*,*,#2140,.T.);
#1264=ORIENTED_EDGE('',*,*,#1936,.F.);
#1265=ORIENTED_EDGE('',*,*,#2141,.F.);
#1266=ORIENTED_EDGE('',*,*,#1773,.F.);
#1267=ORIENTED_EDGE('',*,*,#2141,.T.);
#1268=ORIENTED_EDGE('',*,*,#1939,.F.);
#1269=ORIENTED_EDGE('',*,*,#2142,.F.);
#1270=ORIENTED_EDGE('',*,*,#1774,.F.);
#1271=ORIENTED_EDGE('',*,*,#2142,.T.);
#1272=ORIENTED_EDGE('',*,*,#1941,.F.);
#1273=ORIENTED_EDGE('',*,*,#2143,.F.);
#1274=ORIENTED_EDGE('',*,*,#1775,.F.);
#1275=ORIENTED_EDGE('',*,*,#2143,.T.);
#1276=ORIENTED_EDGE('',*,*,#1945,.F.);
#1277=ORIENTED_EDGE('',*,*,#2144,.F.);
#1278=ORIENTED_EDGE('',*,*,#1776,.F.);
#1279=ORIENTED_EDGE('',*,*,#2144,.T.);
#1280=ORIENTED_EDGE('',*,*,#1949,.F.);
#1281=ORIENTED_EDGE('',*,*,#2145,.F.);
#1282=ORIENTED_EDGE('',*,*,#1777,.F.);
#1283=ORIENTED_EDGE('',*,*,#2145,.T.);
#1284=ORIENTED_EDGE('',*,*,#1952,.F.);
#1285=ORIENTED_EDGE('',*,*,#2146,.F.);
#1286=ORIENTED_EDGE('',*,*,#1778,.F.);
#1287=ORIENTED_EDGE('',*,*,#2146,.T.);
#1288=ORIENTED_EDGE('',*,*,#1954,.F.);
#1289=ORIENTED_EDGE('',*,*,#2147,.F.);
#1290=ORIENTED_EDGE('',*,*,#1779,.F.);
#1291=ORIENTED_EDGE('',*,*,#2147,.T.);
#1292=ORIENTED_EDGE('',*,*,#1958,.F.);
#1293=ORIENTED_EDGE('',*,*,#2148,.F.);
#1294=ORIENTED_EDGE('',*,*,#1780,.F.);
#1295=ORIENTED_EDGE('',*,*,#2148,.T.);
#1296=ORIENTED_EDGE('',*,*,#1962,.F.);
#1297=ORIENTED_EDGE('',*,*,#2149,.F.);
#1298=ORIENTED_EDGE('',*,*,#1781,.F.);
#1299=ORIENTED_EDGE('',*,*,#1731,.T.);
#1300=ORIENTED_EDGE('',*,*,#2036,.F.);
#1301=ORIENTED_EDGE('',*,*,#2150,.F.);
#1302=ORIENTED_EDGE('',*,*,#1974,.F.);
#1303=ORIENTED_EDGE('',*,*,#1964,.F.);
#1304=ORIENTED_EDGE('',*,*,#2151,.T.);
#1305=ORIENTED_EDGE('',*,*,#1782,.F.);
#1306=ORIENTED_EDGE('',*,*,#2149,.T.);
#1307=ORIENTED_EDGE('',*,*,#2031,.F.);
#1308=ORIENTED_EDGE('',*,*,#2152,.F.);
#1309=ORIENTED_EDGE('',*,*,#1975,.F.);
#1310=ORIENTED_EDGE('',*,*,#2150,.T.);
#1311=ORIENTED_EDGE('',*,*,#2030,.F.);
#1312=ORIENTED_EDGE('',*,*,#2153,.F.);
#1313=ORIENTED_EDGE('',*,*,#2153,.T.);
#1314=ORIENTED_EDGE('',*,*,#1789,.F.);
#1315=ORIENTED_EDGE('',*,*,#2029,.F.);
#1316=ORIENTED_EDGE('',*,*,#2154,.F.);
#1317=ORIENTED_EDGE('',*,*,#2154,.T.);
#1318=ORIENTED_EDGE('',*,*,#1790,.F.);
#1319=ORIENTED_EDGE('',*,*,#2028,.F.);
#1320=ORIENTED_EDGE('',*,*,#2155,.F.);
#1321=ORIENTED_EDGE('',*,*,#2155,.T.);
#1322=ORIENTED_EDGE('',*,*,#1791,.F.);
#1323=ORIENTED_EDGE('',*,*,#2027,.F.);
#1324=ORIENTED_EDGE('',*,*,#2156,.F.);
#1325=ORIENTED_EDGE('',*,*,#2156,.T.);
#1326=ORIENTED_EDGE('',*,*,#1792,.F.);
#1327=ORIENTED_EDGE('',*,*,#2026,.F.);
#1328=ORIENTED_EDGE('',*,*,#2157,.F.);
#1329=ORIENTED_EDGE('',*,*,#2157,.T.);
#1330=ORIENTED_EDGE('',*,*,#1788,.F.);
#1331=ORIENTED_EDGE('',*,*,#2158,.T.);
#1332=ORIENTED_EDGE('',*,*,#2159,.T.);
#1333=ORIENTED_EDGE('',*,*,#2011,.T.);
#1334=ORIENTED_EDGE('',*,*,#2160,.T.);
#1335=ORIENTED_EDGE('',*,*,#2013,.F.);
#1336=ORIENTED_EDGE('',*,*,#1838,.F.);
#1337=ORIENTED_EDGE('',*,*,#2161,.F.);
#1338=ORIENTED_EDGE('',*,*,#2160,.F.);
#1339=ORIENTED_EDGE('',*,*,#2161,.T.);
#1340=ORIENTED_EDGE('',*,*,#1848,.F.);
#1341=ORIENTED_EDGE('',*,*,#2162,.F.);
#1342=ORIENTED_EDGE('',*,*,#2158,.F.);
#1343=ORIENTED_EDGE('',*,*,#2162,.T.);
#1344=ORIENTED_EDGE('',*,*,#1834,.F.);
#1345=ORIENTED_EDGE('',*,*,#2012,.F.);
#1346=ORIENTED_EDGE('',*,*,#2159,.F.);
#1347=ORIENTED_EDGE('',*,*,#2014,.T.);
#1348=ORIENTED_EDGE('',*,*,#2163,.T.);
#1349=ORIENTED_EDGE('',*,*,#2164,.T.);
#1350=ORIENTED_EDGE('',*,*,#2165,.T.);
#1351=ORIENTED_EDGE('',*,*,#2018,.T.);
#1352=ORIENTED_EDGE('',*,*,#2166,.T.);
#1353=ORIENTED_EDGE('',*,*,#2167,.T.);
#1354=ORIENTED_EDGE('',*,*,#2168,.T.);
#1355=ORIENTED_EDGE('',*,*,#2169,.T.);
#1356=ORIENTED_EDGE('',*,*,#2170,.T.);
#1357=ORIENTED_EDGE('',*,*,#2006,.T.);
#1358=ORIENTED_EDGE('',*,*,#2171,.T.);
#1359=ORIENTED_EDGE('',*,*,#2022,.T.);
#1360=ORIENTED_EDGE('',*,*,#2172,.T.);
#1361=ORIENTED_EDGE('',*,*,#2173,.T.);
#1362=ORIENTED_EDGE('',*,*,#2174,.T.);
#1363=ORIENTED_EDGE('',*,*,#2008,.F.);
#1364=ORIENTED_EDGE('',*,*,#2106,.F.);
#1365=ORIENTED_EDGE('',*,*,#2175,.F.);
#1366=ORIENTED_EDGE('',*,*,#2171,.F.);
#1367=ORIENTED_EDGE('',*,*,#2175,.T.);
#1368=ORIENTED_EDGE('',*,*,#1855,.F.);
#1369=ORIENTED_EDGE('',*,*,#2176,.F.);
#1370=ORIENTED_EDGE('',*,*,#2169,.F.);
#1371=ORIENTED_EDGE('',*,*,#2176,.T.);
#1372=ORIENTED_EDGE('',*,*,#1818,.F.);
#1373=ORIENTED_EDGE('',*,*,#2007,.F.);
#1374=ORIENTED_EDGE('',*,*,#2170,.F.);
#1375=ORIENTED_EDGE('',*,*,#2019,.F.);
#1376=ORIENTED_EDGE('',*,*,#2168,.F.);
#1377=ORIENTED_EDGE('',*,*,#2177,.F.);
#1378=ORIENTED_EDGE('',*,*,#1826,.F.);
#1379=ORIENTED_EDGE('',*,*,#2177,.T.);
#1380=ORIENTED_EDGE('',*,*,#2167,.F.);
#1381=ORIENTED_EDGE('',*,*,#2178,.F.);
#1382=ORIENTED_EDGE('',*,*,#1858,.F.);
#1383=ORIENTED_EDGE('',*,*,#2020,.F.);
#1384=ORIENTED_EDGE('',*,*,#2114,.F.);
#1385=ORIENTED_EDGE('',*,*,#2178,.T.);
#1386=ORIENTED_EDGE('',*,*,#2166,.F.);
#1387=ORIENTED_EDGE('',*,*,#2023,.F.);
#1388=ORIENTED_EDGE('',*,*,#2174,.F.);
#1389=ORIENTED_EDGE('',*,*,#2179,.F.);
#1390=ORIENTED_EDGE('',*,*,#1822,.F.);
#1391=ORIENTED_EDGE('',*,*,#2179,.T.);
#1392=ORIENTED_EDGE('',*,*,#2173,.F.);
#1393=ORIENTED_EDGE('',*,*,#2180,.F.);
#1394=ORIENTED_EDGE('',*,*,#1852,.F.);
#1395=ORIENTED_EDGE('',*,*,#2024,.F.);
#1396=ORIENTED_EDGE('',*,*,#2105,.F.);
#1397=ORIENTED_EDGE('',*,*,#2180,.T.);
#1398=ORIENTED_EDGE('',*,*,#2172,.F.);
#1399=ORIENTED_EDGE('',*,*,#2015,.F.);
#1400=ORIENTED_EDGE('',*,*,#2165,.F.);
#1401=ORIENTED_EDGE('',*,*,#2181,.F.);
#1402=ORIENTED_EDGE('',*,*,#1830,.F.);
#1403=ORIENTED_EDGE('',*,*,#2181,.T.);
#1404=ORIENTED_EDGE('',*,*,#2164,.F.);
#1405=ORIENTED_EDGE('',*,*,#2182,.F.);
#1406=ORIENTED_EDGE('',*,*,#1845,.F.);
#1407=ORIENTED_EDGE('',*,*,#2016,.F.);
#1408=ORIENTED_EDGE('',*,*,#2118,.F.);
#1409=ORIENTED_EDGE('',*,*,#2182,.T.);
#1410=ORIENTED_EDGE('',*,*,#2163,.F.);
#1411=ORIENTED_EDGE('',*,*,#2098,.F.);
#1412=ORIENTED_EDGE('',*,*,#2102,.F.);
#1413=ORIENTED_EDGE('',*,*,#2183,.F.);
#1414=ORIENTED_EDGE('',*,*,#1894,.F.);
#1415=ORIENTED_EDGE('',*,*,#1900,.F.);
#1416=ORIENTED_EDGE('',*,*,#2183,.T.);
#1417=ORIENTED_EDGE('',*,*,#1902,.F.);
#1418=ORIENTED_EDGE('',*,*,#2103,.F.);
#1419=ORIENTED_EDGE('',*,*,#2100,.F.);
#1420=ORIENTED_EDGE('',*,*,#2184,.F.);
#1421=ORIENTED_EDGE('',*,*,#1896,.F.);
#1422=ORIENTED_EDGE('',*,*,#1904,.F.);
#1423=ORIENTED_EDGE('',*,*,#2184,.T.);
#1424=ORIENTED_EDGE('',*,*,#1905,.F.);
#1425=ORIENTED_EDGE('',*,*,#2101,.F.);
#1426=ORIENTED_EDGE('',*,*,#2096,.F.);
#1427=ORIENTED_EDGE('',*,*,#2185,.F.);
#1428=ORIENTED_EDGE('',*,*,#1898,.F.);
#1429=ORIENTED_EDGE('',*,*,#1907,.F.);
#1430=ORIENTED_EDGE('',*,*,#2185,.T.);
#1431=ORIENTED_EDGE('',*,*,#1908,.F.);
#1432=ORIENTED_EDGE('',*,*,#2097,.F.);
#1433=ORIENTED_EDGE('',*,*,#2099,.F.);
#1434=ORIENTED_EDGE('',*,*,#2186,.F.);
#1435=ORIENTED_EDGE('',*,*,#1892,.F.);
#1436=ORIENTED_EDGE('',*,*,#1910,.F.);
#1437=ORIENTED_EDGE('',*,*,#2186,.T.);
#1438=ORIENTED_EDGE('',*,*,#1901,.F.);
#1439=ORIENTED_EDGE('',*,*,#1810,.F.);
#1440=ORIENTED_EDGE('',*,*,#1881,.F.);
#1441=ORIENTED_EDGE('',*,*,#2187,.F.);
#1442=ORIENTED_EDGE('',*,*,#2045,.F.);
#1443=ORIENTED_EDGE('',*,*,#2187,.T.);
#1444=ORIENTED_EDGE('',*,*,#1880,.F.);
#1445=ORIENTED_EDGE('',*,*,#2188,.F.);
#1446=ORIENTED_EDGE('',*,*,#2077,.F.);
#1447=ORIENTED_EDGE('',*,*,#1879,.F.);
#1448=ORIENTED_EDGE('',*,*,#2079,.F.);
#1449=ORIENTED_EDGE('',*,*,#2188,.T.);
#1450=ORIENTED_EDGE('',*,*,#1814,.F.);
#1451=ORIENTED_EDGE('',*,*,#2039,.F.);
#1452=ORIENTED_EDGE('',*,*,#2189,.F.);
#1453=ORIENTED_EDGE('',*,*,#1875,.F.);
#1454=ORIENTED_EDGE('',*,*,#2072,.F.);
#1455=ORIENTED_EDGE('',*,*,#1877,.F.);
#1456=ORIENTED_EDGE('',*,*,#2190,.F.);
#1457=ORIENTED_EDGE('',*,*,#2189,.T.);
#1458=ORIENTED_EDGE('',*,*,#2074,.F.);
#1459=ORIENTED_EDGE('',*,*,#2190,.T.);
#1460=ORIENTED_EDGE('',*,*,#1876,.F.);
#1461=ORIENTED_EDGE('',*,*,#2191,.T.);
#1462=ORIENTED_EDGE('',*,*,#2192,.T.);
#1463=ORIENTED_EDGE('',*,*,#2193,.T.);
#1464=ORIENTED_EDGE('',*,*,#2194,.T.);
#1465=ORIENTED_EDGE('',*,*,#2195,.F.);
#1466=ORIENTED_EDGE('',*,*,#2196,.T.);
#1467=ORIENTED_EDGE('',*,*,#2197,.T.);
#1468=ORIENTED_EDGE('',*,*,#2124,.T.);
#1469=ORIENTED_EDGE('',*,*,#2198,.T.);
#1470=ORIENTED_EDGE('',*,*,#2199,.T.);
#1471=ORIENTED_EDGE('',*,*,#2200,.T.);
#1472=ORIENTED_EDGE('',*,*,#2201,.T.);
#1473=ORIENTED_EDGE('',*,*,#1986,.F.);
#1474=ORIENTED_EDGE('',*,*,#2202,.T.);
#1475=ORIENTED_EDGE('',*,*,#2203,.T.);
#1476=ORIENTED_EDGE('',*,*,#2204,.T.);
#1477=ORIENTED_EDGE('',*,*,#2205,.T.);
#1478=ORIENTED_EDGE('',*,*,#2203,.F.);
#1479=ORIENTED_EDGE('',*,*,#2206,.T.);
#1480=ORIENTED_EDGE('',*,*,#2191,.F.);
#1481=ORIENTED_EDGE('',*,*,#2193,.F.);
#1482=ORIENTED_EDGE('',*,*,#2207,.T.);
#1483=ORIENTED_EDGE('',*,*,#1969,.F.);
#1484=ORIENTED_EDGE('',*,*,#2208,.T.);
#1485=ORIENTED_EDGE('',*,*,#2209,.F.);
#1486=ORIENTED_EDGE('',*,*,#2195,.T.);
#1487=ORIENTED_EDGE('',*,*,#2210,.T.);
#1488=ORIENTED_EDGE('',*,*,#1793,.F.);
#1489=ORIENTED_EDGE('',*,*,#2209,.T.);
#1490=ORIENTED_EDGE('',*,*,#2210,.F.);
#1491=ORIENTED_EDGE('',*,*,#2211,.F.);
#1492=ORIENTED_EDGE('',*,*,#2198,.F.);
#1493=ORIENTED_EDGE('',*,*,#2126,.F.);
#1494=ORIENTED_EDGE('',*,*,#1987,.F.);
#1495=ORIENTED_EDGE('',*,*,#2204,.F.);
#1496=ORIENTED_EDGE('',*,*,#2211,.T.);
#1497=ORIENTED_EDGE('',*,*,#2205,.F.);
#1498=ORIENTED_EDGE('',*,*,#2212,.F.);
#1499=ORIENTED_EDGE('',*,*,#2199,.F.);
#1500=ORIENTED_EDGE('',*,*,#2212,.T.);
#1501=ORIENTED_EDGE('',*,*,#2194,.F.);
#1502=ORIENTED_EDGE('',*,*,#2213,.F.);
#1503=ORIENTED_EDGE('',*,*,#2200,.F.);
#1504=ORIENTED_EDGE('',*,*,#2213,.T.);
#1505=ORIENTED_EDGE('',*,*,#2208,.F.);
#1506=ORIENTED_EDGE('',*,*,#2214,.F.);
#1507=ORIENTED_EDGE('',*,*,#2201,.F.);
#1508=ORIENTED_EDGE('',*,*,#2214,.T.);
#1509=ORIENTED_EDGE('',*,*,#1968,.F.);
#1510=ORIENTED_EDGE('',*,*,#2215,.T.);
#1511=ORIENTED_EDGE('',*,*,#2196,.F.);
#1512=ORIENTED_EDGE('',*,*,#2133,.T.);
#1513=ORIENTED_EDGE('',*,*,#2207,.F.);
#1514=ORIENTED_EDGE('',*,*,#2216,.F.);
#1515=ORIENTED_EDGE('',*,*,#1759,.F.);
#1516=ORIENTED_EDGE('',*,*,#2216,.T.);
#1517=ORIENTED_EDGE('',*,*,#2192,.F.);
#1518=ORIENTED_EDGE('',*,*,#2217,.F.);
#1519=ORIENTED_EDGE('',*,*,#1760,.F.);
#1520=ORIENTED_EDGE('',*,*,#2217,.T.);
#1521=ORIENTED_EDGE('',*,*,#2206,.F.);
#1522=ORIENTED_EDGE('',*,*,#2218,.F.);
#1523=ORIENTED_EDGE('',*,*,#1761,.F.);
#1524=ORIENTED_EDGE('',*,*,#2218,.T.);
#1525=ORIENTED_EDGE('',*,*,#2202,.F.);
#1526=ORIENTED_EDGE('',*,*,#2219,.F.);
#1527=ORIENTED_EDGE('',*,*,#1762,.F.);
#1528=ORIENTED_EDGE('',*,*,#2127,.F.);
#1529=ORIENTED_EDGE('',*,*,#1763,.F.);
#1530=ORIENTED_EDGE('',*,*,#2219,.T.);
#1531=ORIENTED_EDGE('',*,*,#1985,.F.);
#1532=ORIENTED_EDGE('',*,*,#2220,.F.);
#1533=ORIENTED_EDGE('',*,*,#2221,.T.);
#1534=ORIENTED_EDGE('',*,*,#2222,.T.);
#1535=ORIENTED_EDGE('',*,*,#2223,.T.);
#1536=ORIENTED_EDGE('',*,*,#2224,.T.);
#1537=ORIENTED_EDGE('',*,*,#2225,.T.);
#1538=ORIENTED_EDGE('',*,*,#2226,.T.);
#1539=ORIENTED_EDGE('',*,*,#2227,.T.);
#1540=ORIENTED_EDGE('',*,*,#2228,.T.);
#1541=ORIENTED_EDGE('',*,*,#2229,.T.);
#1542=ORIENTED_EDGE('',*,*,#2230,.T.);
#1543=ORIENTED_EDGE('',*,*,#2231,.T.);
#1544=ORIENTED_EDGE('',*,*,#2232,.F.);
#1545=ORIENTED_EDGE('',*,*,#2220,.T.);
#1546=ORIENTED_EDGE('',*,*,#2233,.T.);
#1547=ORIENTED_EDGE('',*,*,#1787,.F.);
#1548=ORIENTED_EDGE('',*,*,#2232,.T.);
#1549=ORIENTED_EDGE('',*,*,#2233,.F.);
#1550=ORIENTED_EDGE('',*,*,#2234,.T.);
#1551=ORIENTED_EDGE('',*,*,#2235,.T.);
#1552=ORIENTED_EDGE('',*,*,#1734,.F.);
#1553=ORIENTED_EDGE('',*,*,#2236,.T.);
#1554=ORIENTED_EDGE('',*,*,#1978,.F.);
#1555=ORIENTED_EDGE('',*,*,#2237,.T.);
#1556=ORIENTED_EDGE('',*,*,#2228,.F.);
#1557=ORIENTED_EDGE('',*,*,#2238,.T.);
#1558=ORIENTED_EDGE('',*,*,#2230,.F.);
#1559=ORIENTED_EDGE('',*,*,#2239,.T.);
#1560=ORIENTED_EDGE('',*,*,#2234,.F.);
#1561=ORIENTED_EDGE('',*,*,#2240,.T.);
#1562=ORIENTED_EDGE('',*,*,#1795,.F.);
#1563=ORIENTED_EDGE('',*,*,#2241,.T.);
#1564=ORIENTED_EDGE('',*,*,#2221,.F.);
#1565=ORIENTED_EDGE('',*,*,#2242,.T.);
#1566=ORIENTED_EDGE('',*,*,#1743,.F.);
#1567=ORIENTED_EDGE('',*,*,#2112,.F.);
#1568=ORIENTED_EDGE('',*,*,#2110,.F.);
#1569=ORIENTED_EDGE('',*,*,#2065,.F.);
#1570=ORIENTED_EDGE('',*,*,#2242,.F.);
#1571=ORIENTED_EDGE('',*,*,#2227,.F.);
#1572=ORIENTED_EDGE('',*,*,#2243,.F.);
#1573=ORIENTED_EDGE('',*,*,#2236,.F.);
#1574=ORIENTED_EDGE('',*,*,#1741,.F.);
#1575=ORIENTED_EDGE('',*,*,#2113,.F.);
#1576=ORIENTED_EDGE('',*,*,#1744,.F.);
#1577=ORIENTED_EDGE('',*,*,#2243,.T.);
#1578=ORIENTED_EDGE('',*,*,#2226,.F.);
#1579=ORIENTED_EDGE('',*,*,#2244,.F.);
#1580=ORIENTED_EDGE('',*,*,#2240,.F.);
#1581=ORIENTED_EDGE('',*,*,#2225,.F.);
#1582=ORIENTED_EDGE('',*,*,#2245,.T.);
#1583=ORIENTED_EDGE('',*,*,#2231,.F.);
#1584=ORIENTED_EDGE('',*,*,#2244,.T.);
#1585=ORIENTED_EDGE('',*,*,#2245,.F.);
#1586=ORIENTED_EDGE('',*,*,#2224,.F.);
#1587=ORIENTED_EDGE('',*,*,#2246,.F.);
#1588=ORIENTED_EDGE('',*,*,#2238,.F.);
#1589=ORIENTED_EDGE('',*,*,#2223,.F.);
#1590=ORIENTED_EDGE('',*,*,#2247,.T.);
#1591=ORIENTED_EDGE('',*,*,#1979,.F.);
#1592=ORIENTED_EDGE('',*,*,#2246,.T.);
#1593=ORIENTED_EDGE('',*,*,#2151,.F.);
#1594=ORIENTED_EDGE('',*,*,#1735,.F.);
#1595=ORIENTED_EDGE('',*,*,#2248,.F.);
#1596=ORIENTED_EDGE('',*,*,#1783,.F.);
#1597=ORIENTED_EDGE('',*,*,#2248,.T.);
#1598=ORIENTED_EDGE('',*,*,#2235,.F.);
#1599=ORIENTED_EDGE('',*,*,#2249,.F.);
#1600=ORIENTED_EDGE('',*,*,#1784,.F.);
#1601=ORIENTED_EDGE('',*,*,#2249,.T.);
#1602=ORIENTED_EDGE('',*,*,#2239,.F.);
#1603=ORIENTED_EDGE('',*,*,#2250,.F.);
#1604=ORIENTED_EDGE('',*,*,#1785,.F.);
#1605=ORIENTED_EDGE('',*,*,#2250,.T.);
#1606=ORIENTED_EDGE('',*,*,#2229,.F.);
#1607=ORIENTED_EDGE('',*,*,#2251,.F.);
#1608=ORIENTED_EDGE('',*,*,#1786,.F.);
#1609=ORIENTED_EDGE('',*,*,#2251,.T.);
#1610=ORIENTED_EDGE('',*,*,#2237,.F.);
#1611=ORIENTED_EDGE('',*,*,#2252,.F.);
#1612=ORIENTED_EDGE('',*,*,#1745,.F.);
#1613=ORIENTED_EDGE('',*,*,#2253,.T.);
#1614=ORIENTED_EDGE('',*,*,#2253,.F.);
#1615=ORIENTED_EDGE('',*,*,#1976,.F.);
#1616=ORIENTED_EDGE('',*,*,#2152,.T.);
#1617=ORIENTED_EDGE('',*,*,#1746,.F.);
#1618=ORIENTED_EDGE('',*,*,#2252,.T.);
#1619=ORIENTED_EDGE('',*,*,#1977,.F.);
#1620=ORIENTED_EDGE('',*,*,#2254,.F.);
#1621=ORIENTED_EDGE('',*,*,#2255,.T.);
#1622=ORIENTED_EDGE('',*,*,#2256,.F.);
#1623=ORIENTED_EDGE('',*,*,#2257,.T.);
#1624=ORIENTED_EDGE('',*,*,#2257,.F.);
#1625=ORIENTED_EDGE('',*,*,#2258,.F.);
#1626=ORIENTED_EDGE('',*,*,#2259,.T.);
#1627=ORIENTED_EDGE('',*,*,#2258,.T.);
#1628=ORIENTED_EDGE('',*,*,#2255,.F.);
#1629=ORIENTED_EDGE('',*,*,#2260,.F.);
#1630=ORIENTED_EDGE('',*,*,#2261,.T.);
#1631=ORIENTED_EDGE('',*,*,#2260,.T.);
#1632=ORIENTED_EDGE('',*,*,#2259,.F.);
#1633=ORIENTED_EDGE('',*,*,#2050,.F.);
#1634=ORIENTED_EDGE('',*,*,#2261,.F.);
#1635=ORIENTED_EDGE('',*,*,#2051,.F.);
#1636=ORIENTED_EDGE('',*,*,#2262,.T.);
#1637=ORIENTED_EDGE('',*,*,#2041,.F.);
#1638=ORIENTED_EDGE('',*,*,#2256,.T.);
#1639=ORIENTED_EDGE('',*,*,#2262,.F.);
#1640=ORIENTED_EDGE('',*,*,#2263,.T.);
#1641=ORIENTED_EDGE('',*,*,#2040,.F.);
#1642=ORIENTED_EDGE('',*,*,#2254,.T.);
#1643=ORIENTED_EDGE('',*,*,#2263,.F.);
#1644=ORIENTED_EDGE('',*,*,#2222,.F.);
#1645=ORIENTED_EDGE('',*,*,#2241,.F.);
#1646=ORIENTED_EDGE('',*,*,#2116,.F.);
#1647=ORIENTED_EDGE('',*,*,#1980,.F.);
#1648=ORIENTED_EDGE('',*,*,#2247,.F.);
#1649=ORIENTED_EDGE('',*,*,#2215,.F.);
#1650=ORIENTED_EDGE('',*,*,#1967,.F.);
#1651=ORIENTED_EDGE('',*,*,#2264,.F.);
#1652=ORIENTED_EDGE('',*,*,#1798,.F.);
#1653=ORIENTED_EDGE('',*,*,#2125,.F.);
#1654=ORIENTED_EDGE('',*,*,#2197,.F.);
#1655=ORIENTED_EDGE('',*,*,#2264,.T.);
#1656=ORIENTED_EDGE('',*,*,#1966,.F.);
#1657=ORIENTED_EDGE('',*,*,#1799,.F.);
#1658=ORIENTED_EDGE('',*,*,#1865,.F.);
#1659=ORIENTED_EDGE('',*,*,#1725,.F.);
#1660=ORIENTED_EDGE('',*,*,#1868,.F.);
#1661=ORIENTED_EDGE('',*,*,#1723,.F.);
#1662=ORIENTED_EDGE('',*,*,#1866,.F.);
#1663=ORIENTED_EDGE('',*,*,#1721,.F.);
#1664=ORIENTED_EDGE('',*,*,#1867,.F.);
#1665=ORIENTED_EDGE('',*,*,#1719,.F.);
#1666=ORIENTED_EDGE('',*,*,#1861,.T.);
#1667=ORIENTED_EDGE('',*,*,#2265,.F.);
#1668=ORIENTED_EDGE('',*,*,#2266,.F.);
#1669=ORIENTED_EDGE('',*,*,#2267,.T.);
#1670=ORIENTED_EDGE('',*,*,#1864,.T.);
#1671=ORIENTED_EDGE('',*,*,#2268,.F.);
#1672=ORIENTED_EDGE('',*,*,#2269,.F.);
#1673=ORIENTED_EDGE('',*,*,#2265,.T.);
#1674=ORIENTED_EDGE('',*,*,#1863,.T.);
#1675=ORIENTED_EDGE('',*,*,#2270,.F.);
#1676=ORIENTED_EDGE('',*,*,#2271,.F.);
#1677=ORIENTED_EDGE('',*,*,#2268,.T.);
#1678=ORIENTED_EDGE('',*,*,#1862,.T.);
#1679=ORIENTED_EDGE('',*,*,#2267,.F.);
#1680=ORIENTED_EDGE('',*,*,#2272,.F.);
#1681=ORIENTED_EDGE('',*,*,#2270,.T.);
#1682=ORIENTED_EDGE('',*,*,#1716,.F.);
#1683=ORIENTED_EDGE('',*,*,#1713,.F.);
#1684=ORIENTED_EDGE('',*,*,#1710,.F.);
#1685=ORIENTED_EDGE('',*,*,#1707,.F.);
#1686=ORIENTED_EDGE('',*,*,#1704,.F.);
#1687=ORIENTED_EDGE('',*,*,#1701,.F.);
#1688=ORIENTED_EDGE('',*,*,#1698,.F.);
#1689=ORIENTED_EDGE('',*,*,#1695,.F.);
#1690=ORIENTED_EDGE('',*,*,#2266,.T.);
#1691=ORIENTED_EDGE('',*,*,#2269,.T.);
#1692=ORIENTED_EDGE('',*,*,#2271,.T.);
#1693=ORIENTED_EDGE('',*,*,#2272,.T.);
#1694=EDGE_CURVE('',#2273,#2274,#2642,.T.);
#1695=EDGE_CURVE('',#2274,#2275,#253,.T.);
#1696=EDGE_CURVE('',#2276,#2275,#2643,.T.);
#1697=EDGE_CURVE('',#2276,#2273,#254,.T.);
#1698=EDGE_CURVE('',#2275,#2277,#2644,.T.);
#1699=EDGE_CURVE('',#2278,#2277,#2645,.T.);
#1700=EDGE_CURVE('',#2278,#2276,#2646,.T.);
#1701=EDGE_CURVE('',#2277,#2279,#255,.T.);
#1702=EDGE_CURVE('',#2280,#2279,#2647,.T.);
#1703=EDGE_CURVE('',#2280,#2278,#256,.T.);
#1704=EDGE_CURVE('',#2279,#2281,#2648,.T.);
#1705=EDGE_CURVE('',#2282,#2281,#2649,.T.);
#1706=EDGE_CURVE('',#2282,#2280,#2650,.T.);
#1707=EDGE_CURVE('',#2281,#2283,#257,.T.);
#1708=EDGE_CURVE('',#2284,#2283,#2651,.T.);
#1709=EDGE_CURVE('',#2284,#2282,#258,.T.);
#1710=EDGE_CURVE('',#2283,#2285,#2652,.T.);
#1711=EDGE_CURVE('',#2286,#2285,#2653,.T.);
#1712=EDGE_CURVE('',#2286,#2284,#2654,.T.);
#1713=EDGE_CURVE('',#2285,#2287,#259,.T.);
#1714=EDGE_CURVE('',#2288,#2287,#2655,.T.);
#1715=EDGE_CURVE('',#2288,#2286,#260,.T.);
#1716=EDGE_CURVE('',#2287,#2274,#2656,.T.);
#1717=EDGE_CURVE('',#2273,#2288,#2657,.T.);
#1718=EDGE_CURVE('',#2289,#2289,#261,.F.);
#1719=EDGE_CURVE('',#2290,#2290,#262,.F.);
#1720=EDGE_CURVE('',#2291,#2291,#263,.F.);
#1721=EDGE_CURVE('',#2292,#2292,#264,.F.);
#1722=EDGE_CURVE('',#2293,#2293,#265,.F.);
#1723=EDGE_CURVE('',#2294,#2294,#266,.F.);
#1724=EDGE_CURVE('',#2295,#2295,#267,.F.);
#1725=EDGE_CURVE('',#2296,#2296,#268,.F.);
#1726=EDGE_CURVE('',#2297,#2298,#2658,.T.);
#1727=EDGE_CURVE('',#2297,#2299,#269,.T.);
#1728=EDGE_CURVE('',#2300,#2299,#2659,.F.);
#1729=EDGE_CURVE('',#2298,#2300,#270,.T.);
#1730=EDGE_CURVE('',#2301,#2302,#2660,.T.);
#1731=EDGE_CURVE('',#2303,#2301,#2661,.T.);
#1732=EDGE_CURVE('',#2304,#2303,#2662,.T.);
#1733=EDGE_CURVE('',#2304,#2302,#2663,.T.);
#1734=EDGE_CURVE('',#2305,#2306,#2664,.T.);
#1735=EDGE_CURVE('',#2306,#2307,#2665,.T.);
#1736=EDGE_CURVE('',#2307,#2308,#2666,.T.);
#1737=EDGE_CURVE('',#2308,#2309,#2667,.T.);
#1738=EDGE_CURVE('',#2309,#2310,#271,.T.);
#1739=EDGE_CURVE('',#2310,#2311,#94,.T.);
#1740=EDGE_CURVE('',#2311,#2312,#2668,.T.);
#1741=EDGE_CURVE('',#2312,#2305,#95,.T.);
#1742=EDGE_CURVE('',#2313,#2314,#272,.T.);
#1743=EDGE_CURVE('',#2314,#2315,#96,.T.);
#1744=EDGE_CURVE('',#2315,#2313,#97,.T.);
#1745=EDGE_CURVE('',#2316,#2317,#273,.F.);
#1746=EDGE_CURVE('',#2317,#2318,#2669,.T.);
#1747=EDGE_CURVE('',#2319,#2318,#2670,.T.);
#1748=EDGE_CURVE('',#2320,#2319,#2671,.T.);
#1749=EDGE_CURVE('',#2321,#2320,#274,.T.);
#1750=EDGE_CURVE('',#2322,#2321,#2672,.T.);
#1751=EDGE_CURVE('',#2323,#2322,#275,.T.);
#1752=EDGE_CURVE('',#2324,#2323,#2673,.T.);
#1753=EDGE_CURVE('',#2325,#2324,#276,.T.);
#1754=EDGE_CURVE('',#2326,#2325,#2674,.T.);
#1755=EDGE_CURVE('',#2327,#2326,#277,.T.);
#1756=EDGE_CURVE('',#2328,#2327,#2675,.T.);
#1757=EDGE_CURVE('',#2329,#2328,#2676,.F.);
#1758=EDGE_CURVE('',#2329,#2330,#2677,.T.);
#1759=EDGE_CURVE('',#2330,#2331,#278,.F.);
#1760=EDGE_CURVE('',#2331,#2332,#2678,.T.);
#1761=EDGE_CURVE('',#2332,#2333,#279,.F.);
#1762=EDGE_CURVE('',#2333,#2334,#280,.T.);
#1763=EDGE_CURVE('',#2334,#2335,#2679,.T.);
#1764=EDGE_CURVE('',#2335,#2336,#281,.T.);
#1765=EDGE_CURVE('',#2336,#2337,#282,.F.);
#1766=EDGE_CURVE('',#2337,#2338,#283,.T.);
#1767=EDGE_CURVE('',#2338,#2339,#2680,.T.);
#1768=EDGE_CURVE('',#2339,#2340,#284,.T.);
#1769=EDGE_CURVE('',#2340,#2341,#285,.F.);
#1770=EDGE_CURVE('',#2341,#2342,#286,.T.);
#1771=EDGE_CURVE('',#2342,#2343,#2681,.T.);
#1772=EDGE_CURVE('',#2343,#2344,#287,.T.);
#1773=EDGE_CURVE('',#2344,#2345,#288,.F.);
#1774=EDGE_CURVE('',#2345,#2346,#289,.T.);
#1775=EDGE_CURVE('',#2346,#2347,#2682,.T.);
#1776=EDGE_CURVE('',#2347,#2348,#290,.T.);
#1777=EDGE_CURVE('',#2348,#2349,#291,.F.);
#1778=EDGE_CURVE('',#2349,#2350,#292,.T.);
#1779=EDGE_CURVE('',#2350,#2351,#2683,.T.);
#1780=EDGE_CURVE('',#2351,#2352,#293,.T.);
#1781=EDGE_CURVE('',#2352,#2353,#294,.F.);
#1782=EDGE_CURVE('',#2353,#2354,#295,.T.);
#1783=EDGE_CURVE('',#2354,#2355,#2684,.T.);
#1784=EDGE_CURVE('',#2355,#2356,#296,.T.);
#1785=EDGE_CURVE('',#2356,#2357,#297,.F.);
#1786=EDGE_CURVE('',#2357,#2316,#2685,.T.);
#1787=EDGE_CURVE('',#2358,#2358,#298,.T.);
#1788=EDGE_CURVE('',#2359,#2359,#299,.T.);
#1789=EDGE_CURVE('',#2360,#2360,#300,.T.);
#1790=EDGE_CURVE('',#2361,#2361,#301,.T.);
#1791=EDGE_CURVE('',#2362,#2362,#302,.T.);
#1792=EDGE_CURVE('',#2363,#2363,#303,.T.);
#1793=EDGE_CURVE('',#2364,#2364,#304,.T.);
#1794=EDGE_CURVE('',#2365,#2366,#305,.F.);
#1795=EDGE_CURVE('',#2366,#2367,#2686,.F.);
#1796=EDGE_CURVE('',#2367,#2368,#81,.T.);
#1797=EDGE_CURVE('',#2365,#2368,#2687,.F.);
#1798=EDGE_CURVE('',#2369,#2370,#98,.T.);
#1799=EDGE_CURVE('',#2370,#2371,#99,.T.);
#1800=EDGE_CURVE('',#2371,#2372,#306,.T.);
#1801=EDGE_CURVE('',#2373,#2372,#100,.T.);
#1802=EDGE_CURVE('',#2373,#2369,#101,.T.);
#1803=EDGE_CURVE('',#2374,#2373,#2688,.T.);
#1804=EDGE_CURVE('',#2372,#2375,#307,.F.);
#1805=EDGE_CURVE('',#2376,#2375,#2689,.T.);
#1806=EDGE_CURVE('',#2376,#2374,#82,.T.);
#1807=EDGE_CURVE('',#2377,#2328,#308,.T.);
#1808=EDGE_CURVE('',#2327,#2378,#2690,.T.);
#1809=EDGE_CURVE('',#2379,#2378,#2691,.T.);
#1810=EDGE_CURVE('',#2379,#2380,#309,.F.);
#1811=EDGE_CURVE('',#2380,#2377,#310,.F.);
#1812=EDGE_CURVE('',#2319,#2381,#311,.T.);
#1813=EDGE_CURVE('',#2381,#2382,#312,.F.);
#1814=EDGE_CURVE('',#2382,#2383,#313,.F.);
#1815=EDGE_CURVE('',#2384,#2383,#2692,.T.);
#1816=EDGE_CURVE('',#2320,#2384,#2693,.F.);
#1817=EDGE_CURVE('',#2385,#2386,#314,.T.);
#1818=EDGE_CURVE('',#2385,#2387,#102,.T.);
#1819=EDGE_CURVE('',#2388,#2387,#315,.F.);
#1820=EDGE_CURVE('',#2388,#2386,#316,.T.);
#1821=EDGE_CURVE('',#2389,#2308,#317,.T.);
#1822=EDGE_CURVE('',#2389,#2390,#103,.T.);
#1823=EDGE_CURVE('',#2391,#2390,#318,.F.);
#1824=EDGE_CURVE('',#2308,#2391,#319,.T.);
#1825=EDGE_CURVE('',#2392,#2393,#320,.T.);
#1826=EDGE_CURVE('',#2392,#2394,#104,.T.);
#1827=EDGE_CURVE('',#2395,#2394,#321,.F.);
#1828=EDGE_CURVE('',#2395,#2393,#322,.T.);
#1829=EDGE_CURVE('',#2396,#2397,#323,.T.);
#1830=EDGE_CURVE('',#2396,#2398,#105,.T.);
#1831=EDGE_CURVE('',#2399,#2398,#324,.F.);
#1832=EDGE_CURVE('',#2399,#2397,#325,.T.);
#1833=EDGE_CURVE('',#2400,#2401,#326,.T.);
#1834=EDGE_CURVE('',#2400,#2402,#106,.T.);
#1835=EDGE_CURVE('',#2403,#2402,#327,.F.);
#1836=EDGE_CURVE('',#2403,#2401,#328,.T.);
#1837=EDGE_CURVE('',#2404,#2405,#329,.F.);
#1838=EDGE_CURVE('',#2404,#2406,#107,.T.);
#1839=EDGE_CURVE('',#2407,#2406,#330,.T.);
#1840=EDGE_CURVE('',#2405,#2407,#331,.T.);
#1841=EDGE_CURVE('',#2408,#2409,#2694,.F.);
#1842=EDGE_CURVE('',#2409,#2410,#2695,.F.);
#1843=EDGE_CURVE('',#2410,#2411,#2696,.F.);
#1844=EDGE_CURVE('',#2411,#2408,#2697,.F.);
#1845=EDGE_CURVE('',#2398,#2412,#332,.F.);
#1846=EDGE_CURVE('',#2412,#2413,#333,.F.);
#1847=EDGE_CURVE('',#2413,#2403,#2698,.F.);
#1848=EDGE_CURVE('',#2402,#2404,#334,.F.);
#1849=EDGE_CURVE('',#2405,#2414,#2699,.F.);
#1850=EDGE_CURVE('',#2414,#2415,#2700,.F.);
#1851=EDGE_CURVE('',#2415,#2391,#2701,.F.);
#1852=EDGE_CURVE('',#2390,#2416,#335,.F.);
#1853=EDGE_CURVE('',#2416,#2417,#336,.F.);
#1854=EDGE_CURVE('',#2417,#2388,#2702,.F.);
#1855=EDGE_CURVE('',#2387,#2418,#337,.F.);
#1856=EDGE_CURVE('',#2418,#2419,#338,.F.);
#1857=EDGE_CURVE('',#2419,#2395,#2703,.F.);
#1858=EDGE_CURVE('',#2394,#2420,#339,.F.);
#1859=EDGE_CURVE('',#2420,#2421,#340,.F.);
#1860=EDGE_CURVE('',#2421,#2399,#2704,.F.);
#1861=EDGE_CURVE('',#2422,#2423,#2705,.T.);
#1862=EDGE_CURVE('',#2424,#2422,#2706,.T.);
#1863=EDGE_CURVE('',#2425,#2424,#2707,.T.);
#1864=EDGE_CURVE('',#2423,#2425,#2708,.T.);
#1865=EDGE_CURVE('',#2426,#2426,#341,.F.);
#1866=EDGE_CURVE('',#2427,#2427,#342,.F.);
#1867=EDGE_CURVE('',#2428,#2428,#343,.F.);
#1868=EDGE_CURVE('',#2429,#2429,#344,.F.);
#1869=EDGE_CURVE('',#2430,#2431,#2709,.T.);
#1870=EDGE_CURVE('',#2431,#2432,#345,.T.);
#1871=EDGE_CURVE('',#2432,#2433,#2710,.T.);
#1872=EDGE_CURVE('',#2433,#2434,#346,.T.);
#1873=EDGE_CURVE('',#2434,#2435,#2711,.T.);
#1874=EDGE_CURVE('',#2435,#2384,#347,.T.);
#1875=EDGE_CURVE('',#2383,#2436,#2712,.T.);
#1876=EDGE_CURVE('',#2436,#2437,#108,.T.);
#1877=EDGE_CURVE('',#2437,#2438,#109,.T.);
#1878=EDGE_CURVE('',#2438,#2439,#2713,.T.);
#1879=EDGE_CURVE('',#2439,#2440,#110,.F.);
#1880=EDGE_CURVE('',#2440,#2441,#111,.T.);
#1881=EDGE_CURVE('',#2441,#2379,#2714,.F.);
#1882=EDGE_CURVE('',#2378,#2430,#348,.T.);
#1883=EDGE_CURVE('',#2442,#2443,#349,.T.);
#1884=EDGE_CURVE('',#2444,#2442,#2715,.T.);
#1885=EDGE_CURVE('',#2445,#2444,#350,.T.);
#1886=EDGE_CURVE('',#2446,#2445,#2716,.T.);
#1887=EDGE_CURVE('',#2447,#2446,#351,.T.);
#1888=EDGE_CURVE('',#2448,#2447,#2717,.T.);
#1889=EDGE_CURVE('',#2449,#2448,#352,.T.);
#1890=EDGE_CURVE('',#2443,#2449,#2718,.T.);
#1891=EDGE_CURVE('',#2450,#2451,#2719,.T.);
#1892=EDGE_CURVE('',#2451,#2452,#353,.F.);
#1893=EDGE_CURVE('',#2452,#2453,#2720,.T.);
#1894=EDGE_CURVE('',#2453,#2454,#354,.F.);
#1895=EDGE_CURVE('',#2454,#2455,#2721,.T.);
#1896=EDGE_CURVE('',#2455,#2456,#355,.F.);
#1897=EDGE_CURVE('',#2456,#2457,#2722,.T.);
#1898=EDGE_CURVE('',#2457,#2450,#356,.F.);
#1899=EDGE_CURVE('',#2458,#2459,#2723,.T.);
#1900=EDGE_CURVE('',#2459,#2453,#2724,.F.);
#1901=EDGE_CURVE('',#2452,#2458,#2725,.T.);
#1902=EDGE_CURVE('',#2454,#2460,#2726,.T.);
#1903=EDGE_CURVE('',#2460,#2461,#2727,.T.);
#1904=EDGE_CURVE('',#2461,#2455,#2728,.F.);
#1905=EDGE_CURVE('',#2456,#2462,#2729,.T.);
#1906=EDGE_CURVE('',#2462,#2463,#2730,.T.);
#1907=EDGE_CURVE('',#2463,#2457,#2731,.F.);
#1908=EDGE_CURVE('',#2450,#2464,#2732,.T.);
#1909=EDGE_CURVE('',#2464,#2465,#2733,.T.);
#1910=EDGE_CURVE('',#2465,#2451,#2734,.F.);
#1911=EDGE_CURVE('',#2466,#2329,#357,.T.);
#1912=EDGE_CURVE('',#2377,#2466,#2735,.T.);
#1913=EDGE_CURVE('',#2467,#2468,#2736,.T.);
#1914=EDGE_CURVE('',#2467,#2469,#2737,.T.);
#1915=EDGE_CURVE('',#2469,#2401,#2738,.T.);
#1916=EDGE_CURVE('',#2401,#2468,#2739,.T.);
#1917=EDGE_CURVE('',#2470,#2471,#358,.T.);
#1918=EDGE_CURVE('',#2472,#2471,#2740,.T.);
#1919=EDGE_CURVE('',#2472,#2467,#359,.F.);
#1920=EDGE_CURVE('',#2468,#2470,#360,.T.);
#1921=EDGE_CURVE('',#2471,#2473,#361,.T.);
#1922=EDGE_CURVE('',#2474,#2473,#2741,.T.);
#1923=EDGE_CURVE('',#2474,#2472,#362,.T.);
#1924=EDGE_CURVE('',#2473,#2396,#363,.T.);
#1925=EDGE_CURVE('',#2475,#2397,#2742,.T.);
#1926=EDGE_CURVE('',#2475,#2474,#364,.F.);
#1927=EDGE_CURVE('',#2476,#2477,#2743,.T.);
#1928=EDGE_CURVE('',#2476,#2475,#2744,.T.);
#1929=EDGE_CURVE('',#2397,#2477,#2745,.T.);
#1930=EDGE_CURVE('',#2478,#2479,#365,.T.);
#1931=EDGE_CURVE('',#2480,#2479,#2746,.T.);
#1932=EDGE_CURVE('',#2480,#2476,#366,.F.);
#1933=EDGE_CURVE('',#2477,#2478,#367,.T.);
#1934=EDGE_CURVE('',#2479,#2481,#368,.T.);
#1935=EDGE_CURVE('',#2482,#2481,#2747,.T.);
#1936=EDGE_CURVE('',#2482,#2480,#369,.T.);
#1937=EDGE_CURVE('',#2481,#2392,#370,.T.);
#1938=EDGE_CURVE('',#2483,#2393,#2748,.T.);
#1939=EDGE_CURVE('',#2483,#2482,#371,.F.);
#1940=EDGE_CURVE('',#2484,#2485,#2749,.T.);
#1941=EDGE_CURVE('',#2484,#2483,#2750,.T.);
#1942=EDGE_CURVE('',#2393,#2485,#2751,.T.);
#1943=EDGE_CURVE('',#2486,#2487,#372,.T.);
#1944=EDGE_CURVE('',#2488,#2487,#2752,.T.);
#1945=EDGE_CURVE('',#2488,#2484,#373,.F.);
#1946=EDGE_CURVE('',#2485,#2486,#374,.T.);
#1947=EDGE_CURVE('',#2487,#2489,#375,.T.);
#1948=EDGE_CURVE('',#2490,#2489,#2753,.T.);
#1949=EDGE_CURVE('',#2490,#2488,#376,.T.);
#1950=EDGE_CURVE('',#2489,#2385,#377,.T.);
#1951=EDGE_CURVE('',#2491,#2386,#2754,.T.);
#1952=EDGE_CURVE('',#2491,#2490,#378,.F.);
#1953=EDGE_CURVE('',#2492,#2493,#2755,.T.);
#1954=EDGE_CURVE('',#2492,#2491,#2756,.T.);
#1955=EDGE_CURVE('',#2386,#2493,#2757,.T.);
#1956=EDGE_CURVE('',#2494,#2495,#379,.T.);
#1957=EDGE_CURVE('',#2496,#2495,#2758,.T.);
#1958=EDGE_CURVE('',#2496,#2492,#380,.F.);
#1959=EDGE_CURVE('',#2493,#2494,#381,.T.);
#1960=EDGE_CURVE('',#2495,#2497,#382,.T.);
#1961=EDGE_CURVE('',#2498,#2497,#2759,.T.);
#1962=EDGE_CURVE('',#2498,#2496,#383,.T.);
#1963=EDGE_CURVE('',#2497,#2389,#384,.T.);
#1964=EDGE_CURVE('',#2307,#2498,#385,.F.);
#1965=EDGE_CURVE('',#2499,#2371,#386,.T.);
#1966=EDGE_CURVE('',#2371,#2500,#112,.F.);
#1967=EDGE_CURVE('',#2500,#2501,#387,.F.);
#1968=EDGE_CURVE('',#2501,#2502,#2760,.F.);
#1969=EDGE_CURVE('',#2502,#2503,#2761,.T.);
#1970=EDGE_CURVE('',#2503,#2504,#2762,.T.);
#1971=EDGE_CURVE('',#2504,#2505,#2763,.T.);
#1972=EDGE_CURVE('',#2505,#2506,#388,.F.);
#1973=EDGE_CURVE('',#2506,#2304,#389,.T.);
#1974=EDGE_CURVE('',#2303,#2507,#390,.T.);
#1975=EDGE_CURVE('',#2507,#2508,#391,.F.);
#1976=EDGE_CURVE('',#2508,#2509,#2764,.T.);
#1977=EDGE_CURVE('',#2509,#2510,#2765,.T.);
#1978=EDGE_CURVE('',#2510,#2511,#2766,.F.);
#1979=EDGE_CURVE('',#2511,#2512,#2767,.F.);
#1980=EDGE_CURVE('',#2512,#2513,#392,.F.);
#1981=EDGE_CURVE('',#2513,#2514,#393,.T.);
#1982=EDGE_CURVE('',#2514,#2297,#394,.F.);
#1983=EDGE_CURVE('',#2298,#2499,#395,.F.);
#1984=EDGE_CURVE('',#2515,#2407,#2768,.T.);
#1985=EDGE_CURVE('',#2515,#2516,#2769,.T.);
#1986=EDGE_CURVE('',#2516,#2517,#2770,.T.);
#1987=EDGE_CURVE('',#2517,#2518,#113,.F.);
#1988=EDGE_CURVE('',#2518,#2519,#2771,.F.);
#1989=EDGE_CURVE('',#2519,#2520,#114,.T.);
#1990=EDGE_CURVE('',#2520,#2521,#396,.T.);
#1991=EDGE_CURVE('',#2521,#2407,#2772,.T.);
#1992=EDGE_CURVE('',#2406,#2522,#397,.T.);
#1993=EDGE_CURVE('',#2523,#2522,#2773,.T.);
#1994=EDGE_CURVE('',#2523,#2515,#398,.F.);
#1995=EDGE_CURVE('',#2522,#2524,#399,.T.);
#1996=EDGE_CURVE('',#2525,#2524,#2774,.T.);
#1997=EDGE_CURVE('',#2525,#2523,#400,.T.);
#1998=EDGE_CURVE('',#2524,#2400,#401,.T.);
#1999=EDGE_CURVE('',#2469,#2525,#402,.F.);
#2000=EDGE_CURVE('',#2322,#2434,#2775,.F.);
#2001=EDGE_CURVE('',#2323,#2433,#2776,.T.);
#2002=EDGE_CURVE('',#2324,#2432,#2777,.F.);
#2003=EDGE_CURVE('',#2325,#2431,#2778,.T.);
#2004=EDGE_CURVE('',#2326,#2430,#2779,.F.);
#2005=EDGE_CURVE('',#2321,#2435,#2780,.T.);
#2006=EDGE_CURVE('',#2526,#2527,#403,.T.);
#2007=EDGE_CURVE('',#2526,#2385,#404,.F.);
#2008=EDGE_CURVE('',#2486,#2527,#405,.F.);
#2009=EDGE_CURVE('',#2528,#2528,#406,.T.);
#2010=EDGE_CURVE('',#2529,#2529,#407,.T.);
#2011=EDGE_CURVE('',#2530,#2531,#408,.T.);
#2012=EDGE_CURVE('',#2530,#2400,#409,.F.);
#2013=EDGE_CURVE('',#2406,#2531,#410,.F.);
#2014=EDGE_CURVE('',#2532,#2533,#411,.T.);
#2015=EDGE_CURVE('',#2532,#2396,#412,.F.);
#2016=EDGE_CURVE('',#2470,#2533,#413,.F.);
#2017=EDGE_CURVE('',#2534,#2534,#414,.T.);
#2018=EDGE_CURVE('',#2535,#2536,#415,.T.);
#2019=EDGE_CURVE('',#2535,#2392,#416,.F.);
#2020=EDGE_CURVE('',#2478,#2536,#417,.F.);
#2021=EDGE_CURVE('',#2537,#2537,#418,.T.);
#2022=EDGE_CURVE('',#2538,#2539,#419,.T.);
#2023=EDGE_CURVE('',#2538,#2389,#420,.F.);
#2024=EDGE_CURVE('',#2494,#2539,#421,.F.);
#2025=EDGE_CURVE('',#2540,#2540,#422,.T.);
#2026=EDGE_CURVE('',#2541,#2541,#423,.T.);
#2027=EDGE_CURVE('',#2542,#2542,#424,.T.);
#2028=EDGE_CURVE('',#2543,#2543,#425,.T.);
#2029=EDGE_CURVE('',#2544,#2544,#426,.T.);
#2030=EDGE_CURVE('',#2545,#2545,#427,.T.);
#2031=EDGE_CURVE('',#2318,#2546,#428,.T.);
#2032=EDGE_CURVE('',#2381,#2546,#2781,.T.);
#2033=EDGE_CURVE('',#2547,#2299,#2782,.T.);
#2034=EDGE_CURVE('',#2299,#2365,#429,.T.);
#2035=EDGE_CURVE('',#2368,#2547,#115,.T.);
#2036=EDGE_CURVE('',#2546,#2301,#430,.F.);
#2037=EDGE_CURVE('',#2548,#2301,#2783,.T.);
#2038=EDGE_CURVE('',#2548,#2549,#116,.T.);
#2039=EDGE_CURVE('',#2549,#2382,#2784,.T.);
#2040=EDGE_CURVE('',#2550,#2550,#431,.T.);
#2041=EDGE_CURVE('',#2551,#2551,#432,.T.);
#2042=EDGE_CURVE('',#2552,#2302,#2785,.T.);
#2043=EDGE_CURVE('',#2552,#2548,#2786,.F.);
#2044=EDGE_CURVE('',#2302,#2466,#433,.F.);
#2045=EDGE_CURVE('',#2380,#2553,#2787,.F.);
#2046=EDGE_CURVE('',#2553,#2552,#117,.T.);
#2047=EDGE_CURVE('',#2375,#2300,#434,.T.);
#2048=EDGE_CURVE('',#2554,#2300,#2788,.T.);
#2049=EDGE_CURVE('',#2554,#2376,#118,.T.);
#2050=EDGE_CURVE('',#2555,#2555,#435,.T.);
#2051=EDGE_CURVE('',#2556,#2556,#436,.T.);
#2052=EDGE_CURVE('',#2547,#2554,#2789,.F.);
#2053=EDGE_CURVE('',#2414,#2557,#437,.F.);
#2054=EDGE_CURVE('',#2557,#2558,#83,.F.);
#2055=EDGE_CURVE('',#2558,#2559,#119,.T.);
#2056=EDGE_CURVE('',#2559,#2560,#2790,.T.);
#2057=EDGE_CURVE('',#2560,#2561,#120,.T.);
#2058=EDGE_CURVE('',#2561,#2562,#84,.F.);
#2059=EDGE_CURVE('',#2562,#2415,#438,.F.);
#2060=EDGE_CURVE('',#2557,#2374,#121,.T.);
#2061=EDGE_CURVE('',#2558,#2376,#439,.T.);
#2062=EDGE_CURVE('',#2559,#2554,#440,.T.);
#2063=EDGE_CURVE('',#2560,#2547,#441,.T.);
#2064=EDGE_CURVE('',#2561,#2368,#442,.T.);
#2065=EDGE_CURVE('',#2367,#2563,#122,.F.);
#2066=EDGE_CURVE('',#2563,#2562,#123,.T.);
#2067=EDGE_CURVE('',#2564,#2565,#124,.T.);
#2068=EDGE_CURVE('',#2565,#2439,#125,.T.);
#2069=EDGE_CURVE('',#2438,#2566,#126,.T.);
#2070=EDGE_CURVE('',#2566,#2567,#127,.T.);
#2071=EDGE_CURVE('',#2567,#2564,#2791,.T.);
#2072=EDGE_CURVE('',#2438,#2568,#128,.F.);
#2073=EDGE_CURVE('',#2566,#2568,#443,.F.);
#2074=EDGE_CURVE('',#2568,#2549,#129,.T.);
#2075=EDGE_CURVE('',#2567,#2548,#444,.F.);
#2076=EDGE_CURVE('',#2564,#2552,#445,.F.);
#2077=EDGE_CURVE('',#2553,#2569,#130,.T.);
#2078=EDGE_CURVE('',#2565,#2569,#446,.F.);
#2079=EDGE_CURVE('',#2569,#2439,#131,.T.);
#2080=EDGE_CURVE('',#2570,#2443,#2792,.T.);
#2081=EDGE_CURVE('',#2571,#2570,#447,.T.);
#2082=EDGE_CURVE('',#2571,#2442,#2793,.T.);
#2083=EDGE_CURVE('',#2572,#2571,#2794,.T.);
#2084=EDGE_CURVE('',#2572,#2444,#2795,.T.);
#2085=EDGE_CURVE('',#2573,#2572,#448,.T.);
#2086=EDGE_CURVE('',#2573,#2445,#2796,.T.);
#2087=EDGE_CURVE('',#2574,#2573,#2797,.T.);
#2088=EDGE_CURVE('',#2574,#2446,#2798,.T.);
#2089=EDGE_CURVE('',#2575,#2574,#449,.T.);
#2090=EDGE_CURVE('',#2575,#2447,#2799,.T.);
#2091=EDGE_CURVE('',#2576,#2575,#2800,.T.);
#2092=EDGE_CURVE('',#2576,#2448,#2801,.T.);
#2093=EDGE_CURVE('',#2577,#2576,#450,.T.);
#2094=EDGE_CURVE('',#2577,#2449,#2802,.T.);
#2095=EDGE_CURVE('',#2570,#2577,#2803,.T.);
#2096=EDGE_CURVE('',#2464,#2408,#85,.T.);
#2097=EDGE_CURVE('',#2411,#2465,#86,.F.);
#2098=EDGE_CURVE('',#2410,#2459,#87,.F.);
#2099=EDGE_CURVE('',#2458,#2411,#88,.T.);
#2100=EDGE_CURVE('',#2462,#2409,#89,.T.);
#2101=EDGE_CURVE('',#2408,#2463,#90,.F.);
#2102=EDGE_CURVE('',#2460,#2410,#91,.T.);
#2103=EDGE_CURVE('',#2409,#2461,#92,.F.);
#2104=EDGE_CURVE('',#2493,#2417,#451,.T.);
#2105=EDGE_CURVE('',#2416,#2494,#132,.T.);
#2106=EDGE_CURVE('',#2418,#2486,#133,.T.);
#2107=EDGE_CURVE('',#2419,#2485,#452,.T.);
#2108=EDGE_CURVE('',#2309,#2415,#453,.T.);
#2109=EDGE_CURVE('',#2310,#2562,#454,.T.);
#2110=EDGE_CURVE('',#2563,#2578,#134,.T.);
#2111=EDGE_CURVE('',#2311,#2578,#455,.T.);
#2112=EDGE_CURVE('',#2578,#2314,#2804,.T.);
#2113=EDGE_CURVE('',#2313,#2312,#135,.T.);
#2114=EDGE_CURVE('',#2420,#2478,#136,.T.);
#2115=EDGE_CURVE('',#2421,#2477,#456,.T.);
#2116=EDGE_CURVE('',#2513,#2366,#457,.T.);
#2117=EDGE_CURVE('',#2514,#2365,#458,.T.);
#2118=EDGE_CURVE('',#2412,#2470,#137,.T.);
#2119=EDGE_CURVE('',#2413,#2468,#459,.T.);
#2120=EDGE_CURVE('',#2499,#2375,#460,.T.);
#2121=EDGE_CURVE('',#2414,#2521,#461,.T.);
#2122=EDGE_CURVE('',#2557,#2520,#462,.T.);
#2123=EDGE_CURVE('',#2374,#2519,#463,.T.);
#2124=EDGE_CURVE('',#2579,#2580,#2805,.F.);
#2125=EDGE_CURVE('',#2579,#2369,#464,.T.);
#2126=EDGE_CURVE('',#2518,#2580,#138,.T.);
#2127=EDGE_CURVE('',#2335,#2515,#2806,.F.);
#2128=EDGE_CURVE('',#2336,#2523,#2807,.T.);
#2129=EDGE_CURVE('',#2337,#2525,#2808,.T.);
#2130=EDGE_CURVE('',#2338,#2469,#2809,.T.);
#2131=EDGE_CURVE('',#2339,#2467,#2810,.T.);
#2132=EDGE_CURVE('',#2504,#2581,#2811,.T.);
#2133=EDGE_CURVE('',#2330,#2503,#2812,.T.);
#2134=EDGE_CURVE('',#2505,#2329,#139,.T.);
#2135=EDGE_CURVE('',#2340,#2472,#2813,.T.);
#2136=EDGE_CURVE('',#2506,#2466,#2814,.T.);
#2137=EDGE_CURVE('',#2341,#2474,#2815,.T.);
#2138=EDGE_CURVE('',#2342,#2475,#2816,.T.);
#2139=EDGE_CURVE('',#2343,#2476,#2817,.T.);
#2140=EDGE_CURVE('',#2344,#2480,#2818,.T.);
#2141=EDGE_CURVE('',#2345,#2482,#2819,.T.);
#2142=EDGE_CURVE('',#2346,#2483,#2820,.T.);
#2143=EDGE_CURVE('',#2347,#2484,#2821,.T.);
#2144=EDGE_CURVE('',#2348,#2488,#2822,.T.);
#2145=EDGE_CURVE('',#2349,#2490,#2823,.T.);
#2146=EDGE_CURVE('',#2350,#2491,#2824,.T.);
#2147=EDGE_CURVE('',#2351,#2492,#2825,.T.);
#2148=EDGE_CURVE('',#2352,#2496,#2826,.T.);
#2149=EDGE_CURVE('',#2353,#2498,#2827,.T.);
#2150=EDGE_CURVE('',#2507,#2546,#2828,.T.);
#2151=EDGE_CURVE('',#2307,#2354,#2829,.T.);
#2152=EDGE_CURVE('',#2508,#2318,#140,.T.);
#2153=EDGE_CURVE('',#2582,#2582,#465,.T.);
#2154=EDGE_CURVE('',#2583,#2583,#466,.T.);
#2155=EDGE_CURVE('',#2584,#2584,#467,.T.);
#2156=EDGE_CURVE('',#2585,#2585,#468,.T.);
#2157=EDGE_CURVE('',#2586,#2586,#469,.T.);
#2158=EDGE_CURVE('',#2587,#2588,#470,.T.);
#2159=EDGE_CURVE('',#2588,#2530,#141,.T.);
#2160=EDGE_CURVE('',#2531,#2587,#142,.T.);
#2161=EDGE_CURVE('',#2587,#2404,#471,.T.);
#2162=EDGE_CURVE('',#2588,#2402,#472,.T.);
#2163=EDGE_CURVE('',#2533,#2589,#143,.T.);
#2164=EDGE_CURVE('',#2589,#2590,#473,.T.);
#2165=EDGE_CURVE('',#2590,#2532,#144,.T.);
#2166=EDGE_CURVE('',#2536,#2591,#145,.T.);
#2167=EDGE_CURVE('',#2591,#2592,#474,.T.);
#2168=EDGE_CURVE('',#2592,#2535,#146,.T.);
#2169=EDGE_CURVE('',#2593,#2594,#475,.T.);
#2170=EDGE_CURVE('',#2594,#2526,#147,.T.);
#2171=EDGE_CURVE('',#2527,#2593,#148,.T.);
#2172=EDGE_CURVE('',#2539,#2595,#149,.T.);
#2173=EDGE_CURVE('',#2595,#2596,#476,.T.);
#2174=EDGE_CURVE('',#2596,#2538,#150,.T.);
#2175=EDGE_CURVE('',#2593,#2418,#477,.T.);
#2176=EDGE_CURVE('',#2594,#2387,#478,.T.);
#2177=EDGE_CURVE('',#2394,#2592,#479,.T.);
#2178=EDGE_CURVE('',#2420,#2591,#480,.T.);
#2179=EDGE_CURVE('',#2390,#2596,#481,.T.);
#2180=EDGE_CURVE('',#2416,#2595,#482,.T.);
#2181=EDGE_CURVE('',#2398,#2590,#483,.T.);
#2182=EDGE_CURVE('',#2412,#2589,#484,.T.);
#2183=EDGE_CURVE('',#2459,#2460,#485,.T.);
#2184=EDGE_CURVE('',#2461,#2462,#486,.T.);
#2185=EDGE_CURVE('',#2463,#2464,#487,.T.);
#2186=EDGE_CURVE('',#2465,#2458,#488,.T.);
#2187=EDGE_CURVE('',#2553,#2441,#489,.F.);
#2188=EDGE_CURVE('',#2569,#2440,#490,.F.);
#2189=EDGE_CURVE('',#2436,#2549,#491,.F.);
#2190=EDGE_CURVE('',#2568,#2437,#492,.F.);
#2191=EDGE_CURVE('',#2597,#2598,#2830,.F.);
#2192=EDGE_CURVE('',#2598,#2599,#2831,.T.);
#2193=EDGE_CURVE('',#2599,#2600,#2832,.F.);
#2194=EDGE_CURVE('',#2600,#2597,#2833,.F.);
#2195=EDGE_CURVE('',#2601,#2601,#493,.F.);
#2196=EDGE_CURVE('',#2602,#2603,#2834,.T.);
#2197=EDGE_CURVE('',#2603,#2579,#151,.T.);
#2198=EDGE_CURVE('',#2580,#2604,#494,.T.);
#2199=EDGE_CURVE('',#2604,#2605,#495,.F.);
#2200=EDGE_CURVE('',#2605,#2606,#2835,.T.);
#2201=EDGE_CURVE('',#2606,#2602,#496,.F.);
#2202=EDGE_CURVE('',#2516,#2607,#497,.F.);
#2203=EDGE_CURVE('',#2607,#2608,#2836,.T.);
#2204=EDGE_CURVE('',#2608,#2517,#498,.F.);
#2205=EDGE_CURVE('',#2597,#2608,#499,.T.);
#2206=EDGE_CURVE('',#2607,#2598,#500,.T.);
#2207=EDGE_CURVE('',#2599,#2503,#501,.T.);
#2208=EDGE_CURVE('',#2502,#2600,#502,.T.);
#2209=EDGE_CURVE('',#2609,#2609,#503,.T.);
#2210=EDGE_CURVE('',#2610,#2610,#504,.T.);
#2211=EDGE_CURVE('',#2604,#2608,#505,.T.);
#2212=EDGE_CURVE('',#2605,#2597,#506,.T.);
#2213=EDGE_CURVE('',#2606,#2600,#507,.T.);
#2214=EDGE_CURVE('',#2602,#2502,#508,.T.);
#2215=EDGE_CURVE('',#2501,#2603,#152,.F.);
#2216=EDGE_CURVE('',#2331,#2599,#2837,.T.);
#2217=EDGE_CURVE('',#2332,#2598,#2838,.T.);
#2218=EDGE_CURVE('',#2333,#2607,#2839,.T.);
#2219=EDGE_CURVE('',#2334,#2516,#2840,.T.);
#2220=EDGE_CURVE('',#2611,#2611,#509,.F.);
#2221=EDGE_CURVE('',#2612,#2613,#2841,.T.);
#2222=EDGE_CURVE('',#2613,#2614,#153,.T.);
#2223=EDGE_CURVE('',#2614,#2615,#2842,.T.);
#2224=EDGE_CURVE('',#2615,#2616,#510,.F.);
#2225=EDGE_CURVE('',#2616,#2617,#2843,.T.);
#2226=EDGE_CURVE('',#2617,#2618,#511,.F.);
#2227=EDGE_CURVE('',#2618,#2612,#512,.T.);
#2228=EDGE_CURVE('',#2619,#2620,#2844,.T.);
#2229=EDGE_CURVE('',#2620,#2621,#2845,.T.);
#2230=EDGE_CURVE('',#2621,#2622,#2846,.T.);
#2231=EDGE_CURVE('',#2622,#2619,#2847,.F.);
#2232=EDGE_CURVE('',#2623,#2623,#513,.T.);
#2233=EDGE_CURVE('',#2624,#2624,#514,.T.);
#2234=EDGE_CURVE('',#2625,#2626,#2848,.F.);
#2235=EDGE_CURVE('',#2626,#2306,#515,.F.);
#2236=EDGE_CURVE('',#2305,#2625,#516,.F.);
#2237=EDGE_CURVE('',#2510,#2620,#517,.T.);
#2238=EDGE_CURVE('',#2619,#2511,#518,.T.);
#2239=EDGE_CURVE('',#2621,#2626,#519,.T.);
#2240=EDGE_CURVE('',#2625,#2622,#520,.T.);
#2241=EDGE_CURVE('',#2366,#2613,#521,.T.);
#2242=EDGE_CURVE('',#2612,#2315,#154,.T.);
#2243=EDGE_CURVE('',#2625,#2618,#522,.T.);
#2244=EDGE_CURVE('',#2622,#2617,#523,.T.);
#2245=EDGE_CURVE('',#2616,#2619,#524,.T.);
#2246=EDGE_CURVE('',#2511,#2615,#525,.T.);
#2247=EDGE_CURVE('',#2614,#2512,#155,.T.);
#2248=EDGE_CURVE('',#2355,#2306,#2849,.T.);
#2249=EDGE_CURVE('',#2356,#2626,#2850,.T.);
#2250=EDGE_CURVE('',#2357,#2621,#2851,.T.);
#2251=EDGE_CURVE('',#2316,#2620,#2852,.T.);
#2252=EDGE_CURVE('',#2317,#2510,#2853,.T.);
#2253=EDGE_CURVE('',#2509,#2627,#2854,.T.);
#2254=EDGE_CURVE('',#2628,#2628,#526,.T.);
#2255=EDGE_CURVE('',#2629,#2629,#527,.T.);
#2256=EDGE_CURVE('',#2630,#2630,#528,.T.);
#2257=EDGE_CURVE('',#2631,#2631,#529,.T.);
#2258=EDGE_CURVE('',#2632,#2632,#530,.T.);
#2259=EDGE_CURVE('',#2633,#2633,#531,.F.);
#2260=EDGE_CURVE('',#2634,#2634,#532,.T.);
#2261=EDGE_CURVE('',#2635,#2635,#533,.F.);
#2262=EDGE_CURVE('',#2636,#2636,#534,.T.);
#2263=EDGE_CURVE('',#2637,#2637,#535,.T.);
#2264=EDGE_CURVE('',#2370,#2500,#156,.T.);
#2265=EDGE_CURVE('',#2638,#2423,#2855,.T.);
#2266=EDGE_CURVE('',#2639,#2638,#2856,.T.);
#2267=EDGE_CURVE('',#2639,#2422,#2857,.T.);
#2268=EDGE_CURVE('',#2640,#2425,#2858,.T.);
#2269=EDGE_CURVE('',#2638,#2640,#2859,.T.);
#2270=EDGE_CURVE('',#2641,#2424,#2860,.T.);
#2271=EDGE_CURVE('',#2640,#2641,#2861,.T.);
#2272=EDGE_CURVE('',#2641,#2639,#2862,.T.);
#2273=VERTEX_POINT('',#5893);
#2274=VERTEX_POINT('',#5894);
#2275=VERTEX_POINT('',#5896);
#2276=VERTEX_POINT('',#5898);
#2277=VERTEX_POINT('',#5902);
#2278=VERTEX_POINT('',#5904);
#2279=VERTEX_POINT('',#5908);
#2280=VERTEX_POINT('',#5910);
#2281=VERTEX_POINT('',#5914);
#2282=VERTEX_POINT('',#5916);
#2283=VERTEX_POINT('',#5920);
#2284=VERTEX_POINT('',#5922);
#2285=VERTEX_POINT('',#5926);
#2286=VERTEX_POINT('',#5928);
#2287=VERTEX_POINT('',#5932);
#2288=VERTEX_POINT('',#5934);
#2289=VERTEX_POINT('',#5941);
#2290=VERTEX_POINT('',#5943);
#2291=VERTEX_POINT('',#5946);
#2292=VERTEX_POINT('',#5948);
#2293=VERTEX_POINT('',#5951);
#2294=VERTEX_POINT('',#5953);
#2295=VERTEX_POINT('',#5956);
#2296=VERTEX_POINT('',#5958);
#2297=VERTEX_POINT('',#5961);
#2298=VERTEX_POINT('',#5962);
#2299=VERTEX_POINT('',#5964);
#2300=VERTEX_POINT('',#5966);
#2301=VERTEX_POINT('',#5970);
#2302=VERTEX_POINT('',#5971);
#2303=VERTEX_POINT('',#5973);
#2304=VERTEX_POINT('',#5975);
#2305=VERTEX_POINT('',#5979);
#2306=VERTEX_POINT('',#5980);
#2307=VERTEX_POINT('',#5982);
#2308=VERTEX_POINT('',#5984);
#2309=VERTEX_POINT('',#5986);
#2310=VERTEX_POINT('',#5988);
#2311=VERTEX_POINT('',#5993);
#2312=VERTEX_POINT('',#5995);
#2313=VERTEX_POINT('',#6026);
#2314=VERTEX_POINT('',#6027);
#2315=VERTEX_POINT('',#6032);
#2316=VERTEX_POINT('',#6039);
#2317=VERTEX_POINT('',#6040);
#2318=VERTEX_POINT('',#6042);
#2319=VERTEX_POINT('',#6044);
#2320=VERTEX_POINT('',#6046);
#2321=VERTEX_POINT('',#6048);
#2322=VERTEX_POINT('',#6050);
#2323=VERTEX_POINT('',#6052);
#2324=VERTEX_POINT('',#6054);
#2325=VERTEX_POINT('',#6056);
#2326=VERTEX_POINT('',#6058);
#2327=VERTEX_POINT('',#6060);
#2328=VERTEX_POINT('',#6062);
#2329=VERTEX_POINT('',#6064);
#2330=VERTEX_POINT('',#6066);
#2331=VERTEX_POINT('',#6068);
#2332=VERTEX_POINT('',#6070);
#2333=VERTEX_POINT('',#6072);
#2334=VERTEX_POINT('',#6074);
#2335=VERTEX_POINT('',#6076);
#2336=VERTEX_POINT('',#6078);
#2337=VERTEX_POINT('',#6080);
#2338=VERTEX_POINT('',#6082);
#2339=VERTEX_POINT('',#6084);
#2340=VERTEX_POINT('',#6086);
#2341=VERTEX_POINT('',#6088);
#2342=VERTEX_POINT('',#6090);
#2343=VERTEX_POINT('',#6092);
#2344=VERTEX_POINT('',#6094);
#2345=VERTEX_POINT('',#6096);
#2346=VERTEX_POINT('',#6098);
#2347=VERTEX_POINT('',#6100);
#2348=VERTEX_POINT('',#6102);
#2349=VERTEX_POINT('',#6104);
#2350=VERTEX_POINT('',#6106);
#2351=VERTEX_POINT('',#6108);
#2352=VERTEX_POINT('',#6110);
#2353=VERTEX_POINT('',#6112);
#2354=VERTEX_POINT('',#6114);
#2355=VERTEX_POINT('',#6116);
#2356=VERTEX_POINT('',#6118);
#2357=VERTEX_POINT('',#6120);
#2358=VERTEX_POINT('',#6123);
#2359=VERTEX_POINT('',#6125);
#2360=VERTEX_POINT('',#6127);
#2361=VERTEX_POINT('',#6129);
#2362=VERTEX_POINT('',#6131);
#2363=VERTEX_POINT('',#6133);
#2364=VERTEX_POINT('',#6135);
#2365=VERTEX_POINT('',#6138);
#2366=VERTEX_POINT('',#6139);
#2367=VERTEX_POINT('',#6141);
#2368=VERTEX_POINT('',#6143);
#2369=VERTEX_POINT('',#6161);
#2370=VERTEX_POINT('',#6162);
#2371=VERTEX_POINT('',#6168);
#2372=VERTEX_POINT('',#6170);
#2373=VERTEX_POINT('',#6175);
#2374=VERTEX_POINT('',#6182);
#2375=VERTEX_POINT('',#6184);
#2376=VERTEX_POINT('',#6186);
#2377=VERTEX_POINT('',#6190);
#2378=VERTEX_POINT('',#6192);
#2379=VERTEX_POINT('',#6194);
#2380=VERTEX_POINT('',#6196);
#2381=VERTEX_POINT('',#6200);
#2382=VERTEX_POINT('',#6202);
#2383=VERTEX_POINT('',#6204);
#2384=VERTEX_POINT('',#6206);
#2385=VERTEX_POINT('',#6210);
#2386=VERTEX_POINT('',#6211);
#2387=VERTEX_POINT('',#6217);
#2388=VERTEX_POINT('',#6219);
#2389=VERTEX_POINT('',#6223);
#2390=VERTEX_POINT('',#6229);
#2391=VERTEX_POINT('',#6231);
#2392=VERTEX_POINT('',#6235);
#2393=VERTEX_POINT('',#6236);
#2394=VERTEX_POINT('',#6242);
#2395=VERTEX_POINT('',#6244);
#2396=VERTEX_POINT('',#6248);
#2397=VERTEX_POINT('',#6249);
#2398=VERTEX_POINT('',#6255);
#2399=VERTEX_POINT('',#6257);
#2400=VERTEX_POINT('',#6261);
#2401=VERTEX_POINT('',#6262);
#2402=VERTEX_POINT('',#6268);
#2403=VERTEX_POINT('',#6270);
#2404=VERTEX_POINT('',#6274);
#2405=VERTEX_POINT('',#6275);
#2406=VERTEX_POINT('',#6281);
#2407=VERTEX_POINT('',#6283);
#2408=VERTEX_POINT('',#6287);
#2409=VERTEX_POINT('',#6288);
#2410=VERTEX_POINT('',#6290);
#2411=VERTEX_POINT('',#6292);
#2412=VERTEX_POINT('',#6295);
#2413=VERTEX_POINT('',#6297);
#2414=VERTEX_POINT('',#6301);
#2415=VERTEX_POINT('',#6303);
#2416=VERTEX_POINT('',#6306);
#2417=VERTEX_POINT('',#6308);
#2418=VERTEX_POINT('',#6311);
#2419=VERTEX_POINT('',#6313);
#2420=VERTEX_POINT('',#6316);
#2421=VERTEX_POINT('',#6318);
#2422=VERTEX_POINT('',#6322);
#2423=VERTEX_POINT('',#6323);
#2424=VERTEX_POINT('',#6325);
#2425=VERTEX_POINT('',#6327);
#2426=VERTEX_POINT('',#6330);
#2427=VERTEX_POINT('',#6332);
#2428=VERTEX_POINT('',#6334);
#2429=VERTEX_POINT('',#6336);
#2430=VERTEX_POINT('',#6338);
#2431=VERTEX_POINT('',#6339);
#2432=VERTEX_POINT('',#6341);
#2433=VERTEX_POINT('',#6343);
#2434=VERTEX_POINT('',#6345);
#2435=VERTEX_POINT('',#6347);
#2436=VERTEX_POINT('',#6350);
#2437=VERTEX_POINT('',#6355);
#2438=VERTEX_POINT('',#6364);
#2439=VERTEX_POINT('',#6366);
#2440=VERTEX_POINT('',#6376);
#2441=VERTEX_POINT('',#6381);
#2442=VERTEX_POINT('',#6386);
#2443=VERTEX_POINT('',#6387);
#2444=VERTEX_POINT('',#6389);
#2445=VERTEX_POINT('',#6391);
#2446=VERTEX_POINT('',#6393);
#2447=VERTEX_POINT('',#6395);
#2448=VERTEX_POINT('',#6397);
#2449=VERTEX_POINT('',#6399);
#2450=VERTEX_POINT('',#6402);
#2451=VERTEX_POINT('',#6403);
#2452=VERTEX_POINT('',#6405);
#2453=VERTEX_POINT('',#6407);
#2454=VERTEX_POINT('',#6409);
#2455=VERTEX_POINT('',#6411);
#2456=VERTEX_POINT('',#6413);
#2457=VERTEX_POINT('',#6415);
#2458=VERTEX_POINT('',#6419);
#2459=VERTEX_POINT('',#6420);
#2460=VERTEX_POINT('',#6425);
#2461=VERTEX_POINT('',#6427);
#2462=VERTEX_POINT('',#6431);
#2463=VERTEX_POINT('',#6433);
#2464=VERTEX_POINT('',#6437);
#2465=VERTEX_POINT('',#6439);
#2466=VERTEX_POINT('',#6443);
#2467=VERTEX_POINT('',#6447);
#2468=VERTEX_POINT('',#6448);
#2469=VERTEX_POINT('',#6450);
#2470=VERTEX_POINT('',#6455);
#2471=VERTEX_POINT('',#6456);
#2472=VERTEX_POINT('',#6458);
#2473=VERTEX_POINT('',#6463);
#2474=VERTEX_POINT('',#6465);
#2475=VERTEX_POINT('',#6470);
#2476=VERTEX_POINT('',#6474);
#2477=VERTEX_POINT('',#6475);
#2478=VERTEX_POINT('',#6480);
#2479=VERTEX_POINT('',#6481);
#2480=VERTEX_POINT('',#6483);
#2481=VERTEX_POINT('',#6488);
#2482=VERTEX_POINT('',#6490);
#2483=VERTEX_POINT('',#6495);
#2484=VERTEX_POINT('',#6499);
#2485=VERTEX_POINT('',#6500);
#2486=VERTEX_POINT('',#6505);
#2487=VERTEX_POINT('',#6506);
#2488=VERTEX_POINT('',#6508);
#2489=VERTEX_POINT('',#6513);
#2490=VERTEX_POINT('',#6515);
#2491=VERTEX_POINT('',#6520);
#2492=VERTEX_POINT('',#6524);
#2493=VERTEX_POINT('',#6525);
#2494=VERTEX_POINT('',#6530);
#2495=VERTEX_POINT('',#6531);
#2496=VERTEX_POINT('',#6533);
#2497=VERTEX_POINT('',#6538);
#2498=VERTEX_POINT('',#6540);
#2499=VERTEX_POINT('',#6547);
#2500=VERTEX_POINT('',#6552);
#2501=VERTEX_POINT('',#6554);
#2502=VERTEX_POINT('',#6556);
#2503=VERTEX_POINT('',#6558);
#2504=VERTEX_POINT('',#6560);
#2505=VERTEX_POINT('',#6562);
#2506=VERTEX_POINT('',#6564);
#2507=VERTEX_POINT('',#6567);
#2508=VERTEX_POINT('',#6569);
#2509=VERTEX_POINT('',#6571);
#2510=VERTEX_POINT('',#6573);
#2511=VERTEX_POINT('',#6575);
#2512=VERTEX_POINT('',#6577);
#2513=VERTEX_POINT('',#6579);
#2514=VERTEX_POINT('',#6581);
#2515=VERTEX_POINT('',#6586);
#2516=VERTEX_POINT('',#6588);
#2517=VERTEX_POINT('',#6590);
#2518=VERTEX_POINT('',#6595);
#2519=VERTEX_POINT('',#6597);
#2520=VERTEX_POINT('',#6602);
#2521=VERTEX_POINT('',#6604);
#2522=VERTEX_POINT('',#6608);
#2523=VERTEX_POINT('',#6610);
#2524=VERTEX_POINT('',#6614);
#2525=VERTEX_POINT('',#6616);
#2526=VERTEX_POINT('',#6636);
#2527=VERTEX_POINT('',#6637);
#2528=VERTEX_POINT('',#6641);
#2529=VERTEX_POINT('',#6644);
#2530=VERTEX_POINT('',#6646);
#2531=VERTEX_POINT('',#6647);
#2532=VERTEX_POINT('',#6652);
#2533=VERTEX_POINT('',#6653);
#2534=VERTEX_POINT('',#6657);
#2535=VERTEX_POINT('',#6660);
#2536=VERTEX_POINT('',#6661);
#2537=VERTEX_POINT('',#6665);
#2538=VERTEX_POINT('',#6668);
#2539=VERTEX_POINT('',#6669);
#2540=VERTEX_POINT('',#6673);
#2541=VERTEX_POINT('',#6676);
#2542=VERTEX_POINT('',#6679);
#2543=VERTEX_POINT('',#6682);
#2544=VERTEX_POINT('',#6685);
#2545=VERTEX_POINT('',#6688);
#2546=VERTEX_POINT('',#6691);
#2547=VERTEX_POINT('',#6695);
#2548=VERTEX_POINT('',#6709);
#2549=VERTEX_POINT('',#6720);
#2550=VERTEX_POINT('',#6724);
#2551=VERTEX_POINT('',#6726);
#2552=VERTEX_POINT('',#6728);
#2553=VERTEX_POINT('',#6733);
#2554=VERTEX_POINT('',#6745);
#2555=VERTEX_POINT('',#6757);
#2556=VERTEX_POINT('',#6759);
#2557=VERTEX_POINT('',#6763);
#2558=VERTEX_POINT('',#6765);
#2559=VERTEX_POINT('',#6771);
#2560=VERTEX_POINT('',#6773);
#2561=VERTEX_POINT('',#6779);
#2562=VERTEX_POINT('',#6781);
#2563=VERTEX_POINT('',#6892);
#2564=VERTEX_POINT('',#6905);
#2565=VERTEX_POINT('',#6906);
#2566=VERTEX_POINT('',#6924);
#2567=VERTEX_POINT('',#6932);
#2568=VERTEX_POINT('',#6974);
#2569=VERTEX_POINT('',#7047);
#2570=VERTEX_POINT('',#7091);
#2571=VERTEX_POINT('',#7093);
#2572=VERTEX_POINT('',#7097);
#2573=VERTEX_POINT('',#7101);
#2574=VERTEX_POINT('',#7105);
#2575=VERTEX_POINT('',#7109);
#2576=VERTEX_POINT('',#7113);
#2577=VERTEX_POINT('',#7117);
#2578=VERTEX_POINT('',#7181);
#2579=VERTEX_POINT('',#7232);
#2580=VERTEX_POINT('',#7233);
#2581=VERTEX_POINT('',#7253);
#2582=VERTEX_POINT('',#7301);
#2583=VERTEX_POINT('',#7305);
#2584=VERTEX_POINT('',#7309);
#2585=VERTEX_POINT('',#7313);
#2586=VERTEX_POINT('',#7317);
#2587=VERTEX_POINT('',#7321);
#2588=VERTEX_POINT('',#7322);
#2589=VERTEX_POINT('',#7384);
#2590=VERTEX_POINT('',#7386);
#2591=VERTEX_POINT('',#7398);
#2592=VERTEX_POINT('',#7400);
#2593=VERTEX_POINT('',#7408);
#2594=VERTEX_POINT('',#7409);
#2595=VERTEX_POINT('',#7426);
#2596=VERTEX_POINT('',#7428);
#2597=VERTEX_POINT('',#7798);
#2598=VERTEX_POINT('',#7799);
#2599=VERTEX_POINT('',#7801);
#2600=VERTEX_POINT('',#7803);
#2601=VERTEX_POINT('',#7807);
#2602=VERTEX_POINT('',#7809);
#2603=VERTEX_POINT('',#7810);
#2604=VERTEX_POINT('',#7816);
#2605=VERTEX_POINT('',#7818);
#2606=VERTEX_POINT('',#7820);
#2607=VERTEX_POINT('',#7824);
#2608=VERTEX_POINT('',#7826);
#2609=VERTEX_POINT('',#7836);
#2610=VERTEX_POINT('',#7839);
#2611=VERTEX_POINT('',#7866);
#2612=VERTEX_POINT('',#7868);
#2613=VERTEX_POINT('',#7869);
#2614=VERTEX_POINT('',#7874);
#2615=VERTEX_POINT('',#7876);
#2616=VERTEX_POINT('',#7878);
#2617=VERTEX_POINT('',#7880);
#2618=VERTEX_POINT('',#7882);
#2619=VERTEX_POINT('',#7886);
#2620=VERTEX_POINT('',#7887);
#2621=VERTEX_POINT('',#7889);
#2622=VERTEX_POINT('',#7891);
#2623=VERTEX_POINT('',#7895);
#2624=VERTEX_POINT('',#7898);
#2625=VERTEX_POINT('',#7902);
#2626=VERTEX_POINT('',#7903);
#2627=VERTEX_POINT('',#7943);
#2628=VERTEX_POINT('',#7946);
#2629=VERTEX_POINT('',#7948);
#2630=VERTEX_POINT('',#7951);
#2631=VERTEX_POINT('',#7953);
#2632=VERTEX_POINT('',#7956);
#2633=VERTEX_POINT('',#7959);
#2634=VERTEX_POINT('',#7962);
#2635=VERTEX_POINT('',#7965);
#2636=VERTEX_POINT('',#7970);
#2637=VERTEX_POINT('',#7974);
#2638=VERTEX_POINT('',#8004);
#2639=VERTEX_POINT('',#8006);
#2640=VERTEX_POINT('',#8010);
#2641=VERTEX_POINT('',#8014);
#2642=LINE('',#5892,#2863);
#2643=LINE('',#5897,#2864);
#2644=LINE('',#5901,#2865);
#2645=LINE('',#5903,#2866);
#2646=LINE('',#5905,#2867);
#2647=LINE('',#5909,#2868);
#2648=LINE('',#5913,#2869);
#2649=LINE('',#5915,#2870);
#2650=LINE('',#5917,#2871);
#2651=LINE('',#5921,#2872);
#2652=LINE('',#5925,#2873);
#2653=LINE('',#5927,#2874);
#2654=LINE('',#5929,#2875);
#2655=LINE('',#5933,#2876);
#2656=LINE('',#5937,#2877);
#2657=LINE('',#5938,#2878);
#2658=LINE('',#5960,#2879);
#2659=LINE('',#5965,#2880);
#2660=LINE('',#5969,#2881);
#2661=LINE('',#5972,#2882);
#2662=LINE('',#5974,#2883);
#2663=LINE('',#5976,#2884);
#2664=LINE('',#5978,#2885);
#2665=LINE('',#5981,#2886);
#2666=LINE('',#5983,#2887);
#2667=LINE('',#5985,#2888);
#2668=LINE('',#5994,#2889);
#2669=LINE('',#6041,#2890);
#2670=LINE('',#6043,#2891);
#2671=LINE('',#6045,#2892);
#2672=LINE('',#6049,#2893);
#2673=LINE('',#6053,#2894);
#2674=LINE('',#6057,#2895);
#2675=LINE('',#6061,#2896);
#2676=LINE('',#6063,#2897);
#2677=LINE('',#6065,#2898);
#2678=LINE('',#6069,#2899);
#2679=LINE('',#6075,#2900);
#2680=LINE('',#6083,#2901);
#2681=LINE('',#6091,#2902);
#2682=LINE('',#6099,#2903);
#2683=LINE('',#6107,#2904);
#2684=LINE('',#6115,#2905);
#2685=LINE('',#6121,#2906);
#2686=LINE('',#6140,#2907);
#2687=LINE('',#6144,#2908);
#2688=LINE('',#6181,#2909);
#2689=LINE('',#6185,#2910);
#2690=LINE('',#6191,#2911);
#2691=LINE('',#6193,#2912);
#2692=LINE('',#6205,#2913);
#2693=LINE('',#6207,#2914);
#2694=LINE('',#6286,#2915);
#2695=LINE('',#6289,#2916);
#2696=LINE('',#6291,#2917);
#2697=LINE('',#6293,#2918);
#2698=LINE('',#6298,#2919);
#2699=LINE('',#6300,#2920);
#2700=LINE('',#6302,#2921);
#2701=LINE('',#6304,#2922);
#2702=LINE('',#6309,#2923);
#2703=LINE('',#6314,#2924);
#2704=LINE('',#6319,#2925);
#2705=LINE('',#6321,#2926);
#2706=LINE('',#6324,#2927);
#2707=LINE('',#6326,#2928);
#2708=LINE('',#6328,#2929);
#2709=LINE('',#6337,#2930);
#2710=LINE('',#6342,#2931);
#2711=LINE('',#6346,#2932);
#2712=LINE('',#6349,#2933);
#2713=LINE('',#6365,#2934);
#2714=LINE('',#6382,#2935);
#2715=LINE('',#6388,#2936);
#2716=LINE('',#6392,#2937);
#2717=LINE('',#6396,#2938);
#2718=LINE('',#6400,#2939);
#2719=LINE('',#6401,#2940);
#2720=LINE('',#6406,#2941);
#2721=LINE('',#6410,#2942);
#2722=LINE('',#6414,#2943);
#2723=LINE('',#6418,#2944);
#2724=LINE('',#6421,#2945);
#2725=LINE('',#6422,#2946);
#2726=LINE('',#6424,#2947);
#2727=LINE('',#6426,#2948);
#2728=LINE('',#6428,#2949);
#2729=LINE('',#6430,#2950);
#2730=LINE('',#6432,#2951);
#2731=LINE('',#6434,#2952);
#2732=LINE('',#6436,#2953);
#2733=LINE('',#6438,#2954);
#2734=LINE('',#6440,#2955);
#2735=LINE('',#6444,#2956);
#2736=LINE('',#6446,#2957);
#2737=LINE('',#6449,#2958);
#2738=LINE('',#6451,#2959);
#2739=LINE('',#6452,#2960);
#2740=LINE('',#6457,#2961);
#2741=LINE('',#6464,#2962);
#2742=LINE('',#6469,#2963);
#2743=LINE('',#6473,#2964);
#2744=LINE('',#6476,#2965);
#2745=LINE('',#6477,#2966);
#2746=LINE('',#6482,#2967);
#2747=LINE('',#6489,#2968);
#2748=LINE('',#6494,#2969);
#2749=LINE('',#6498,#2970);
#2750=LINE('',#6501,#2971);
#2751=LINE('',#6502,#2972);
#2752=LINE('',#6507,#2973);
#2753=LINE('',#6514,#2974);
#2754=LINE('',#6519,#2975);
#2755=LINE('',#6523,#2976);
#2756=LINE('',#6526,#2977);
#2757=LINE('',#6527,#2978);
#2758=LINE('',#6532,#2979);
#2759=LINE('',#6539,#2980);
#2760=LINE('',#6555,#2981);
#2761=LINE('',#6557,#2982);
#2762=LINE('',#6559,#2983);
#2763=LINE('',#6561,#2984);
#2764=LINE('',#6570,#2985);
#2765=LINE('',#6572,#2986);
#2766=LINE('',#6574,#2987);
#2767=LINE('',#6576,#2988);
#2768=LINE('',#6585,#2989);
#2769=LINE('',#6587,#2990);
#2770=LINE('',#6589,#2991);
#2771=LINE('',#6596,#2992);
#2772=LINE('',#6605,#2993);
#2773=LINE('',#6609,#2994);
#2774=LINE('',#6615,#2995);
#2775=LINE('',#6622,#2996);
#2776=LINE('',#6623,#2997);
#2777=LINE('',#6625,#2998);
#2778=LINE('',#6626,#2999);
#2779=LINE('',#6628,#3000);
#2780=LINE('',#6630,#3001);
#2781=LINE('',#6692,#3002);
#2782=LINE('',#6694,#3003);
#2783=LINE('',#6708,#3004);
#2784=LINE('',#6721,#3005);
#2785=LINE('',#6727,#3006);
#2786=LINE('',#6729,#3007);
#2787=LINE('',#6732,#3008);
#2788=LINE('',#6744,#3009);
#2789=LINE('',#6760,#3010);
#2790=LINE('',#6772,#3011);
#2791=LINE('',#6933,#3012);
#2792=LINE('',#7090,#3013);
#2793=LINE('',#7094,#3014);
#2794=LINE('',#7096,#3015);
#2795=LINE('',#7098,#3016);
#2796=LINE('',#7102,#3017);
#2797=LINE('',#7104,#3018);
#2798=LINE('',#7106,#3019);
#2799=LINE('',#7110,#3020);
#2800=LINE('',#7112,#3021);
#2801=LINE('',#7114,#3022);
#2802=LINE('',#7118,#3023);
#2803=LINE('',#7120,#3024);
#2804=LINE('',#7184,#3025);
#2805=LINE('',#7231,#3026);
#2806=LINE('',#7243,#3027);
#2807=LINE('',#7244,#3028);
#2808=LINE('',#7246,#3029);
#2809=LINE('',#7248,#3030);
#2810=LINE('',#7250,#3031);
#2811=LINE('',#7252,#3032);
#2812=LINE('',#7254,#3033);
#2813=LINE('',#7260,#3034);
#2814=LINE('',#7262,#3035);
#2815=LINE('',#7264,#3036);
#2816=LINE('',#7267,#3037);
#2817=LINE('',#7269,#3038);
#2818=LINE('',#7271,#3039);
#2819=LINE('',#7273,#3040);
#2820=LINE('',#7275,#3041);
#2821=LINE('',#7277,#3042);
#2822=LINE('',#7279,#3043);
#2823=LINE('',#7281,#3044);
#2824=LINE('',#7283,#3045);
#2825=LINE('',#7285,#3046);
#2826=LINE('',#7287,#3047);
#2827=LINE('',#7289,#3048);
#2828=LINE('',#7291,#3049);
#2829=LINE('',#7293,#3050);
#2830=LINE('',#7797,#3051);
#2831=LINE('',#7800,#3052);
#2832=LINE('',#7802,#3053);
#2833=LINE('',#7804,#3054);
#2834=LINE('',#7808,#3055);
#2835=LINE('',#7819,#3056);
#2836=LINE('',#7825,#3057);
#2837=LINE('',#7856,#3058);
#2838=LINE('',#7858,#3059);
#2839=LINE('',#7860,#3060);
#2840=LINE('',#7862,#3061);
#2841=LINE('',#7867,#3062);
#2842=LINE('',#7875,#3063);
#2843=LINE('',#7879,#3064);
#2844=LINE('',#7885,#3065);
#2845=LINE('',#7888,#3066);
#2846=LINE('',#7890,#3067);
#2847=LINE('',#7892,#3068);
#2848=LINE('',#7901,#3069);
#2849=LINE('',#7932,#3070);
#2850=LINE('',#7934,#3071);
#2851=LINE('',#7936,#3072);
#2852=LINE('',#7938,#3073);
#2853=LINE('',#7940,#3074);
#2854=LINE('',#7942,#3075);
#2855=LINE('',#8003,#3076);
#2856=LINE('',#8005,#3077);
#2857=LINE('',#8007,#3078);
#2858=LINE('',#8009,#3079);
#2859=LINE('',#8011,#3080);
#2860=LINE('',#8013,#3081);
#2861=LINE('',#8015,#3082);
#2862=LINE('',#8017,#3083);
#2863=VECTOR('',#4631,1000.);
#2864=VECTOR('',#4634,1000.);
#2865=VECTOR('',#4639,1000.);
#2866=VECTOR('',#4640,1000.);
#2867=VECTOR('',#4641,1000.);
#2868=VECTOR('',#4646,1000.);
#2869=VECTOR('',#4651,1000.);
#2870=VECTOR('',#4652,1000.);
#2871=VECTOR('',#4653,1000.);
#2872=VECTOR('',#4658,1000.);
#2873=VECTOR('',#4663,1000.);
#2874=VECTOR('',#4664,1000.);
#2875=VECTOR('',#4665,1000.);
#2876=VECTOR('',#4670,1000.);
#2877=VECTOR('',#4675,1000.);
#2878=VECTOR('',#4676,1000.);
#2879=VECTOR('',#4703,1000.);
#2880=VECTOR('',#4706,1000.);
#2881=VECTOR('',#4711,1000.);
#2882=VECTOR('',#4712,1000.);
#2883=VECTOR('',#4713,1000.);
#2884=VECTOR('',#4714,1000.);
#2885=VECTOR('',#4717,1000.);
#2886=VECTOR('',#4718,1000.);
#2887=VECTOR('',#4719,1000.);
#2888=VECTOR('',#4720,1000.);
#2889=VECTOR('',#4723,1000.);
#2890=VECTOR('',#4730,1000.);
#2891=VECTOR('',#4731,1000.);
#2892=VECTOR('',#4732,1000.);
#2893=VECTOR('',#4735,1000.);
#2894=VECTOR('',#4738,1000.);
#2895=VECTOR('',#4741,1000.);
#2896=VECTOR('',#4744,1000.);
#2897=VECTOR('',#4745,1000.);
#2898=VECTOR('',#4746,1000.);
#2899=VECTOR('',#4749,1000.);
#2900=VECTOR('',#4754,1000.);
#2901=VECTOR('',#4761,1000.);
#2902=VECTOR('',#4768,1000.);
#2903=VECTOR('',#4775,1000.);
#2904=VECTOR('',#4782,1000.);
#2905=VECTOR('',#4789,1000.);
#2906=VECTOR('',#4794,1000.);
#2907=VECTOR('',#4813,1000.);
#2908=VECTOR('',#4816,1000.);
#2909=VECTOR('',#4821,1000.);
#2910=VECTOR('',#4824,1000.);
#2911=VECTOR('',#4831,1000.);
#2912=VECTOR('',#4832,1000.);
#2913=VECTOR('',#4845,1000.);
#2914=VECTOR('',#4846,1000.);
#2915=VECTOR('',#4897,1000.);
#2916=VECTOR('',#4898,1000.);
#2917=VECTOR('',#4899,1000.);
#2918=VECTOR('',#4900,1000.);
#2919=VECTOR('',#4905,1000.);
#2920=VECTOR('',#4908,1000.);
#2921=VECTOR('',#4909,1000.);
#2922=VECTOR('',#4910,1000.);
#2923=VECTOR('',#4915,1000.);
#2924=VECTOR('',#4920,1000.);
#2925=VECTOR('',#4925,1000.);
#2926=VECTOR('',#4928,1000.);
#2927=VECTOR('',#4929,1000.);
#2928=VECTOR('',#4930,1000.);
#2929=VECTOR('',#4931,1000.);
#2930=VECTOR('',#4940,1000.);
#2931=VECTOR('',#4943,1000.);
#2932=VECTOR('',#4946,1000.);
#2933=VECTOR('',#4949,1000.);
#2934=VECTOR('',#4950,1000.);
#2935=VECTOR('',#4951,1000.);
#2936=VECTOR('',#4958,1000.);
#2937=VECTOR('',#4961,1000.);
#2938=VECTOR('',#4964,1000.);
#2939=VECTOR('',#4967,1000.);
#2940=VECTOR('',#4968,1000.);
#2941=VECTOR('',#4971,1000.);
#2942=VECTOR('',#4974,1000.);
#2943=VECTOR('',#4977,1000.);
#2944=VECTOR('',#4982,1000.);
#2945=VECTOR('',#4983,1000.);
#2946=VECTOR('',#4984,1000.);
#2947=VECTOR('',#4987,1000.);
#2948=VECTOR('',#4988,1000.);
#2949=VECTOR('',#4989,1000.);
#2950=VECTOR('',#4992,1000.);
#2951=VECTOR('',#4993,1000.);
#2952=VECTOR('',#4994,1000.);
#2953=VECTOR('',#4997,1000.);
#2954=VECTOR('',#4998,1000.);
#2955=VECTOR('',#4999,1000.);
#2956=VECTOR('',#5004,1000.);
#2957=VECTOR('',#5007,1000.);
#2958=VECTOR('',#5008,1000.);
#2959=VECTOR('',#5009,1000.);
#2960=VECTOR('',#5010,1000.);
#2961=VECTOR('',#5015,1000.);
#2962=VECTOR('',#5024,1000.);
#2963=VECTOR('',#5031,1000.);
#2964=VECTOR('',#5036,1000.);
#2965=VECTOR('',#5037,1000.);
#2966=VECTOR('',#5038,1000.);
#2967=VECTOR('',#5043,1000.);
#2968=VECTOR('',#5052,1000.);
#2969=VECTOR('',#5059,1000.);
#2970=VECTOR('',#5064,1000.);
#2971=VECTOR('',#5065,1000.);
#2972=VECTOR('',#5066,1000.);
#2973=VECTOR('',#5071,1000.);
#2974=VECTOR('',#5080,1000.);
#2975=VECTOR('',#5087,1000.);
#2976=VECTOR('',#5092,1000.);
#2977=VECTOR('',#5093,1000.);
#2978=VECTOR('',#5094,1000.);
#2979=VECTOR('',#5099,1000.);
#2980=VECTOR('',#5108,1000.);
#2981=VECTOR('',#5123,1000.);
#2982=VECTOR('',#5124,1000.);
#2983=VECTOR('',#5125,1000.);
#2984=VECTOR('',#5126,1000.);
#2985=VECTOR('',#5135,1000.);
#2986=VECTOR('',#5136,1000.);
#2987=VECTOR('',#5137,1000.);
#2988=VECTOR('',#5138,1000.);
#2989=VECTOR('',#5149,1000.);
#2990=VECTOR('',#5150,1000.);
#2991=VECTOR('',#5151,1000.);
#2992=VECTOR('',#5152,1000.);
#2993=VECTOR('',#5155,1000.);
#2994=VECTOR('',#5160,1000.);
#2995=VECTOR('',#5167,1000.);
#2996=VECTOR('',#5178,1000.);
#2997=VECTOR('',#5179,1000.);
#2998=VECTOR('',#5182,1000.);
#2999=VECTOR('',#5183,1000.);
#3000=VECTOR('',#5186,1000.);
#3001=VECTOR('',#5189,1000.);
#3002=VECTOR('',#5270,1000.);
#3003=VECTOR('',#5273,1000.);
#3004=VECTOR('',#5280,1000.);
#3005=VECTOR('',#5281,1000.);
#3006=VECTOR('',#5288,1000.);
#3007=VECTOR('',#5289,1000.);
#3008=VECTOR('',#5294,1000.);
#3009=VECTOR('',#5299,1000.);
#3010=VECTOR('',#5306,1000.);
#3011=VECTOR('',#5313,1000.);
#3012=VECTOR('',#5330,1000.);
#3013=VECTOR('',#5343,1000.);
#3014=VECTOR('',#5346,1000.);
#3015=VECTOR('',#5349,1000.);
#3016=VECTOR('',#5350,1000.);
#3017=VECTOR('',#5355,1000.);
#3018=VECTOR('',#5358,1000.);
#3019=VECTOR('',#5359,1000.);
#3020=VECTOR('',#5364,1000.);
#3021=VECTOR('',#5367,1000.);
#3022=VECTOR('',#5368,1000.);
#3023=VECTOR('',#5373,1000.);
#3024=VECTOR('',#5376,1000.);
#3025=VECTOR('',#5427,1000.);
#3026=VECTOR('',#5466,1000.);
#3027=VECTOR('',#5471,1000.);
#3028=VECTOR('',#5472,1000.);
#3029=VECTOR('',#5475,1000.);
#3030=VECTOR('',#5478,1000.);
#3031=VECTOR('',#5481,1000.);
#3032=VECTOR('',#5484,1000.);
#3033=VECTOR('',#5485,1000.);
#3034=VECTOR('',#5488,1000.);
#3035=VECTOR('',#5491,1000.);
#3036=VECTOR('',#5494,1000.);
#3037=VECTOR('',#5499,1000.);
#3038=VECTOR('',#5502,1000.);
#3039=VECTOR('',#5505,1000.);
#3040=VECTOR('',#5508,1000.);
#3041=VECTOR('',#5511,1000.);
#3042=VECTOR('',#5514,1000.);
#3043=VECTOR('',#5517,1000.);
#3044=VECTOR('',#5520,1000.);
#3045=VECTOR('',#5523,1000.);
#3046=VECTOR('',#5526,1000.);
#3047=VECTOR('',#5529,1000.);
#3048=VECTOR('',#5532,1000.);
#3049=VECTOR('',#5535,1000.);
#3050=VECTOR('',#5538,1000.);
#3051=VECTOR('',#5651,1000.);
#3052=VECTOR('',#5652,1000.);
#3053=VECTOR('',#5653,1000.);
#3054=VECTOR('',#5654,1000.);
#3055=VECTOR('',#5659,1000.);
#3056=VECTOR('',#5664,1000.);
#3057=VECTOR('',#5671,1000.);
#3058=VECTOR('',#5716,1000.);
#3059=VECTOR('',#5719,1000.);
#3060=VECTOR('',#5722,1000.);
#3061=VECTOR('',#5725,1000.);
#3062=VECTOR('',#5732,1000.);
#3063=VECTOR('',#5733,1000.);
#3064=VECTOR('',#5736,1000.);
#3065=VECTOR('',#5743,1000.);
#3066=VECTOR('',#5744,1000.);
#3067=VECTOR('',#5745,1000.);
#3068=VECTOR('',#5746,1000.);
#3069=VECTOR('',#5759,1000.);
#3070=VECTOR('',#5800,1000.);
#3071=VECTOR('',#5803,1000.);
#3072=VECTOR('',#5806,1000.);
#3073=VECTOR('',#5809,1000.);
#3074=VECTOR('',#5812,1000.);
#3075=VECTOR('',#5815,1000.);
#3076=VECTOR('',#5874,1000.);
#3077=VECTOR('',#5875,1000.);
#3078=VECTOR('',#5876,1000.);
#3079=VECTOR('',#5879,1000.);
#3080=VECTOR('',#5880,1000.);
#3081=VECTOR('',#5883,1000.);
#3082=VECTOR('',#5884,1000.);
#3083=VECTOR('',#5887,1000.);
#3084=EDGE_LOOP('',(#536,#537,#538,#539));
#3085=EDGE_LOOP('',(#540,#541,#542,#543));
#3086=EDGE_LOOP('',(#544,#545,#546,#547));
#3087=EDGE_LOOP('',(#548,#549,#550,#551));
#3088=EDGE_LOOP('',(#552,#553,#554,#555));
#3089=EDGE_LOOP('',(#556,#557,#558,#559));
#3090=EDGE_LOOP('',(#560,#561,#562,#563));
#3091=EDGE_LOOP('',(#564,#565,#566,#567));
#3092=EDGE_LOOP('',(#568));
#3093=EDGE_LOOP('',(#569));
#3094=EDGE_LOOP('',(#570));
#3095=EDGE_LOOP('',(#571));
#3096=EDGE_LOOP('',(#572));
#3097=EDGE_LOOP('',(#573));
#3098=EDGE_LOOP('',(#574));
#3099=EDGE_LOOP('',(#575));
#3100=EDGE_LOOP('',(#576,#577,#578,#579));
#3101=EDGE_LOOP('',(#580,#581,#582,#583));
#3102=EDGE_LOOP('',(#584,#585,#586,#587,#588,#589,#590,#591));
#3103=EDGE_LOOP('',(#592,#593,#594));
#3104=EDGE_LOOP('',(#595,#596,#597,#598,#599,#600,#601,#602,#603,#604,#605,
#606,#607,#608,#609,#610,#611,#612,#613,#614,#615,#616,#617,#618,#619,#620,
#621,#622,#623,#624,#625,#626,#627,#628,#629,#630,#631,#632,#633,#634,#635,
#636));
#3105=EDGE_LOOP('',(#637));
#3106=EDGE_LOOP('',(#638));
#3107=EDGE_LOOP('',(#639));
#3108=EDGE_LOOP('',(#640));
#3109=EDGE_LOOP('',(#641));
#3110=EDGE_LOOP('',(#642));
#3111=EDGE_LOOP('',(#643));
#3112=EDGE_LOOP('',(#644,#645,#646,#647));
#3113=EDGE_LOOP('',(#648,#649,#650,#651,#652));
#3114=EDGE_LOOP('',(#653,#654,#655,#656,#657));
#3115=EDGE_LOOP('',(#658,#659,#660,#661,#662,#663));
#3116=EDGE_LOOP('',(#664,#665,#666,#667,#668,#669));
#3117=EDGE_LOOP('',(#670,#671,#672,#673));
#3118=EDGE_LOOP('',(#674,#675,#676,#677));
#3119=EDGE_LOOP('',(#678,#679,#680,#681));
#3120=EDGE_LOOP('',(#682,#683,#684,#685));
#3121=EDGE_LOOP('',(#686,#687,#688,#689));
#3122=EDGE_LOOP('',(#690,#691,#692,#693));
#3123=EDGE_LOOP('',(#694));
#3124=EDGE_LOOP('',(#695));
#3125=EDGE_LOOP('',(#696));
#3126=EDGE_LOOP('',(#697));
#3127=EDGE_LOOP('',(#698,#699,#700,#701));
#3128=EDGE_LOOP('',(#702,#703,#704,#705,#706,#707,#708,#709,#710,#711,#712,
#713,#714,#715,#716,#717,#718,#719,#720,#721,#722,#723));
#3129=EDGE_LOOP('',(#724,#725,#726,#727));
#3130=EDGE_LOOP('',(#728));
#3131=EDGE_LOOP('',(#729));
#3132=EDGE_LOOP('',(#730));
#3133=EDGE_LOOP('',(#731));
#3134=EDGE_LOOP('',(#732,#733,#734,#735,#736,#737,#738,#739,#740,#741,#742,
#743,#744,#745,#746,#747));
#3135=EDGE_LOOP('',(#748,#749,#750,#751,#752,#753,#754,#755));
#3136=EDGE_LOOP('',(#756,#757,#758,#759,#760,#761,#762,#763));
#3137=EDGE_LOOP('',(#764,#765,#766,#767));
#3138=EDGE_LOOP('',(#768,#769,#770,#771));
#3139=EDGE_LOOP('',(#772,#773,#774,#775));
#3140=EDGE_LOOP('',(#776,#777,#778,#779));
#3141=EDGE_LOOP('',(#780,#781,#782,#783));
#3142=EDGE_LOOP('',(#784,#785,#786,#787));
#3143=EDGE_LOOP('',(#788,#789,#790,#791,#792));
#3144=EDGE_LOOP('',(#793,#794,#795,#796));
#3145=EDGE_LOOP('',(#797,#798,#799,#800,#801));
#3146=EDGE_LOOP('',(#802,#803,#804,#805));
#3147=EDGE_LOOP('',(#806,#807,#808,#809,#810));
#3148=EDGE_LOOP('',(#811,#812,#813,#814));
#3149=EDGE_LOOP('',(#815,#816,#817,#818,#819));
#3150=EDGE_LOOP('',(#820,#821,#822,#823));
#3151=EDGE_LOOP('',(#824,#825,#826,#827,#828));
#3152=EDGE_LOOP('',(#829,#830,#831,#832));
#3153=EDGE_LOOP('',(#833,#834,#835,#836,#837));
#3154=EDGE_LOOP('',(#838,#839,#840,#841));
#3155=EDGE_LOOP('',(#842,#843,#844,#845,#846));
#3156=EDGE_LOOP('',(#847,#848,#849,#850));
#3157=EDGE_LOOP('',(#851,#852,#853,#854,#855));
#3158=EDGE_LOOP('',(#856,#857,#858,#859,#860,#861,#862,#863,#864,#865,#866,
#867,#868,#869,#870,#871,#872,#873,#874,#875,#876));
#3159=EDGE_LOOP('',(#877,#878,#879,#880,#881,#882,#883,#884));
#3160=EDGE_LOOP('',(#885,#886,#887,#888,#889));
#3161=EDGE_LOOP('',(#890,#891,#892,#893));
#3162=EDGE_LOOP('',(#894,#895,#896,#897,#898));
#3163=EDGE_LOOP('',(#899,#900,#901,#902));
#3164=EDGE_LOOP('',(#903,#904,#905,#906));
#3165=EDGE_LOOP('',(#907,#908,#909,#910));
#3166=EDGE_LOOP('',(#911,#912,#913,#914));
#3167=EDGE_LOOP('',(#915,#916,#917,#918));
#3168=EDGE_LOOP('',(#919,#920,#921,#922));
#3169=EDGE_LOOP('',(#923,#924,#925,#926));
#3170=EDGE_LOOP('',(#927,#928,#929,#930,#931,#932));
#3171=EDGE_LOOP('',(#933));
#3172=EDGE_LOOP('',(#934));
#3173=EDGE_LOOP('',(#935,#936,#937,#938,#939,#940));
#3174=EDGE_LOOP('',(#941,#942,#943,#944,#945,#946));
#3175=EDGE_LOOP('',(#947));
#3176=EDGE_LOOP('',(#948,#949,#950,#951,#952,#953));
#3177=EDGE_LOOP('',(#954));
#3178=EDGE_LOOP('',(#955,#956,#957,#958,#959,#960));
#3179=EDGE_LOOP('',(#961));
#3180=EDGE_LOOP('',(#962));
#3181=EDGE_LOOP('',(#963));
#3182=EDGE_LOOP('',(#964));
#3183=EDGE_LOOP('',(#965));
#3184=EDGE_LOOP('',(#966));
#3185=EDGE_LOOP('',(#967));
#3186=EDGE_LOOP('',(#968));
#3187=EDGE_LOOP('',(#969));
#3188=EDGE_LOOP('',(#970));
#3189=EDGE_LOOP('',(#971));
#3190=EDGE_LOOP('',(#972,#973,#974,#975));
#3191=EDGE_LOOP('',(#976,#977,#978,#979));
#3192=EDGE_LOOP('',(#980,#981,#982,#983,#984,#985));
#3193=EDGE_LOOP('',(#986));
#3194=EDGE_LOOP('',(#987));
#3195=EDGE_LOOP('',(#988,#989,#990,#991));
#3196=EDGE_LOOP('',(#992,#993,#994,#995,#996,#997));
#3197=EDGE_LOOP('',(#998,#999,#1000,#1001));
#3198=EDGE_LOOP('',(#1002));
#3199=EDGE_LOOP('',(#1003));
#3200=EDGE_LOOP('',(#1004,#1005,#1006,#1007));
#3201=EDGE_LOOP('',(#1008,#1009,#1010,#1011,#1012,#1013,#1014,#1015));
#3202=EDGE_LOOP('',(#1016,#1017,#1018,#1019));
#3203=EDGE_LOOP('',(#1020,#1021,#1022,#1023));
#3204=EDGE_LOOP('',(#1024,#1025,#1026,#1027));
#3205=EDGE_LOOP('',(#1028,#1029,#1030,#1031));
#3206=EDGE_LOOP('',(#1032,#1033,#1034,#1035,#1036));
#3207=EDGE_LOOP('',(#1037,#1038,#1039,#1040,#1041,#1042));
#3208=EDGE_LOOP('',(#1043,#1044,#1045));
#3209=EDGE_LOOP('',(#1046,#1047,#1048,#1049,#1050));
#3210=EDGE_LOOP('',(#1051,#1052,#1053,#1054));
#3211=EDGE_LOOP('',(#1055,#1056,#1057,#1058,#1059));
#3212=EDGE_LOOP('',(#1060,#1061,#1062));
#3213=EDGE_LOOP('',(#1063,#1064,#1065,#1066));
#3214=EDGE_LOOP('',(#1067,#1068,#1069,#1070));
#3215=EDGE_LOOP('',(#1071,#1072,#1073,#1074));
#3216=EDGE_LOOP('',(#1075,#1076,#1077,#1078));
#3217=EDGE_LOOP('',(#1079,#1080,#1081,#1082));
#3218=EDGE_LOOP('',(#1083,#1084,#1085,#1086));
#3219=EDGE_LOOP('',(#1087,#1088,#1089,#1090));
#3220=EDGE_LOOP('',(#1091,#1092,#1093,#1094));
#3221=EDGE_LOOP('',(#1095,#1096,#1097,#1098,#1099,#1100,#1101,#1102));
#3222=EDGE_LOOP('',(#1103,#1104,#1105,#1106,#1107,#1108,#1109,#1110));
#3223=EDGE_LOOP('',(#1111,#1112,#1113,#1114));
#3224=EDGE_LOOP('',(#1115,#1116,#1117,#1118));
#3225=EDGE_LOOP('',(#1119,#1120,#1121,#1122));
#3226=EDGE_LOOP('',(#1123,#1124,#1125,#1126));
#3227=EDGE_LOOP('',(#1127,#1128,#1129,#1130));
#3228=EDGE_LOOP('',(#1131,#1132,#1133,#1134));
#3229=EDGE_LOOP('',(#1135,#1136,#1137,#1138));
#3230=EDGE_LOOP('',(#1139,#1140,#1141,#1142));
#3231=EDGE_LOOP('',(#1143,#1144,#1145,#1146));
#3232=EDGE_LOOP('',(#1147,#1148,#1149,#1150));
#3233=EDGE_LOOP('',(#1151,#1152,#1153,#1154,#1155));
#3234=EDGE_LOOP('',(#1156,#1157,#1158,#1159,#1160));
#3235=EDGE_LOOP('',(#1161,#1162,#1163,#1164));
#3236=EDGE_LOOP('',(#1165,#1166,#1167,#1168));
#3237=EDGE_LOOP('',(#1169,#1170,#1171,#1172));
#3238=EDGE_LOOP('',(#1173,#1174,#1175,#1176));
#3239=EDGE_LOOP('',(#1177,#1178,#1179,#1180));
#3240=EDGE_LOOP('',(#1181,#1182,#1183,#1184));
#3241=EDGE_LOOP('',(#1185,#1186,#1187,#1188));
#3242=EDGE_LOOP('',(#1189,#1190,#1191,#1192));
#3243=EDGE_LOOP('',(#1193,#1194,#1195,#1196));
#3244=EDGE_LOOP('',(#1197,#1198,#1199,#1200));
#3245=EDGE_LOOP('',(#1201,#1202,#1203,#1204));
#3246=EDGE_LOOP('',(#1205,#1206,#1207,#1208,#1209,#1210,#1211));
#3247=EDGE_LOOP('',(#1212,#1213,#1214,#1215));
#3248=EDGE_LOOP('',(#1216,#1217,#1218,#1219));
#3249=EDGE_LOOP('',(#1220,#1221,#1222,#1223));
#3250=EDGE_LOOP('',(#1224,#1225,#1226,#1227));
#3251=EDGE_LOOP('',(#1228,#1229,#1230,#1231,#1232,#1233,#1234));
#3252=EDGE_LOOP('',(#1235,#1236,#1237,#1238));
#3253=EDGE_LOOP('',(#1239,#1240,#1241,#1242));
#3254=EDGE_LOOP('',(#1243,#1244,#1245,#1246));
#3255=EDGE_LOOP('',(#1247,#1248,#1249,#1250));
#3256=EDGE_LOOP('',(#1251,#1252,#1253,#1254));
#3257=EDGE_LOOP('',(#1255,#1256,#1257,#1258));
#3258=EDGE_LOOP('',(#1259,#1260,#1261,#1262));
#3259=EDGE_LOOP('',(#1263,#1264,#1265,#1266));
#3260=EDGE_LOOP('',(#1267,#1268,#1269,#1270));
#3261=EDGE_LOOP('',(#1271,#1272,#1273,#1274));
#3262=EDGE_LOOP('',(#1275,#1276,#1277,#1278));
#3263=EDGE_LOOP('',(#1279,#1280,#1281,#1282));
#3264=EDGE_LOOP('',(#1283,#1284,#1285,#1286));
#3265=EDGE_LOOP('',(#1287,#1288,#1289,#1290));
#3266=EDGE_LOOP('',(#1291,#1292,#1293,#1294));
#3267=EDGE_LOOP('',(#1295,#1296,#1297,#1298));
#3268=EDGE_LOOP('',(#1299,#1300,#1301,#1302));
#3269=EDGE_LOOP('',(#1303,#1304,#1305,#1306));
#3270=EDGE_LOOP('',(#1307,#1308,#1309,#1310));
#3271=EDGE_LOOP('',(#1311));
#3272=EDGE_LOOP('',(#1312));
#3273=EDGE_LOOP('',(#1313));
#3274=EDGE_LOOP('',(#1314));
#3275=EDGE_LOOP('',(#1315));
#3276=EDGE_LOOP('',(#1316));
#3277=EDGE_LOOP('',(#1317));
#3278=EDGE_LOOP('',(#1318));
#3279=EDGE_LOOP('',(#1319));
#3280=EDGE_LOOP('',(#1320));
#3281=EDGE_LOOP('',(#1321));
#3282=EDGE_LOOP('',(#1322));
#3283=EDGE_LOOP('',(#1323));
#3284=EDGE_LOOP('',(#1324));
#3285=EDGE_LOOP('',(#1325));
#3286=EDGE_LOOP('',(#1326));
#3287=EDGE_LOOP('',(#1327));
#3288=EDGE_LOOP('',(#1328));
#3289=EDGE_LOOP('',(#1329));
#3290=EDGE_LOOP('',(#1330));
#3291=EDGE_LOOP('',(#1331,#1332,#1333,#1334));
#3292=EDGE_LOOP('',(#1335,#1336,#1337,#1338));
#3293=EDGE_LOOP('',(#1339,#1340,#1341,#1342));
#3294=EDGE_LOOP('',(#1343,#1344,#1345,#1346));
#3295=EDGE_LOOP('',(#1347,#1348,#1349,#1350));
#3296=EDGE_LOOP('',(#1351,#1352,#1353,#1354));
#3297=EDGE_LOOP('',(#1355,#1356,#1357,#1358));
#3298=EDGE_LOOP('',(#1359,#1360,#1361,#1362));
#3299=EDGE_LOOP('',(#1363,#1364,#1365,#1366));
#3300=EDGE_LOOP('',(#1367,#1368,#1369,#1370));
#3301=EDGE_LOOP('',(#1371,#1372,#1373,#1374));
#3302=EDGE_LOOP('',(#1375,#1376,#1377,#1378));
#3303=EDGE_LOOP('',(#1379,#1380,#1381,#1382));
#3304=EDGE_LOOP('',(#1383,#1384,#1385,#1386));
#3305=EDGE_LOOP('',(#1387,#1388,#1389,#1390));
#3306=EDGE_LOOP('',(#1391,#1392,#1393,#1394));
#3307=EDGE_LOOP('',(#1395,#1396,#1397,#1398));
#3308=EDGE_LOOP('',(#1399,#1400,#1401,#1402));
#3309=EDGE_LOOP('',(#1403,#1404,#1405,#1406));
#3310=EDGE_LOOP('',(#1407,#1408,#1409,#1410));
#3311=EDGE_LOOP('',(#1411,#1412,#1413));
#3312=EDGE_LOOP('',(#1414,#1415,#1416,#1417));
#3313=EDGE_LOOP('',(#1418,#1419,#1420));
#3314=EDGE_LOOP('',(#1421,#1422,#1423,#1424));
#3315=EDGE_LOOP('',(#1425,#1426,#1427));
#3316=EDGE_LOOP('',(#1428,#1429,#1430,#1431));
#3317=EDGE_LOOP('',(#1432,#1433,#1434));
#3318=EDGE_LOOP('',(#1435,#1436,#1437,#1438));
#3319=EDGE_LOOP('',(#1439,#1440,#1441,#1442));
#3320=EDGE_LOOP('',(#1443,#1444,#1445,#1446));
#3321=EDGE_LOOP('',(#1447,#1448,#1449));
#3322=EDGE_LOOP('',(#1450,#1451,#1452,#1453));
#3323=EDGE_LOOP('',(#1454,#1455,#1456));
#3324=EDGE_LOOP('',(#1457,#1458,#1459,#1460));
#3325=EDGE_LOOP('',(#1461,#1462,#1463,#1464));
#3326=EDGE_LOOP('',(#1465));
#3327=EDGE_LOOP('',(#1466,#1467,#1468,#1469,#1470,#1471,#1472));
#3328=EDGE_LOOP('',(#1473,#1474,#1475,#1476));
#3329=EDGE_LOOP('',(#1477,#1478,#1479,#1480));
#3330=EDGE_LOOP('',(#1481,#1482,#1483,#1484));
#3331=EDGE_LOOP('',(#1485));
#3332=EDGE_LOOP('',(#1486));
#3333=EDGE_LOOP('',(#1487));
#3334=EDGE_LOOP('',(#1488));
#3335=EDGE_LOOP('',(#1489));
#3336=EDGE_LOOP('',(#1490));
#3337=EDGE_LOOP('',(#1491,#1492,#1493,#1494,#1495));
#3338=EDGE_LOOP('',(#1496,#1497,#1498,#1499));
#3339=EDGE_LOOP('',(#1500,#1501,#1502,#1503));
#3340=EDGE_LOOP('',(#1504,#1505,#1506,#1507));
#3341=EDGE_LOOP('',(#1508,#1509,#1510,#1511));
#3342=EDGE_LOOP('',(#1512,#1513,#1514,#1515));
#3343=EDGE_LOOP('',(#1516,#1517,#1518,#1519));
#3344=EDGE_LOOP('',(#1520,#1521,#1522,#1523));
#3345=EDGE_LOOP('',(#1524,#1525,#1526,#1527));
#3346=EDGE_LOOP('',(#1528,#1529,#1530,#1531));
#3347=EDGE_LOOP('',(#1532));
#3348=EDGE_LOOP('',(#1533,#1534,#1535,#1536,#1537,#1538,#1539));
#3349=EDGE_LOOP('',(#1540,#1541,#1542,#1543));
#3350=EDGE_LOOP('',(#1544));
#3351=EDGE_LOOP('',(#1545));
#3352=EDGE_LOOP('',(#1546));
#3353=EDGE_LOOP('',(#1547));
#3354=EDGE_LOOP('',(#1548));
#3355=EDGE_LOOP('',(#1549));
#3356=EDGE_LOOP('',(#1550,#1551,#1552,#1553));
#3357=EDGE_LOOP('',(#1554,#1555,#1556,#1557));
#3358=EDGE_LOOP('',(#1558,#1559,#1560,#1561));
#3359=EDGE_LOOP('',(#1562,#1563,#1564,#1565,#1566,#1567,#1568,#1569));
#3360=EDGE_LOOP('',(#1570,#1571,#1572,#1573,#1574,#1575,#1576));
#3361=EDGE_LOOP('',(#1577,#1578,#1579,#1580));
#3362=EDGE_LOOP('',(#1581,#1582,#1583,#1584));
#3363=EDGE_LOOP('',(#1585,#1586,#1587,#1588));
#3364=EDGE_LOOP('',(#1589,#1590,#1591,#1592));
#3365=EDGE_LOOP('',(#1593,#1594,#1595,#1596));
#3366=EDGE_LOOP('',(#1597,#1598,#1599,#1600));
#3367=EDGE_LOOP('',(#1601,#1602,#1603,#1604));
#3368=EDGE_LOOP('',(#1605,#1606,#1607,#1608));
#3369=EDGE_LOOP('',(#1609,#1610,#1611,#1612));
#3370=EDGE_LOOP('',(#1613,#1614,#1615,#1616,#1617,#1618,#1619));
#3371=EDGE_LOOP('',(#1620));
#3372=EDGE_LOOP('',(#1621));
#3373=EDGE_LOOP('',(#1622));
#3374=EDGE_LOOP('',(#1623));
#3375=EDGE_LOOP('',(#1624));
#3376=EDGE_LOOP('',(#1625));
#3377=EDGE_LOOP('',(#1626));
#3378=EDGE_LOOP('',(#1627));
#3379=EDGE_LOOP('',(#1628));
#3380=EDGE_LOOP('',(#1629));
#3381=EDGE_LOOP('',(#1630));
#3382=EDGE_LOOP('',(#1631));
#3383=EDGE_LOOP('',(#1632));
#3384=EDGE_LOOP('',(#1633));
#3385=EDGE_LOOP('',(#1634));
#3386=EDGE_LOOP('',(#1635));
#3387=EDGE_LOOP('',(#1636));
#3388=EDGE_LOOP('',(#1637));
#3389=EDGE_LOOP('',(#1638));
#3390=EDGE_LOOP('',(#1639));
#3391=EDGE_LOOP('',(#1640));
#3392=EDGE_LOOP('',(#1641));
#3393=EDGE_LOOP('',(#1642));
#3394=EDGE_LOOP('',(#1643));
#3395=EDGE_LOOP('',(#1644,#1645,#1646,#1647,#1648));
#3396=EDGE_LOOP('',(#1649,#1650,#1651,#1652,#1653,#1654));
#3397=EDGE_LOOP('',(#1655,#1656,#1657));
#3398=EDGE_LOOP('',(#1658));
#3399=EDGE_LOOP('',(#1659));
#3400=EDGE_LOOP('',(#1660));
#3401=EDGE_LOOP('',(#1661));
#3402=EDGE_LOOP('',(#1662));
#3403=EDGE_LOOP('',(#1663));
#3404=EDGE_LOOP('',(#1664));
#3405=EDGE_LOOP('',(#1665));
#3406=EDGE_LOOP('',(#1666,#1667,#1668,#1669));
#3407=EDGE_LOOP('',(#1670,#1671,#1672,#1673));
#3408=EDGE_LOOP('',(#1674,#1675,#1676,#1677));
#3409=EDGE_LOOP('',(#1678,#1679,#1680,#1681));
#3410=EDGE_LOOP('',(#1682,#1683,#1684,#1685,#1686,#1687,#1688,#1689));
#3411=EDGE_LOOP('',(#1690,#1691,#1692,#1693));
#3412=FACE_BOUND('',#3084,.T.);
#3413=FACE_BOUND('',#3085,.T.);
#3414=FACE_BOUND('',#3086,.T.);
#3415=FACE_BOUND('',#3087,.T.);
#3416=FACE_BOUND('',#3088,.T.);
#3417=FACE_BOUND('',#3089,.T.);
#3418=FACE_BOUND('',#3090,.T.);
#3419=FACE_BOUND('',#3091,.T.);
#3420=FACE_BOUND('',#3092,.T.);
#3421=FACE_BOUND('',#3093,.T.);
#3422=FACE_BOUND('',#3094,.T.);
#3423=FACE_BOUND('',#3095,.T.);
#3424=FACE_BOUND('',#3096,.T.);
#3425=FACE_BOUND('',#3097,.T.);
#3426=FACE_BOUND('',#3098,.T.);
#3427=FACE_BOUND('',#3099,.T.);
#3428=FACE_BOUND('',#3100,.T.);
#3429=FACE_BOUND('',#3101,.T.);
#3430=FACE_BOUND('',#3102,.T.);
#3431=FACE_BOUND('',#3103,.T.);
#3432=FACE_BOUND('',#3104,.T.);
#3433=FACE_BOUND('',#3105,.T.);
#3434=FACE_BOUND('',#3106,.T.);
#3435=FACE_BOUND('',#3107,.T.);
#3436=FACE_BOUND('',#3108,.T.);
#3437=FACE_BOUND('',#3109,.T.);
#3438=FACE_BOUND('',#3110,.T.);
#3439=FACE_BOUND('',#3111,.T.);
#3440=FACE_BOUND('',#3112,.T.);
#3441=FACE_BOUND('',#3113,.T.);
#3442=FACE_BOUND('',#3114,.T.);
#3443=FACE_BOUND('',#3115,.T.);
#3444=FACE_BOUND('',#3116,.T.);
#3445=FACE_BOUND('',#3117,.T.);
#3446=FACE_BOUND('',#3118,.T.);
#3447=FACE_BOUND('',#3119,.T.);
#3448=FACE_BOUND('',#3120,.T.);
#3449=FACE_BOUND('',#3121,.T.);
#3450=FACE_BOUND('',#3122,.T.);
#3451=FACE_BOUND('',#3123,.T.);
#3452=FACE_BOUND('',#3124,.T.);
#3453=FACE_BOUND('',#3125,.T.);
#3454=FACE_BOUND('',#3126,.T.);
#3455=FACE_BOUND('',#3127,.T.);
#3456=FACE_BOUND('',#3128,.T.);
#3457=FACE_BOUND('',#3129,.T.);
#3458=FACE_BOUND('',#3130,.T.);
#3459=FACE_BOUND('',#3131,.T.);
#3460=FACE_BOUND('',#3132,.T.);
#3461=FACE_BOUND('',#3133,.T.);
#3462=FACE_BOUND('',#3134,.T.);
#3463=FACE_BOUND('',#3135,.T.);
#3464=FACE_BOUND('',#3136,.T.);
#3465=FACE_BOUND('',#3137,.T.);
#3466=FACE_BOUND('',#3138,.T.);
#3467=FACE_BOUND('',#3139,.T.);
#3468=FACE_BOUND('',#3140,.T.);
#3469=FACE_BOUND('',#3141,.T.);
#3470=FACE_BOUND('',#3142,.T.);
#3471=FACE_BOUND('',#3143,.T.);
#3472=FACE_BOUND('',#3144,.T.);
#3473=FACE_BOUND('',#3145,.T.);
#3474=FACE_BOUND('',#3146,.T.);
#3475=FACE_BOUND('',#3147,.T.);
#3476=FACE_BOUND('',#3148,.T.);
#3477=FACE_BOUND('',#3149,.T.);
#3478=FACE_BOUND('',#3150,.T.);
#3479=FACE_BOUND('',#3151,.T.);
#3480=FACE_BOUND('',#3152,.T.);
#3481=FACE_BOUND('',#3153,.T.);
#3482=FACE_BOUND('',#3154,.T.);
#3483=FACE_BOUND('',#3155,.T.);
#3484=FACE_BOUND('',#3156,.T.);
#3485=FACE_BOUND('',#3157,.T.);
#3486=FACE_BOUND('',#3158,.T.);
#3487=FACE_BOUND('',#3159,.T.);
#3488=FACE_BOUND('',#3160,.T.);
#3489=FACE_BOUND('',#3161,.T.);
#3490=FACE_BOUND('',#3162,.T.);
#3491=FACE_BOUND('',#3163,.T.);
#3492=FACE_BOUND('',#3164,.T.);
#3493=FACE_BOUND('',#3165,.T.);
#3494=FACE_BOUND('',#3166,.T.);
#3495=FACE_BOUND('',#3167,.T.);
#3496=FACE_BOUND('',#3168,.T.);
#3497=FACE_BOUND('',#3169,.T.);
#3498=FACE_BOUND('',#3170,.T.);
#3499=FACE_BOUND('',#3171,.T.);
#3500=FACE_BOUND('',#3172,.T.);
#3501=FACE_BOUND('',#3173,.T.);
#3502=FACE_BOUND('',#3174,.T.);
#3503=FACE_BOUND('',#3175,.T.);
#3504=FACE_BOUND('',#3176,.T.);
#3505=FACE_BOUND('',#3177,.T.);
#3506=FACE_BOUND('',#3178,.T.);
#3507=FACE_BOUND('',#3179,.T.);
#3508=FACE_BOUND('',#3180,.T.);
#3509=FACE_BOUND('',#3181,.T.);
#3510=FACE_BOUND('',#3182,.T.);
#3511=FACE_BOUND('',#3183,.T.);
#3512=FACE_BOUND('',#3184,.T.);
#3513=FACE_BOUND('',#3185,.T.);
#3514=FACE_BOUND('',#3186,.T.);
#3515=FACE_BOUND('',#3187,.T.);
#3516=FACE_BOUND('',#3188,.T.);
#3517=FACE_BOUND('',#3189,.T.);
#3518=FACE_BOUND('',#3190,.T.);
#3519=FACE_BOUND('',#3191,.T.);
#3520=FACE_BOUND('',#3192,.T.);
#3521=FACE_BOUND('',#3193,.T.);
#3522=FACE_BOUND('',#3194,.T.);
#3523=FACE_BOUND('',#3195,.T.);
#3524=FACE_BOUND('',#3196,.T.);
#3525=FACE_BOUND('',#3197,.T.);
#3526=FACE_BOUND('',#3198,.T.);
#3527=FACE_BOUND('',#3199,.T.);
#3528=FACE_BOUND('',#3200,.T.);
#3529=FACE_BOUND('',#3201,.T.);
#3530=FACE_BOUND('',#3202,.T.);
#3531=FACE_BOUND('',#3203,.T.);
#3532=FACE_BOUND('',#3204,.T.);
#3533=FACE_BOUND('',#3205,.T.);
#3534=FACE_BOUND('',#3206,.T.);
#3535=FACE_BOUND('',#3207,.T.);
#3536=FACE_BOUND('',#3208,.T.);
#3537=FACE_BOUND('',#3209,.T.);
#3538=FACE_BOUND('',#3210,.T.);
#3539=FACE_BOUND('',#3211,.T.);
#3540=FACE_BOUND('',#3212,.T.);
#3541=FACE_BOUND('',#3213,.T.);
#3542=FACE_BOUND('',#3214,.T.);
#3543=FACE_BOUND('',#3215,.T.);
#3544=FACE_BOUND('',#3216,.T.);
#3545=FACE_BOUND('',#3217,.T.);
#3546=FACE_BOUND('',#3218,.T.);
#3547=FACE_BOUND('',#3219,.T.);
#3548=FACE_BOUND('',#3220,.T.);
#3549=FACE_BOUND('',#3221,.T.);
#3550=FACE_BOUND('',#3222,.T.);
#3551=FACE_BOUND('',#3223,.T.);
#3552=FACE_BOUND('',#3224,.T.);
#3553=FACE_BOUND('',#3225,.T.);
#3554=FACE_BOUND('',#3226,.T.);
#3555=FACE_BOUND('',#3227,.T.);
#3556=FACE_BOUND('',#3228,.T.);
#3557=FACE_BOUND('',#3229,.T.);
#3558=FACE_BOUND('',#3230,.T.);
#3559=FACE_BOUND('',#3231,.T.);
#3560=FACE_BOUND('',#3232,.T.);
#3561=FACE_BOUND('',#3233,.T.);
#3562=FACE_BOUND('',#3234,.T.);
#3563=FACE_BOUND('',#3235,.T.);
#3564=FACE_BOUND('',#3236,.T.);
#3565=FACE_BOUND('',#3237,.T.);
#3566=FACE_BOUND('',#3238,.T.);
#3567=FACE_BOUND('',#3239,.T.);
#3568=FACE_BOUND('',#3240,.T.);
#3569=FACE_BOUND('',#3241,.T.);
#3570=FACE_BOUND('',#3242,.T.);
#3571=FACE_BOUND('',#3243,.T.);
#3572=FACE_BOUND('',#3244,.T.);
#3573=FACE_BOUND('',#3245,.T.);
#3574=FACE_BOUND('',#3246,.T.);
#3575=FACE_BOUND('',#3247,.T.);
#3576=FACE_BOUND('',#3248,.T.);
#3577=FACE_BOUND('',#3249,.T.);
#3578=FACE_BOUND('',#3250,.T.);
#3579=FACE_BOUND('',#3251,.T.);
#3580=FACE_BOUND('',#3252,.T.);
#3581=FACE_BOUND('',#3253,.T.);
#3582=FACE_BOUND('',#3254,.T.);
#3583=FACE_BOUND('',#3255,.T.);
#3584=FACE_BOUND('',#3256,.T.);
#3585=FACE_BOUND('',#3257,.T.);
#3586=FACE_BOUND('',#3258,.T.);
#3587=FACE_BOUND('',#3259,.T.);
#3588=FACE_BOUND('',#3260,.T.);
#3589=FACE_BOUND('',#3261,.T.);
#3590=FACE_BOUND('',#3262,.T.);
#3591=FACE_BOUND('',#3263,.T.);
#3592=FACE_BOUND('',#3264,.T.);
#3593=FACE_BOUND('',#3265,.T.);
#3594=FACE_BOUND('',#3266,.T.);
#3595=FACE_BOUND('',#3267,.T.);
#3596=FACE_BOUND('',#3268,.T.);
#3597=FACE_BOUND('',#3269,.T.);
#3598=FACE_BOUND('',#3270,.T.);
#3599=FACE_BOUND('',#3271,.T.);
#3600=FACE_BOUND('',#3272,.T.);
#3601=FACE_BOUND('',#3273,.T.);
#3602=FACE_BOUND('',#3274,.T.);
#3603=FACE_BOUND('',#3275,.T.);
#3604=FACE_BOUND('',#3276,.T.);
#3605=FACE_BOUND('',#3277,.T.);
#3606=FACE_BOUND('',#3278,.T.);
#3607=FACE_BOUND('',#3279,.T.);
#3608=FACE_BOUND('',#3280,.T.);
#3609=FACE_BOUND('',#3281,.T.);
#3610=FACE_BOUND('',#3282,.T.);
#3611=FACE_BOUND('',#3283,.T.);
#3612=FACE_BOUND('',#3284,.T.);
#3613=FACE_BOUND('',#3285,.T.);
#3614=FACE_BOUND('',#3286,.T.);
#3615=FACE_BOUND('',#3287,.T.);
#3616=FACE_BOUND('',#3288,.T.);
#3617=FACE_BOUND('',#3289,.T.);
#3618=FACE_BOUND('',#3290,.T.);
#3619=FACE_BOUND('',#3291,.T.);
#3620=FACE_BOUND('',#3292,.T.);
#3621=FACE_BOUND('',#3293,.T.);
#3622=FACE_BOUND('',#3294,.T.);
#3623=FACE_BOUND('',#3295,.T.);
#3624=FACE_BOUND('',#3296,.T.);
#3625=FACE_BOUND('',#3297,.T.);
#3626=FACE_BOUND('',#3298,.T.);
#3627=FACE_BOUND('',#3299,.T.);
#3628=FACE_BOUND('',#3300,.T.);
#3629=FACE_BOUND('',#3301,.T.);
#3630=FACE_BOUND('',#3302,.T.);
#3631=FACE_BOUND('',#3303,.T.);
#3632=FACE_BOUND('',#3304,.T.);
#3633=FACE_BOUND('',#3305,.T.);
#3634=FACE_BOUND('',#3306,.T.);
#3635=FACE_BOUND('',#3307,.T.);
#3636=FACE_BOUND('',#3308,.T.);
#3637=FACE_BOUND('',#3309,.T.);
#3638=FACE_BOUND('',#3310,.T.);
#3639=FACE_BOUND('',#3311,.T.);
#3640=FACE_BOUND('',#3312,.T.);
#3641=FACE_BOUND('',#3313,.T.);
#3642=FACE_BOUND('',#3314,.T.);
#3643=FACE_BOUND('',#3315,.T.);
#3644=FACE_BOUND('',#3316,.T.);
#3645=FACE_BOUND('',#3317,.T.);
#3646=FACE_BOUND('',#3318,.T.);
#3647=FACE_BOUND('',#3319,.T.);
#3648=FACE_BOUND('',#3320,.T.);
#3649=FACE_BOUND('',#3321,.T.);
#3650=FACE_BOUND('',#3322,.T.);
#3651=FACE_BOUND('',#3323,.T.);
#3652=FACE_BOUND('',#3324,.T.);
#3653=FACE_BOUND('',#3325,.T.);
#3654=FACE_BOUND('',#3326,.T.);
#3655=FACE_BOUND('',#3327,.T.);
#3656=FACE_BOUND('',#3328,.T.);
#3657=FACE_BOUND('',#3329,.T.);
#3658=FACE_BOUND('',#3330,.T.);
#3659=FACE_BOUND('',#3331,.T.);
#3660=FACE_BOUND('',#3332,.T.);
#3661=FACE_BOUND('',#3333,.T.);
#3662=FACE_BOUND('',#3334,.T.);
#3663=FACE_BOUND('',#3335,.T.);
#3664=FACE_BOUND('',#3336,.T.);
#3665=FACE_BOUND('',#3337,.T.);
#3666=FACE_BOUND('',#3338,.T.);
#3667=FACE_BOUND('',#3339,.T.);
#3668=FACE_BOUND('',#3340,.T.);
#3669=FACE_BOUND('',#3341,.T.);
#3670=FACE_BOUND('',#3342,.T.);
#3671=FACE_BOUND('',#3343,.T.);
#3672=FACE_BOUND('',#3344,.T.);
#3673=FACE_BOUND('',#3345,.T.);
#3674=FACE_BOUND('',#3346,.T.);
#3675=FACE_BOUND('',#3347,.T.);
#3676=FACE_BOUND('',#3348,.T.);
#3677=FACE_BOUND('',#3349,.T.);
#3678=FACE_BOUND('',#3350,.T.);
#3679=FACE_BOUND('',#3351,.T.);
#3680=FACE_BOUND('',#3352,.T.);
#3681=FACE_BOUND('',#3353,.T.);
#3682=FACE_BOUND('',#3354,.T.);
#3683=FACE_BOUND('',#3355,.T.);
#3684=FACE_BOUND('',#3356,.T.);
#3685=FACE_BOUND('',#3357,.T.);
#3686=FACE_BOUND('',#3358,.T.);
#3687=FACE_BOUND('',#3359,.T.);
#3688=FACE_BOUND('',#3360,.T.);
#3689=FACE_BOUND('',#3361,.T.);
#3690=FACE_BOUND('',#3362,.T.);
#3691=FACE_BOUND('',#3363,.T.);
#3692=FACE_BOUND('',#3364,.T.);
#3693=FACE_BOUND('',#3365,.T.);
#3694=FACE_BOUND('',#3366,.T.);
#3695=FACE_BOUND('',#3367,.T.);
#3696=FACE_BOUND('',#3368,.T.);
#3697=FACE_BOUND('',#3369,.T.);
#3698=FACE_BOUND('',#3370,.T.);
#3699=FACE_BOUND('',#3371,.T.);
#3700=FACE_BOUND('',#3372,.T.);
#3701=FACE_BOUND('',#3373,.T.);
#3702=FACE_BOUND('',#3374,.T.);
#3703=FACE_BOUND('',#3375,.T.);
#3704=FACE_BOUND('',#3376,.T.);
#3705=FACE_BOUND('',#3377,.T.);
#3706=FACE_BOUND('',#3378,.T.);
#3707=FACE_BOUND('',#3379,.T.);
#3708=FACE_BOUND('',#3380,.T.);
#3709=FACE_BOUND('',#3381,.T.);
#3710=FACE_BOUND('',#3382,.T.);
#3711=FACE_BOUND('',#3383,.T.);
#3712=FACE_BOUND('',#3384,.T.);
#3713=FACE_BOUND('',#3385,.T.);
#3714=FACE_BOUND('',#3386,.T.);
#3715=FACE_BOUND('',#3387,.T.);
#3716=FACE_BOUND('',#3388,.T.);
#3717=FACE_BOUND('',#3389,.T.);
#3718=FACE_BOUND('',#3390,.T.);
#3719=FACE_BOUND('',#3391,.T.);
#3720=FACE_BOUND('',#3392,.T.);
#3721=FACE_BOUND('',#3393,.T.);
#3722=FACE_BOUND('',#3394,.T.);
#3723=FACE_BOUND('',#3395,.T.);
#3724=FACE_BOUND('',#3396,.T.);
#3725=FACE_BOUND('',#3397,.T.);
#3726=FACE_BOUND('',#3398,.T.);
#3727=FACE_BOUND('',#3399,.T.);
#3728=FACE_BOUND('',#3400,.T.);
#3729=FACE_BOUND('',#3401,.T.);
#3730=FACE_BOUND('',#3402,.T.);
#3731=FACE_BOUND('',#3403,.T.);
#3732=FACE_BOUND('',#3404,.T.);
#3733=FACE_BOUND('',#3405,.T.);
#3734=FACE_BOUND('',#3406,.T.);
#3735=FACE_BOUND('',#3407,.T.);
#3736=FACE_BOUND('',#3408,.T.);
#3737=FACE_BOUND('',#3409,.T.);
#3738=FACE_BOUND('',#3410,.T.);
#3739=FACE_BOUND('',#3411,.T.);
#3740=CYLINDRICAL_SURFACE('',#4107,3.7);
#3741=CYLINDRICAL_SURFACE('',#4111,3.7);
#3742=CYLINDRICAL_SURFACE('',#4115,3.7);
#3743=CYLINDRICAL_SURFACE('',#4119,3.7);
#3744=CYLINDRICAL_SURFACE('',#4135,3.);
#3745=CYLINDRICAL_SURFACE('',#4175,15.);
#3746=CYLINDRICAL_SURFACE('',#4179,15.);
#3747=CYLINDRICAL_SURFACE('',#4246,9.9);
#3748=CYLINDRICAL_SURFACE('',#4249,13.);
#3749=CYLINDRICAL_SURFACE('',#4253,4.);
#3750=CYLINDRICAL_SURFACE('',#4256,13.);
#3751=CYLINDRICAL_SURFACE('',#4260,13.);
#3752=CYLINDRICAL_SURFACE('',#4264,4.);
#3753=CYLINDRICAL_SURFACE('',#4267,13.);
#3754=CYLINDRICAL_SURFACE('',#4271,13.);
#3755=CYLINDRICAL_SURFACE('',#4275,4.);
#3756=CYLINDRICAL_SURFACE('',#4278,13.);
#3757=CYLINDRICAL_SURFACE('',#4282,13.);
#3758=CYLINDRICAL_SURFACE('',#4286,4.);
#3759=CYLINDRICAL_SURFACE('',#4289,13.);
#3760=CYLINDRICAL_SURFACE('',#4305,13.);
#3761=CYLINDRICAL_SURFACE('',#4308,4.);
#3762=CYLINDRICAL_SURFACE('',#4311,13.);
#3763=CYLINDRICAL_SURFACE('',#4314,0.8);
#3764=CYLINDRICAL_SURFACE('',#4315,0.8);
#3765=CYLINDRICAL_SURFACE('',#4316,0.8);
#3766=CYLINDRICAL_SURFACE('',#4317,0.8);
#3767=CYLINDRICAL_SURFACE('',#4346,1.6);
#3768=CYLINDRICAL_SURFACE('',#4348,1.6);
#3769=CYLINDRICAL_SURFACE('',#4350,1.6);
#3770=CYLINDRICAL_SURFACE('',#4352,1.6);
#3771=CYLINDRICAL_SURFACE('',#4354,1.6);
#3772=CYLINDRICAL_SURFACE('',#4356,9.9);
#3773=CYLINDRICAL_SURFACE('',#4358,22.1);
#3774=CYLINDRICAL_SURFACE('',#4360,16.1);
#3775=CYLINDRICAL_SURFACE('',#4365,16.1);
#3776=CYLINDRICAL_SURFACE('',#4367,22.1);
#3777=CYLINDRICAL_SURFACE('',#4372,15.);
#3778=CYLINDRICAL_SURFACE('',#4379,20.);
#3779=CYLINDRICAL_SURFACE('',#4382,12.);
#3780=CYLINDRICAL_SURFACE('',#4385,12.);
#3781=CYLINDRICAL_SURFACE('',#4388,2.3);
#3782=CYLINDRICAL_SURFACE('',#4391,2.3);
#3783=CYLINDRICAL_SURFACE('',#4394,2.3);
#3784=CYLINDRICAL_SURFACE('',#4397,2.3);
#3785=CYLINDRICAL_SURFACE('',#4401,1.8);
#3786=CYLINDRICAL_SURFACE('',#4404,1.8);
#3787=CYLINDRICAL_SURFACE('',#4407,1.8);
#3788=CYLINDRICAL_SURFACE('',#4410,1.8);
#3789=CYLINDRICAL_SURFACE('',#4413,3.);
#3790=CYLINDRICAL_SURFACE('',#4418,3.);
#3791=CYLINDRICAL_SURFACE('',#4420,3.);
#3792=CYLINDRICAL_SURFACE('',#4424,3.);
#3793=CYLINDRICAL_SURFACE('',#4427,3.);
#3794=CYLINDRICAL_SURFACE('',#4434,3.);
#3795=CYLINDRICAL_SURFACE('',#4438,3.);
#3796=CYLINDRICAL_SURFACE('',#4443,3.);
#3797=CYLINDRICAL_SURFACE('',#4471,2.);
#3798=CYLINDRICAL_SURFACE('',#4474,2.);
#3799=CYLINDRICAL_SURFACE('',#4477,2.);
#3800=CYLINDRICAL_SURFACE('',#4480,2.);
#3801=CYLINDRICAL_SURFACE('',#4483,2.);
#3802=CYLINDRICAL_SURFACE('',#4484,3.99999999999998);
#3803=CYLINDRICAL_SURFACE('',#4489,4.);
#3804=CYLINDRICAL_SURFACE('',#4491,4.);
#3805=CYLINDRICAL_SURFACE('',#4493,4.);
#3806=CYLINDRICAL_SURFACE('',#4495,3.99999999999091);
#3807=CYLINDRICAL_SURFACE('',#4510,0.499999999999999);
#3808=CYLINDRICAL_SURFACE('',#4512,0.499999999999999);
#3809=CYLINDRICAL_SURFACE('',#4514,0.499999999999999);
#3810=CYLINDRICAL_SURFACE('',#4516,0.499999999999999);
#3811=CYLINDRICAL_SURFACE('',#4517,5.);
#3812=CYLINDRICAL_SURFACE('',#4520,5.);
#3813=CYLINDRICAL_SURFACE('',#4529,8.);
#3814=CYLINDRICAL_SURFACE('',#4532,4.);
#3815=CYLINDRICAL_SURFACE('',#4535,4.);
#3816=CYLINDRICAL_SURFACE('',#4538,1.6);
#3817=CYLINDRICAL_SURFACE('',#4540,2.);
#3818=CYLINDRICAL_SURFACE('',#4547,1.);
#3819=CYLINDRICAL_SURFACE('',#4551,1.);
#3820=CYLINDRICAL_SURFACE('',#4563,1.6);
#3821=CYLINDRICAL_SURFACE('',#4565,2.);
#3822=CYLINDRICAL_SURFACE('',#4568,8.);
#3823=CYLINDRICAL_SURFACE('',#4571,4.);
#3824=CYLINDRICAL_SURFACE('',#4574,4.);
#3825=CYLINDRICAL_SURFACE('',#4577,4.);
#3826=CYLINDRICAL_SURFACE('',#4583,1.);
#3827=CYLINDRICAL_SURFACE('',#4587,1.);
#3828=CYLINDRICAL_SURFACE('',#4594,1.6);
#3829=CYLINDRICAL_SURFACE('',#4597,1.6);
#3830=CYLINDRICAL_SURFACE('',#4602,3.);
#3831=CYLINDRICAL_SURFACE('',#4606,3.);
#3832=CYLINDRICAL_SURFACE('',#4610,2.);
#3833=CYLINDRICAL_SURFACE('',#4613,2.);
#3834=CYLINDRICAL_SURFACE('',#4618,1.65);
#3835=CYLINDRICAL_SURFACE('',#4619,1.65);
#3836=CYLINDRICAL_SURFACE('',#4620,1.65);
#3837=CYLINDRICAL_SURFACE('',#4621,1.65);
#3838=ADVANCED_FACE('',(#3412),#3740,.F.);
#3839=ADVANCED_FACE('',(#3413),#186,.T.);
#3840=ADVANCED_FACE('',(#3414),#3741,.F.);
#3841=ADVANCED_FACE('',(#3415),#187,.T.);
#3842=ADVANCED_FACE('',(#3416),#3742,.F.);
#3843=ADVANCED_FACE('',(#3417),#188,.T.);
#3844=ADVANCED_FACE('',(#3418),#3743,.F.);
#3845=ADVANCED_FACE('',(#3419),#189,.T.);
#3846=ADVANCED_FACE('',(#3420,#3421),#157,.F.);
#3847=ADVANCED_FACE('',(#3422,#3423),#158,.F.);
#3848=ADVANCED_FACE('',(#3424,#3425),#159,.F.);
#3849=ADVANCED_FACE('',(#3426,#3427),#160,.F.);
#3850=ADVANCED_FACE('',(#3428),#3744,.T.);
#3851=ADVANCED_FACE('',(#3429),#190,.F.);
#3852=ADVANCED_FACE('',(#3430),#191,.F.);
#3853=ADVANCED_FACE('',(#3431),#93,.T.);
#3854=ADVANCED_FACE('',(#3432,#3433,#3434,#3435,#3436,#3437,#3438,#3439),
#192,.F.);
#3855=ADVANCED_FACE('',(#3440),#3745,.F.);
#3856=ADVANCED_FACE('',(#3441),#51,.T.);
#3857=ADVANCED_FACE('',(#3442),#3746,.F.);
#3858=ADVANCED_FACE('',(#3443),#193,.T.);
#3859=ADVANCED_FACE('',(#3444),#194,.T.);
#3860=ADVANCED_FACE('',(#3445),#22,.T.);
#3861=ADVANCED_FACE('',(#3446),#23,.T.);
#3862=ADVANCED_FACE('',(#3447),#24,.T.);
#3863=ADVANCED_FACE('',(#3448),#25,.T.);
#3864=ADVANCED_FACE('',(#3449),#26,.T.);
#3865=ADVANCED_FACE('',(#3450),#27,.T.);
#3866=ADVANCED_FACE('',(#3451,#3452,#3453,#3454,#3455,#3456),#195,.T.);
#3867=ADVANCED_FACE('',(#3457,#3458,#3459,#3460,#3461,#3462),#196,.T.);
#3868=ADVANCED_FACE('',(#3463,#3464),#197,.T.);
#3869=ADVANCED_FACE('',(#3465),#198,.F.);
#3870=ADVANCED_FACE('',(#3466),#199,.F.);
#3871=ADVANCED_FACE('',(#3467),#200,.F.);
#3872=ADVANCED_FACE('',(#3468),#201,.F.);
#3873=ADVANCED_FACE('',(#3469),#3747,.T.);
#3874=ADVANCED_FACE('',(#3470),#202,.F.);
#3875=ADVANCED_FACE('',(#3471),#3748,.F.);
#3876=ADVANCED_FACE('',(#3472),#3749,.T.);
#3877=ADVANCED_FACE('',(#3473),#3750,.F.);
#3878=ADVANCED_FACE('',(#3474),#203,.F.);
#3879=ADVANCED_FACE('',(#3475),#3751,.F.);
#3880=ADVANCED_FACE('',(#3476),#3752,.T.);
#3881=ADVANCED_FACE('',(#3477),#3753,.F.);
#3882=ADVANCED_FACE('',(#3478),#204,.F.);
#3883=ADVANCED_FACE('',(#3479),#3754,.F.);
#3884=ADVANCED_FACE('',(#3480),#3755,.T.);
#3885=ADVANCED_FACE('',(#3481),#3756,.F.);
#3886=ADVANCED_FACE('',(#3482),#205,.F.);
#3887=ADVANCED_FACE('',(#3483),#3757,.F.);
#3888=ADVANCED_FACE('',(#3484),#3758,.T.);
#3889=ADVANCED_FACE('',(#3485),#3759,.F.);
#3890=ADVANCED_FACE('',(#3486),#206,.F.);
#3891=ADVANCED_FACE('',(#3487),#207,.F.);
#3892=ADVANCED_FACE('',(#3488),#3760,.F.);
#3893=ADVANCED_FACE('',(#3489),#3761,.T.);
#3894=ADVANCED_FACE('',(#3490),#3762,.F.);
#3895=ADVANCED_FACE('',(#3491),#3763,.F.);
#3896=ADVANCED_FACE('',(#3492),#3764,.F.);
#3897=ADVANCED_FACE('',(#3493),#3765,.F.);
#3898=ADVANCED_FACE('',(#3494),#3766,.F.);
#3899=ADVANCED_FACE('',(#3495),#208,.T.);
#3900=ADVANCED_FACE('',(#3496),#209,.T.);
#3901=ADVANCED_FACE('',(#3497),#210,.T.);
#3902=ADVANCED_FACE('',(#3498,#3499),#211,.T.);
#3903=ADVANCED_FACE('',(#3500,#3501),#212,.T.);
#3904=ADVANCED_FACE('',(#3502,#3503),#213,.T.);
#3905=ADVANCED_FACE('',(#3504,#3505),#214,.T.);
#3906=ADVANCED_FACE('',(#3506,#3507),#215,.T.);
#3907=ADVANCED_FACE('',(#3508,#3509),#3767,.F.);
#3908=ADVANCED_FACE('',(#3510,#3511),#3768,.F.);
#3909=ADVANCED_FACE('',(#3512,#3513),#3769,.F.);
#3910=ADVANCED_FACE('',(#3514,#3515),#3770,.F.);
#3911=ADVANCED_FACE('',(#3516,#3517),#3771,.F.);
#3912=ADVANCED_FACE('',(#3518),#3772,.T.);
#3913=ADVANCED_FACE('',(#3519),#3773,.T.);
#3914=ADVANCED_FACE('',(#3520),#3774,.F.);
#3915=ADVANCED_FACE('',(#3521,#3522,#3523),#216,.F.);
#3916=ADVANCED_FACE('',(#3524),#3775,.F.);
#3917=ADVANCED_FACE('',(#3525),#3776,.T.);
#3918=ADVANCED_FACE('',(#3526,#3527,#3528),#217,.F.);
#3919=ADVANCED_FACE('',(#3529),#3777,.F.);
#3920=ADVANCED_FACE('',(#3530),#52,.T.);
#3921=ADVANCED_FACE('',(#3531),#53,.T.);
#3922=ADVANCED_FACE('',(#3532),#3778,.T.);
#3923=ADVANCED_FACE('',(#3533),#54,.T.);
#3924=ADVANCED_FACE('',(#3534),#55,.T.);
#3925=ADVANCED_FACE('',(#3535),#3779,.T.);
#3926=ADVANCED_FACE('',(#3536),#56,.F.);
#3927=ADVANCED_FACE('',(#3537),#57,.F.);
#3928=ADVANCED_FACE('',(#3538),#3780,.F.);
#3929=ADVANCED_FACE('',(#3539),#58,.F.);
#3930=ADVANCED_FACE('',(#3540),#59,.F.);
#3931=ADVANCED_FACE('',(#3541),#3781,.T.);
#3932=ADVANCED_FACE('',(#3542),#218,.F.);
#3933=ADVANCED_FACE('',(#3543),#3782,.T.);
#3934=ADVANCED_FACE('',(#3544),#219,.F.);
#3935=ADVANCED_FACE('',(#3545),#3783,.T.);
#3936=ADVANCED_FACE('',(#3546),#220,.F.);
#3937=ADVANCED_FACE('',(#3547),#3784,.T.);
#3938=ADVANCED_FACE('',(#3548),#221,.F.);
#3939=ADVANCED_FACE('',(#3549,#3550),#222,.F.);
#3940=ADVANCED_FACE('',(#3551),#3785,.T.);
#3941=ADVANCED_FACE('',(#3552),#3786,.T.);
#3942=ADVANCED_FACE('',(#3553),#3787,.T.);
#3943=ADVANCED_FACE('',(#3554),#3788,.T.);
#3944=ADVANCED_FACE('',(#3555),#3789,.T.);
#3945=ADVANCED_FACE('',(#3556),#28,.T.);
#3946=ADVANCED_FACE('',(#3557),#29,.T.);
#3947=ADVANCED_FACE('',(#3558),#3790,.T.);
#3948=ADVANCED_FACE('',(#3559),#3791,.T.);
#3949=ADVANCED_FACE('',(#3560),#30,.T.);
#3950=ADVANCED_FACE('',(#3561),#60,.T.);
#3951=ADVANCED_FACE('',(#3562),#3792,.T.);
#3952=ADVANCED_FACE('',(#3563),#31,.T.);
#3953=ADVANCED_FACE('',(#3564),#3793,.T.);
#3954=ADVANCED_FACE('',(#3565),#32,.T.);
#3955=ADVANCED_FACE('',(#3566),#33,.T.);
#3956=ADVANCED_FACE('',(#3567),#34,.T.);
#3957=ADVANCED_FACE('',(#3568),#3794,.T.);
#3958=ADVANCED_FACE('',(#3569),#35,.T.);
#3959=ADVANCED_FACE('',(#3570),#36,.T.);
#3960=ADVANCED_FACE('',(#3571),#3795,.T.);
#3961=ADVANCED_FACE('',(#3572),#37,.T.);
#3962=ADVANCED_FACE('',(#3573),#61,.T.);
#3963=ADVANCED_FACE('',(#3574),#3796,.T.);
#3964=ADVANCED_FACE('',(#3575),#161,.F.);
#3965=ADVANCED_FACE('',(#3576),#162,.T.);
#3966=ADVANCED_FACE('',(#3577),#163,.F.);
#3967=ADVANCED_FACE('',(#3578),#223,.F.);
#3968=ADVANCED_FACE('',(#3579),#224,.F.);
#3969=ADVANCED_FACE('',(#3580),#164,.F.);
#3970=ADVANCED_FACE('',(#3581),#165,.T.);
#3971=ADVANCED_FACE('',(#3582),#166,.T.);
#3972=ADVANCED_FACE('',(#3583),#167,.F.);
#3973=ADVANCED_FACE('',(#3584),#168,.F.);
#3974=ADVANCED_FACE('',(#3585),#225,.F.);
#3975=ADVANCED_FACE('',(#3586),#169,.F.);
#3976=ADVANCED_FACE('',(#3587),#170,.T.);
#3977=ADVANCED_FACE('',(#3588),#171,.F.);
#3978=ADVANCED_FACE('',(#3589),#226,.F.);
#3979=ADVANCED_FACE('',(#3590),#172,.F.);
#3980=ADVANCED_FACE('',(#3591),#173,.T.);
#3981=ADVANCED_FACE('',(#3592),#174,.F.);
#3982=ADVANCED_FACE('',(#3593),#227,.F.);
#3983=ADVANCED_FACE('',(#3594),#175,.F.);
#3984=ADVANCED_FACE('',(#3595),#176,.T.);
#3985=ADVANCED_FACE('',(#3596),#177,.F.);
#3986=ADVANCED_FACE('',(#3597),#178,.F.);
#3987=ADVANCED_FACE('',(#3598),#179,.T.);
#3988=ADVANCED_FACE('',(#3599,#3600),#228,.F.);
#3989=ADVANCED_FACE('',(#3601,#3602),#3797,.F.);
#3990=ADVANCED_FACE('',(#3603,#3604),#229,.F.);
#3991=ADVANCED_FACE('',(#3605,#3606),#3798,.F.);
#3992=ADVANCED_FACE('',(#3607,#3608),#230,.F.);
#3993=ADVANCED_FACE('',(#3609,#3610),#3799,.F.);
#3994=ADVANCED_FACE('',(#3611,#3612),#231,.F.);
#3995=ADVANCED_FACE('',(#3613,#3614),#3800,.F.);
#3996=ADVANCED_FACE('',(#3615,#3616),#232,.F.);
#3997=ADVANCED_FACE('',(#3617,#3618),#3801,.F.);
#3998=ADVANCED_FACE('',(#3619),#3802,.F.);
#3999=ADVANCED_FACE('',(#3620),#62,.T.);
#4000=ADVANCED_FACE('',(#3621),#38,.T.);
#4001=ADVANCED_FACE('',(#3622),#63,.T.);
#4002=ADVANCED_FACE('',(#3623),#3803,.F.);
#4003=ADVANCED_FACE('',(#3624),#3804,.F.);
#4004=ADVANCED_FACE('',(#3625),#3805,.F.);
#4005=ADVANCED_FACE('',(#3626),#3806,.F.);
#4006=ADVANCED_FACE('',(#3627),#64,.T.);
#4007=ADVANCED_FACE('',(#3628),#39,.T.);
#4008=ADVANCED_FACE('',(#3629),#65,.T.);
#4009=ADVANCED_FACE('',(#3630),#66,.T.);
#4010=ADVANCED_FACE('',(#3631),#40,.T.);
#4011=ADVANCED_FACE('',(#3632),#67,.T.);
#4012=ADVANCED_FACE('',(#3633),#68,.T.);
#4013=ADVANCED_FACE('',(#3634),#41,.T.);
#4014=ADVANCED_FACE('',(#3635),#69,.T.);
#4015=ADVANCED_FACE('',(#3636),#70,.T.);
#4016=ADVANCED_FACE('',(#3637),#42,.T.);
#4017=ADVANCED_FACE('',(#3638),#71,.T.);
#4018=ADVANCED_FACE('',(#3639),#72,.F.);
#4019=ADVANCED_FACE('',(#3640),#3807,.F.);
#4020=ADVANCED_FACE('',(#3641),#73,.F.);
#4021=ADVANCED_FACE('',(#3642),#3808,.F.);
#4022=ADVANCED_FACE('',(#3643),#74,.F.);
#4023=ADVANCED_FACE('',(#3644),#3809,.F.);
#4024=ADVANCED_FACE('',(#3645),#75,.F.);
#4025=ADVANCED_FACE('',(#3646),#3810,.F.);
#4026=ADVANCED_FACE('',(#3647),#3811,.T.);
#4027=ADVANCED_FACE('',(#3648),#76,.T.);
#4028=ADVANCED_FACE('',(#3649),#77,.T.);
#4029=ADVANCED_FACE('',(#3650),#3812,.T.);
#4030=ADVANCED_FACE('',(#3651),#78,.T.);
#4031=ADVANCED_FACE('',(#3652),#79,.T.);
#4032=ADVANCED_FACE('',(#3653),#233,.F.);
#4033=ADVANCED_FACE('',(#3654,#3655),#234,.F.);
#4034=ADVANCED_FACE('',(#3656),#3813,.F.);
#4035=ADVANCED_FACE('',(#3657),#3814,.T.);
#4036=ADVANCED_FACE('',(#3658),#3815,.T.);
#4037=ADVANCED_FACE('',(#3659,#3660),#3816,.F.);
#4038=ADVANCED_FACE('',(#3661,#3662),#3817,.F.);
#4039=ADVANCED_FACE('',(#3663,#3664),#235,.F.);
#4040=ADVANCED_FACE('',(#3665),#43,.T.);
#4041=ADVANCED_FACE('',(#3666),#44,.T.);
#4042=ADVANCED_FACE('',(#3667),#3818,.T.);
#4043=ADVANCED_FACE('',(#3668),#45,.T.);
#4044=ADVANCED_FACE('',(#3669),#3819,.T.);
#4045=ADVANCED_FACE('',(#3670),#180,.T.);
#4046=ADVANCED_FACE('',(#3671),#236,.F.);
#4047=ADVANCED_FACE('',(#3672),#181,.T.);
#4048=ADVANCED_FACE('',(#3673),#182,.F.);
#4049=ADVANCED_FACE('',(#3674),#237,.F.);
#4050=ADVANCED_FACE('',(#3675,#3676),#238,.F.);
#4051=ADVANCED_FACE('',(#3677),#239,.F.);
#4052=ADVANCED_FACE('',(#3678,#3679),#3820,.F.);
#4053=ADVANCED_FACE('',(#3680,#3681),#3821,.F.);
#4054=ADVANCED_FACE('',(#3682,#3683),#240,.F.);
#4055=ADVANCED_FACE('',(#3684),#3822,.F.);
#4056=ADVANCED_FACE('',(#3685),#3823,.T.);
#4057=ADVANCED_FACE('',(#3686),#3824,.T.);
#4058=ADVANCED_FACE('',(#3687),#3825,.T.);
#4059=ADVANCED_FACE('',(#3688),#46,.T.);
#4060=ADVANCED_FACE('',(#3689),#47,.T.);
#4061=ADVANCED_FACE('',(#3690),#3826,.T.);
#4062=ADVANCED_FACE('',(#3691),#48,.T.);
#4063=ADVANCED_FACE('',(#3692),#3827,.T.);
#4064=ADVANCED_FACE('',(#3693),#241,.F.);
#4065=ADVANCED_FACE('',(#3694),#183,.F.);
#4066=ADVANCED_FACE('',(#3695),#184,.T.);
#4067=ADVANCED_FACE('',(#3696),#242,.F.);
#4068=ADVANCED_FACE('',(#3697),#185,.T.);
#4069=ADVANCED_FACE('',(#3698),#243,.F.);
#4070=ADVANCED_FACE('',(#3699,#3700),#3828,.F.);
#4071=ADVANCED_FACE('',(#3701,#3702),#3829,.F.);
#4072=ADVANCED_FACE('',(#3703,#3704),#244,.F.);
#4073=ADVANCED_FACE('',(#3705,#3706),#3830,.F.);
#4074=ADVANCED_FACE('',(#3707,#3708),#245,.F.);
#4075=ADVANCED_FACE('',(#3709,#3710),#3831,.F.);
#4076=ADVANCED_FACE('',(#3711,#3712),#49,.T.);
#4077=ADVANCED_FACE('',(#3713,#3714),#50,.T.);
#4078=ADVANCED_FACE('',(#3715,#3716),#3832,.F.);
#4079=ADVANCED_FACE('',(#3717,#3718),#246,.F.);
#4080=ADVANCED_FACE('',(#3719,#3720),#3833,.F.);
#4081=ADVANCED_FACE('',(#3721,#3722),#247,.F.);
#4082=ADVANCED_FACE('',(#3723),#20,.T.);
#4083=ADVANCED_FACE('',(#3724),#21,.T.);
#4084=ADVANCED_FACE('',(#3725),#80,.T.);
#4085=ADVANCED_FACE('',(#3726,#3727),#3834,.F.);
#4086=ADVANCED_FACE('',(#3728,#3729),#3835,.F.);
#4087=ADVANCED_FACE('',(#3730,#3731),#3836,.F.);
#4088=ADVANCED_FACE('',(#3732,#3733),#3837,.F.);
#4089=ADVANCED_FACE('',(#3734),#248,.F.);
#4090=ADVANCED_FACE('',(#3735),#249,.F.);
#4091=ADVANCED_FACE('',(#3736),#250,.F.);
#4092=ADVANCED_FACE('',(#3737),#251,.F.);
#4093=ADVANCED_FACE('',(#3738,#3739),#252,.T.);
#4094=CLOSED_SHELL('',(#3838,#3839,#3840,#3841,#3842,#3843,#3844,#3845,
#3846,#3847,#3848,#3849,#3850,#3851,#3852,#3853,#3854,#3855,#3856,#3857,
#3858,#3859,#3860,#3861,#3862,#3863,#3864,#3865,#3866,#3867,#3868,#3869,
#3870,#3871,#3872,#3873,#3874,#3875,#3876,#3877,#3878,#3879,#3880,#3881,
#3882,#3883,#3884,#3885,#3886,#3887,#3888,#3889,#3890,#3891,#3892,#3893,
#3894,#3895,#3896,#3897,#3898,#3899,#3900,#3901,#3902,#3903,#3904,#3905,
#3906,#3907,#3908,#3909,#3910,#3911,#3912,#3913,#3914,#3915,#3916,#3917,
#3918,#3919,#3920,#3921,#3922,#3923,#3924,#3925,#3926,#3927,#3928,#3929,
#3930,#3931,#3932,#3933,#3934,#3935,#3936,#3937,#3938,#3939,#3940,#3941,
#3942,#3943,#3944,#3945,#3946,#3947,#3948,#3949,#3950,#3951,#3952,#3953,
#3954,#3955,#3956,#3957,#3958,#3959,#3960,#3961,#3962,#3963,#3964,#3965,
#3966,#3967,#3968,#3969,#3970,#3971,#3972,#3973,#3974,#3975,#3976,#3977,
#3978,#3979,#3980,#3981,#3982,#3983,#3984,#3985,#3986,#3987,#3988,#3989,
#3990,#3991,#3992,#3993,#3994,#3995,#3996,#3997,#3998,#3999,#4000,#4001,
#4002,#4003,#4004,#4005,#4006,#4007,#4008,#4009,#4010,#4011,#4012,#4013,
#4014,#4015,#4016,#4017,#4018,#4019,#4020,#4021,#4022,#4023,#4024,#4025,
#4026,#4027,#4028,#4029,#4030,#4031,#4032,#4033,#4034,#4035,#4036,#4037,
#4038,#4039,#4040,#4041,#4042,#4043,#4044,#4045,#4046,#4047,#4048,#4049,
#4050,#4051,#4052,#4053,#4054,#4055,#4056,#4057,#4058,#4059,#4060,#4061,
#4062,#4063,#4064,#4065,#4066,#4067,#4068,#4069,#4070,#4071,#4072,#4073,
#4074,#4075,#4076,#4077,#4078,#4079,#4080,#4081,#4082,#4083,#4084,#4085,
#4086,#4087,#4088,#4089,#4090,#4091,#4092,#4093));
#4095=STYLED_ITEM('',(#4096),#4103);
#4096=PRESENTATION_STYLE_ASSIGNMENT((#4097));
#4097=SURFACE_STYLE_USAGE(.BOTH.,#4098);
#4098=SURFACE_SIDE_STYLE('',(#4099));
#4099=SURFACE_STYLE_FILL_AREA(#4100);
#4100=FILL_AREA_STYLE('',(#4101));
#4101=FILL_AREA_STYLE_COLOUR('',#4102);
#4102=COLOUR_RGB('',0.200000002980232,0.200000002980232,0.200000002980232);
#4103=MANIFOLD_SOLID_BREP('',#4094);
#4104=SHAPE_DEFINITION_REPRESENTATION(#8025,#4105);
#4105=SHAPE_REPRESENTATION('Lid v2',(#4106),#8020);
#4106=AXIS2_PLACEMENT_3D('',#5890,#4627,#4628);
#4107=AXIS2_PLACEMENT_3D('',#5891,#4629,#4630);
#4108=AXIS2_PLACEMENT_3D('',#5895,#4632,#4633);
#4109=AXIS2_PLACEMENT_3D('',#5899,#4635,#4636);
#4110=AXIS2_PLACEMENT_3D('',#5900,#4637,#4638);
#4111=AXIS2_PLACEMENT_3D('',#5906,#4642,#4643);
#4112=AXIS2_PLACEMENT_3D('',#5907,#4644,#4645);
#4113=AXIS2_PLACEMENT_3D('',#5911,#4647,#4648);
#4114=AXIS2_PLACEMENT_3D('',#5912,#4649,#4650);
#4115=AXIS2_PLACEMENT_3D('',#5918,#4654,#4655);
#4116=AXIS2_PLACEMENT_3D('',#5919,#4656,#4657);
#4117=AXIS2_PLACEMENT_3D('',#5923,#4659,#4660);
#4118=AXIS2_PLACEMENT_3D('',#5924,#4661,#4662);
#4119=AXIS2_PLACEMENT_3D('',#5930,#4666,#4667);
#4120=AXIS2_PLACEMENT_3D('',#5931,#4668,#4669);
#4121=AXIS2_PLACEMENT_3D('',#5935,#4671,#4672);
#4122=AXIS2_PLACEMENT_3D('',#5936,#4673,#4674);
#4123=AXIS2_PLACEMENT_3D('',#5939,#4677,#4678);
#4124=AXIS2_PLACEMENT_3D('',#5940,#4679,#4680);
#4125=AXIS2_PLACEMENT_3D('',#5942,#4681,#4682);
#4126=AXIS2_PLACEMENT_3D('',#5944,#4683,#4684);
#4127=AXIS2_PLACEMENT_3D('',#5945,#4685,#4686);
#4128=AXIS2_PLACEMENT_3D('',#5947,#4687,#4688);
#4129=AXIS2_PLACEMENT_3D('',#5949,#4689,#4690);
#4130=AXIS2_PLACEMENT_3D('',#5950,#4691,#4692);
#4131=AXIS2_PLACEMENT_3D('',#5952,#4693,#4694);
#4132=AXIS2_PLACEMENT_3D('',#5954,#4695,#4696);
#4133=AXIS2_PLACEMENT_3D('',#5955,#4697,#4698);
#4134=AXIS2_PLACEMENT_3D('',#5957,#4699,#4700);
#4135=AXIS2_PLACEMENT_3D('',#5959,#4701,#4702);
#4136=AXIS2_PLACEMENT_3D('',#5963,#4704,#4705);
#4137=AXIS2_PLACEMENT_3D('',#5967,#4707,#4708);
#4138=AXIS2_PLACEMENT_3D('',#5968,#4709,#4710);
#4139=AXIS2_PLACEMENT_3D('',#5977,#4715,#4716);
#4140=AXIS2_PLACEMENT_3D('',#5987,#4721,#4722);
#4141=AXIS2_PLACEMENT_3D('',#6025,#4724,#4725);
#4142=AXIS2_PLACEMENT_3D('',#6037,#4726,#4727);
#4143=AXIS2_PLACEMENT_3D('',#6038,#4728,#4729);
#4144=AXIS2_PLACEMENT_3D('',#6047,#4733,#4734);
#4145=AXIS2_PLACEMENT_3D('',#6051,#4736,#4737);
#4146=AXIS2_PLACEMENT_3D('',#6055,#4739,#4740);
#4147=AXIS2_PLACEMENT_3D('',#6059,#4742,#4743);
#4148=AXIS2_PLACEMENT_3D('',#6067,#4747,#4748);
#4149=AXIS2_PLACEMENT_3D('',#6071,#4750,#4751);
#4150=AXIS2_PLACEMENT_3D('',#6073,#4752,#4753);
#4151=AXIS2_PLACEMENT_3D('',#6077,#4755,#4756);
#4152=AXIS2_PLACEMENT_3D('',#6079,#4757,#4758);
#4153=AXIS2_PLACEMENT_3D('',#6081,#4759,#4760);
#4154=AXIS2_PLACEMENT_3D('',#6085,#4762,#4763);
#4155=AXIS2_PLACEMENT_3D('',#6087,#4764,#4765);
#4156=AXIS2_PLACEMENT_3D('',#6089,#4766,#4767);
#4157=AXIS2_PLACEMENT_3D('',#6093,#4769,#4770);
#4158=AXIS2_PLACEMENT_3D('',#6095,#4771,#4772);
#4159=AXIS2_PLACEMENT_3D('',#6097,#4773,#4774);
#4160=AXIS2_PLACEMENT_3D('',#6101,#4776,#4777);
#4161=AXIS2_PLACEMENT_3D('',#6103,#4778,#4779);
#4162=AXIS2_PLACEMENT_3D('',#6105,#4780,#4781);
#4163=AXIS2_PLACEMENT_3D('',#6109,#4783,#4784);
#4164=AXIS2_PLACEMENT_3D('',#6111,#4785,#4786);
#4165=AXIS2_PLACEMENT_3D('',#6113,#4787,#4788);
#4166=AXIS2_PLACEMENT_3D('',#6117,#4790,#4791);
#4167=AXIS2_PLACEMENT_3D('',#6119,#4792,#4793);
#4168=AXIS2_PLACEMENT_3D('',#6122,#4795,#4796);
#4169=AXIS2_PLACEMENT_3D('',#6124,#4797,#4798);
#4170=AXIS2_PLACEMENT_3D('',#6126,#4799,#4800);
#4171=AXIS2_PLACEMENT_3D('',#6128,#4801,#4802);
#4172=AXIS2_PLACEMENT_3D('',#6130,#4803,#4804);
#4173=AXIS2_PLACEMENT_3D('',#6132,#4805,#4806);
#4174=AXIS2_PLACEMENT_3D('',#6134,#4807,#4808);
#4175=AXIS2_PLACEMENT_3D('',#6136,#4809,#4810);
#4176=AXIS2_PLACEMENT_3D('',#6137,#4811,#4812);
#4177=AXIS2_PLACEMENT_3D('',#6142,#4814,#4815);
#4178=AXIS2_PLACEMENT_3D('',#6169,#4817,#4818);
#4179=AXIS2_PLACEMENT_3D('',#6180,#4819,#4820);
#4180=AXIS2_PLACEMENT_3D('',#6183,#4822,#4823);
#4181=AXIS2_PLACEMENT_3D('',#6187,#4825,#4826);
#4182=AXIS2_PLACEMENT_3D('',#6188,#4827,#4828);
#4183=AXIS2_PLACEMENT_3D('',#6189,#4829,#4830);
#4184=AXIS2_PLACEMENT_3D('',#6195,#4833,#4834);
#4185=AXIS2_PLACEMENT_3D('',#6197,#4835,#4836);
#4186=AXIS2_PLACEMENT_3D('',#6198,#4837,#4838);
#4187=AXIS2_PLACEMENT_3D('',#6199,#4839,#4840);
#4188=AXIS2_PLACEMENT_3D('',#6201,#4841,#4842);
#4189=AXIS2_PLACEMENT_3D('',#6203,#4843,#4844);
#4190=AXIS2_PLACEMENT_3D('',#6208,#4847,#4848);
#4191=AXIS2_PLACEMENT_3D('',#6209,#4849,#4850);
#4192=AXIS2_PLACEMENT_3D('',#6218,#4851,#4852);
#4193=AXIS2_PLACEMENT_3D('',#6220,#4853,#4854);
#4194=AXIS2_PLACEMENT_3D('',#6221,#4855,#4856);
#4195=AXIS2_PLACEMENT_3D('',#6222,#4857,#4858);
#4196=AXIS2_PLACEMENT_3D('',#6230,#4859,#4860);
#4197=AXIS2_PLACEMENT_3D('',#6232,#4861,#4862);
#4198=AXIS2_PLACEMENT_3D('',#6233,#4863,#4864);
#4199=AXIS2_PLACEMENT_3D('',#6234,#4865,#4866);
#4200=AXIS2_PLACEMENT_3D('',#6243,#4867,#4868);
#4201=AXIS2_PLACEMENT_3D('',#6245,#4869,#4870);
#4202=AXIS2_PLACEMENT_3D('',#6246,#4871,#4872);
#4203=AXIS2_PLACEMENT_3D('',#6247,#4873,#4874);
#4204=AXIS2_PLACEMENT_3D('',#6256,#4875,#4876);
#4205=AXIS2_PLACEMENT_3D('',#6258,#4877,#4878);
#4206=AXIS2_PLACEMENT_3D('',#6259,#4879,#4880);
#4207=AXIS2_PLACEMENT_3D('',#6260,#4881,#4882);
#4208=AXIS2_PLACEMENT_3D('',#6269,#4883,#4884);
#4209=AXIS2_PLACEMENT_3D('',#6271,#4885,#4886);
#4210=AXIS2_PLACEMENT_3D('',#6272,#4887,#4888);
#4211=AXIS2_PLACEMENT_3D('',#6273,#4889,#4890);
#4212=AXIS2_PLACEMENT_3D('',#6282,#4891,#4892);
#4213=AXIS2_PLACEMENT_3D('',#6284,#4893,#4894);
#4214=AXIS2_PLACEMENT_3D('',#6285,#4895,#4896);
#4215=AXIS2_PLACEMENT_3D('',#6294,#4901,#4902);
#4216=AXIS2_PLACEMENT_3D('',#6296,#4903,#4904);
#4217=AXIS2_PLACEMENT_3D('',#6299,#4906,#4907);
#4218=AXIS2_PLACEMENT_3D('',#6305,#4911,#4912);
#4219=AXIS2_PLACEMENT_3D('',#6307,#4913,#4914);
#4220=AXIS2_PLACEMENT_3D('',#6310,#4916,#4917);
#4221=AXIS2_PLACEMENT_3D('',#6312,#4918,#4919);
#4222=AXIS2_PLACEMENT_3D('',#6315,#4921,#4922);
#4223=AXIS2_PLACEMENT_3D('',#6317,#4923,#4924);
#4224=AXIS2_PLACEMENT_3D('',#6320,#4926,#4927);
#4225=AXIS2_PLACEMENT_3D('',#6329,#4932,#4933);
#4226=AXIS2_PLACEMENT_3D('',#6331,#4934,#4935);
#4227=AXIS2_PLACEMENT_3D('',#6333,#4936,#4937);
#4228=AXIS2_PLACEMENT_3D('',#6335,#4938,#4939);
#4229=AXIS2_PLACEMENT_3D('',#6340,#4941,#4942);
#4230=AXIS2_PLACEMENT_3D('',#6344,#4944,#4945);
#4231=AXIS2_PLACEMENT_3D('',#6348,#4947,#4948);
#4232=AXIS2_PLACEMENT_3D('',#6383,#4952,#4953);
#4233=AXIS2_PLACEMENT_3D('',#6384,#4954,#4955);
#4234=AXIS2_PLACEMENT_3D('',#6385,#4956,#4957);
#4235=AXIS2_PLACEMENT_3D('',#6390,#4959,#4960);
#4236=AXIS2_PLACEMENT_3D('',#6394,#4962,#4963);
#4237=AXIS2_PLACEMENT_3D('',#6398,#4965,#4966);
#4238=AXIS2_PLACEMENT_3D('',#6404,#4969,#4970);
#4239=AXIS2_PLACEMENT_3D('',#6408,#4972,#4973);
#4240=AXIS2_PLACEMENT_3D('',#6412,#4975,#4976);
#4241=AXIS2_PLACEMENT_3D('',#6416,#4978,#4979);
#4242=AXIS2_PLACEMENT_3D('',#6417,#4980,#4981);
#4243=AXIS2_PLACEMENT_3D('',#6423,#4985,#4986);
#4244=AXIS2_PLACEMENT_3D('',#6429,#4990,#4991);
#4245=AXIS2_PLACEMENT_3D('',#6435,#4995,#4996);
#4246=AXIS2_PLACEMENT_3D('',#6441,#5000,#5001);
#4247=AXIS2_PLACEMENT_3D('',#6442,#5002,#5003);
#4248=AXIS2_PLACEMENT_3D('',#6445,#5005,#5006);
#4249=AXIS2_PLACEMENT_3D('',#6453,#5011,#5012);
#4250=AXIS2_PLACEMENT_3D('',#6454,#5013,#5014);
#4251=AXIS2_PLACEMENT_3D('',#6459,#5016,#5017);
#4252=AXIS2_PLACEMENT_3D('',#6460,#5018,#5019);
#4253=AXIS2_PLACEMENT_3D('',#6461,#5020,#5021);
#4254=AXIS2_PLACEMENT_3D('',#6462,#5022,#5023);
#4255=AXIS2_PLACEMENT_3D('',#6466,#5025,#5026);
#4256=AXIS2_PLACEMENT_3D('',#6467,#5027,#5028);
#4257=AXIS2_PLACEMENT_3D('',#6468,#5029,#5030);
#4258=AXIS2_PLACEMENT_3D('',#6471,#5032,#5033);
#4259=AXIS2_PLACEMENT_3D('',#6472,#5034,#5035);
#4260=AXIS2_PLACEMENT_3D('',#6478,#5039,#5040);
#4261=AXIS2_PLACEMENT_3D('',#6479,#5041,#5042);
#4262=AXIS2_PLACEMENT_3D('',#6484,#5044,#5045);
#4263=AXIS2_PLACEMENT_3D('',#6485,#5046,#5047);
#4264=AXIS2_PLACEMENT_3D('',#6486,#5048,#5049);
#4265=AXIS2_PLACEMENT_3D('',#6487,#5050,#5051);
#4266=AXIS2_PLACEMENT_3D('',#6491,#5053,#5054);
#4267=AXIS2_PLACEMENT_3D('',#6492,#5055,#5056);
#4268=AXIS2_PLACEMENT_3D('',#6493,#5057,#5058);
#4269=AXIS2_PLACEMENT_3D('',#6496,#5060,#5061);
#4270=AXIS2_PLACEMENT_3D('',#6497,#5062,#5063);
#4271=AXIS2_PLACEMENT_3D('',#6503,#5067,#5068);
#4272=AXIS2_PLACEMENT_3D('',#6504,#5069,#5070);
#4273=AXIS2_PLACEMENT_3D('',#6509,#5072,#5073);
#4274=AXIS2_PLACEMENT_3D('',#6510,#5074,#5075);
#4275=AXIS2_PLACEMENT_3D('',#6511,#5076,#5077);
#4276=AXIS2_PLACEMENT_3D('',#6512,#5078,#5079);
#4277=AXIS2_PLACEMENT_3D('',#6516,#5081,#5082);
#4278=AXIS2_PLACEMENT_3D('',#6517,#5083,#5084);
#4279=AXIS2_PLACEMENT_3D('',#6518,#5085,#5086);
#4280=AXIS2_PLACEMENT_3D('',#6521,#5088,#5089);
#4281=AXIS2_PLACEMENT_3D('',#6522,#5090,#5091);
#4282=AXIS2_PLACEMENT_3D('',#6528,#5095,#5096);
#4283=AXIS2_PLACEMENT_3D('',#6529,#5097,#5098);
#4284=AXIS2_PLACEMENT_3D('',#6534,#5100,#5101);
#4285=AXIS2_PLACEMENT_3D('',#6535,#5102,#5103);
#4286=AXIS2_PLACEMENT_3D('',#6536,#5104,#5105);
#4287=AXIS2_PLACEMENT_3D('',#6537,#5106,#5107);
#4288=AXIS2_PLACEMENT_3D('',#6541,#5109,#5110);
#4289=AXIS2_PLACEMENT_3D('',#6542,#5111,#5112);
#4290=AXIS2_PLACEMENT_3D('',#6543,#5113,#5114);
#4291=AXIS2_PLACEMENT_3D('',#6544,#5115,#5116);
#4292=AXIS2_PLACEMENT_3D('',#6545,#5117,#5118);
#4293=AXIS2_PLACEMENT_3D('',#6546,#5119,#5120);
#4294=AXIS2_PLACEMENT_3D('',#6553,#5121,#5122);
#4295=AXIS2_PLACEMENT_3D('',#6563,#5127,#5128);
#4296=AXIS2_PLACEMENT_3D('',#6565,#5129,#5130);
#4297=AXIS2_PLACEMENT_3D('',#6566,#5131,#5132);
#4298=AXIS2_PLACEMENT_3D('',#6568,#5133,#5134);
#4299=AXIS2_PLACEMENT_3D('',#6578,#5139,#5140);
#4300=AXIS2_PLACEMENT_3D('',#6580,#5141,#5142);
#4301=AXIS2_PLACEMENT_3D('',#6582,#5143,#5144);
#4302=AXIS2_PLACEMENT_3D('',#6583,#5145,#5146);
#4303=AXIS2_PLACEMENT_3D('',#6584,#5147,#5148);
#4304=AXIS2_PLACEMENT_3D('',#6603,#5153,#5154);
#4305=AXIS2_PLACEMENT_3D('',#6606,#5156,#5157);
#4306=AXIS2_PLACEMENT_3D('',#6607,#5158,#5159);
#4307=AXIS2_PLACEMENT_3D('',#6611,#5161,#5162);
#4308=AXIS2_PLACEMENT_3D('',#6612,#5163,#5164);
#4309=AXIS2_PLACEMENT_3D('',#6613,#5165,#5166);
#4310=AXIS2_PLACEMENT_3D('',#6617,#5168,#5169);
#4311=AXIS2_PLACEMENT_3D('',#6618,#5170,#5171);
#4312=AXIS2_PLACEMENT_3D('',#6619,#5172,#5173);
#4313=AXIS2_PLACEMENT_3D('',#6620,#5174,#5175);
#4314=AXIS2_PLACEMENT_3D('',#6621,#5176,#5177);
#4315=AXIS2_PLACEMENT_3D('',#6624,#5180,#5181);
#4316=AXIS2_PLACEMENT_3D('',#6627,#5184,#5185);
#4317=AXIS2_PLACEMENT_3D('',#6629,#5187,#5188);
#4318=AXIS2_PLACEMENT_3D('',#6631,#5190,#5191);
#4319=AXIS2_PLACEMENT_3D('',#6632,#5192,#5193);
#4320=AXIS2_PLACEMENT_3D('',#6633,#5194,#5195);
#4321=AXIS2_PLACEMENT_3D('',#6634,#5196,#5197);
#4322=AXIS2_PLACEMENT_3D('',#6635,#5198,#5199);
#4323=AXIS2_PLACEMENT_3D('',#6638,#5200,#5201);
#4324=AXIS2_PLACEMENT_3D('',#6639,#5202,#5203);
#4325=AXIS2_PLACEMENT_3D('',#6640,#5204,#5205);
#4326=AXIS2_PLACEMENT_3D('',#6642,#5206,#5207);
#4327=AXIS2_PLACEMENT_3D('',#6643,#5208,#5209);
#4328=AXIS2_PLACEMENT_3D('',#6645,#5210,#5211);
#4329=AXIS2_PLACEMENT_3D('',#6648,#5212,#5213);
#4330=AXIS2_PLACEMENT_3D('',#6649,#5214,#5215);
#4331=AXIS2_PLACEMENT_3D('',#6650,#5216,#5217);
#4332=AXIS2_PLACEMENT_3D('',#6651,#5218,#5219);
#4333=AXIS2_PLACEMENT_3D('',#6654,#5220,#5221);
#4334=AXIS2_PLACEMENT_3D('',#6655,#5222,#5223);
#4335=AXIS2_PLACEMENT_3D('',#6656,#5224,#5225);
#4336=AXIS2_PLACEMENT_3D('',#6658,#5226,#5227);
#4337=AXIS2_PLACEMENT_3D('',#6659,#5228,#5229);
#4338=AXIS2_PLACEMENT_3D('',#6662,#5230,#5231);
#4339=AXIS2_PLACEMENT_3D('',#6663,#5232,#5233);
#4340=AXIS2_PLACEMENT_3D('',#6664,#5234,#5235);
#4341=AXIS2_PLACEMENT_3D('',#6666,#5236,#5237);
#4342=AXIS2_PLACEMENT_3D('',#6667,#5238,#5239);
#4343=AXIS2_PLACEMENT_3D('',#6670,#5240,#5241);
#4344=AXIS2_PLACEMENT_3D('',#6671,#5242,#5243);
#4345=AXIS2_PLACEMENT_3D('',#6672,#5244,#5245);
#4346=AXIS2_PLACEMENT_3D('',#6674,#5246,#5247);
#4347=AXIS2_PLACEMENT_3D('',#6675,#5248,#5249);
#4348=AXIS2_PLACEMENT_3D('',#6677,#5250,#5251);
#4349=AXIS2_PLACEMENT_3D('',#6678,#5252,#5253);
#4350=AXIS2_PLACEMENT_3D('',#6680,#5254,#5255);
#4351=AXIS2_PLACEMENT_3D('',#6681,#5256,#5257);
#4352=AXIS2_PLACEMENT_3D('',#6683,#5258,#5259);
#4353=AXIS2_PLACEMENT_3D('',#6684,#5260,#5261);
#4354=AXIS2_PLACEMENT_3D('',#6686,#5262,#5263);
#4355=AXIS2_PLACEMENT_3D('',#6687,#5264,#5265);
#4356=AXIS2_PLACEMENT_3D('',#6689,#5266,#5267);
#4357=AXIS2_PLACEMENT_3D('',#6690,#5268,#5269);
#4358=AXIS2_PLACEMENT_3D('',#6693,#5271,#5272);
#4359=AXIS2_PLACEMENT_3D('',#6696,#5274,#5275);
#4360=AXIS2_PLACEMENT_3D('',#6706,#5276,#5277);
#4361=AXIS2_PLACEMENT_3D('',#6707,#5278,#5279);
#4362=AXIS2_PLACEMENT_3D('',#6722,#5282,#5283);
#4363=AXIS2_PLACEMENT_3D('',#6723,#5284,#5285);
#4364=AXIS2_PLACEMENT_3D('',#6725,#5286,#5287);
#4365=AXIS2_PLACEMENT_3D('',#6730,#5290,#5291);
#4366=AXIS2_PLACEMENT_3D('',#6731,#5292,#5293);
#4367=AXIS2_PLACEMENT_3D('',#6742,#5295,#5296);
#4368=AXIS2_PLACEMENT_3D('',#6743,#5297,#5298);
#4369=AXIS2_PLACEMENT_3D('',#6755,#5300,#5301);
#4370=AXIS2_PLACEMENT_3D('',#6756,#5302,#5303);
#4371=AXIS2_PLACEMENT_3D('',#6758,#5304,#5305);
#4372=AXIS2_PLACEMENT_3D('',#6761,#5307,#5308);
#4373=AXIS2_PLACEMENT_3D('',#6762,#5309,#5310);
#4374=AXIS2_PLACEMENT_3D('',#6764,#5311,#5312);
#4375=AXIS2_PLACEMENT_3D('',#6780,#5314,#5315);
#4376=AXIS2_PLACEMENT_3D('',#6782,#5316,#5317);
#4377=AXIS2_PLACEMENT_3D('',#6808,#5318,#5319);
#4378=AXIS2_PLACEMENT_3D('',#6836,#5320,#5321);
#4379=AXIS2_PLACEMENT_3D('',#6837,#5322,#5323);
#4380=AXIS2_PLACEMENT_3D('',#6838,#5324,#5325);
#4381=AXIS2_PLACEMENT_3D('',#6866,#5326,#5327);
#4382=AXIS2_PLACEMENT_3D('',#6897,#5328,#5329);
#4383=AXIS2_PLACEMENT_3D('',#6975,#5331,#5332);
#4384=AXIS2_PLACEMENT_3D('',#7013,#5333,#5334);
#4385=AXIS2_PLACEMENT_3D('',#7014,#5335,#5336);
#4386=AXIS2_PLACEMENT_3D('',#7015,#5337,#5338);
#4387=AXIS2_PLACEMENT_3D('',#7048,#5339,#5340);
#4388=AXIS2_PLACEMENT_3D('',#7089,#5341,#5342);
#4389=AXIS2_PLACEMENT_3D('',#7092,#5344,#5345);
#4390=AXIS2_PLACEMENT_3D('',#7095,#5347,#5348);
#4391=AXIS2_PLACEMENT_3D('',#7099,#5351,#5352);
#4392=AXIS2_PLACEMENT_3D('',#7100,#5353,#5354);
#4393=AXIS2_PLACEMENT_3D('',#7103,#5356,#5357);
#4394=AXIS2_PLACEMENT_3D('',#7107,#5360,#5361);
#4395=AXIS2_PLACEMENT_3D('',#7108,#5362,#5363);
#4396=AXIS2_PLACEMENT_3D('',#7111,#5365,#5366);
#4397=AXIS2_PLACEMENT_3D('',#7115,#5369,#5370);
#4398=AXIS2_PLACEMENT_3D('',#7116,#5371,#5372);
#4399=AXIS2_PLACEMENT_3D('',#7119,#5374,#5375);
#4400=AXIS2_PLACEMENT_3D('',#7121,#5377,#5378);
#4401=AXIS2_PLACEMENT_3D('',#7122,#5379,#5380);
#4402=AXIS2_PLACEMENT_3D('',#7123,#5381,#5382);
#4403=AXIS2_PLACEMENT_3D('',#7124,#5383,#5384);
#4404=AXIS2_PLACEMENT_3D('',#7125,#5385,#5386);
#4405=AXIS2_PLACEMENT_3D('',#7126,#5387,#5388);
#4406=AXIS2_PLACEMENT_3D('',#7127,#5389,#5390);
#4407=AXIS2_PLACEMENT_3D('',#7128,#5391,#5392);
#4408=AXIS2_PLACEMENT_3D('',#7129,#5393,#5394);
#4409=AXIS2_PLACEMENT_3D('',#7130,#5395,#5396);
#4410=AXIS2_PLACEMENT_3D('',#7131,#5397,#5398);
#4411=AXIS2_PLACEMENT_3D('',#7132,#5399,#5400);
#4412=AXIS2_PLACEMENT_3D('',#7133,#5401,#5402);
#4413=AXIS2_PLACEMENT_3D('',#7134,#5403,#5404);
#4414=AXIS2_PLACEMENT_3D('',#7135,#5405,#5406);
#4415=AXIS2_PLACEMENT_3D('',#7136,#5407,#5408);
#4416=AXIS2_PLACEMENT_3D('',#7142,#5409,#5410);
#4417=AXIS2_PLACEMENT_3D('',#7148,#5411,#5412);
#4418=AXIS2_PLACEMENT_3D('',#7149,#5413,#5414);
#4419=AXIS2_PLACEMENT_3D('',#7150,#5415,#5416);
#4420=AXIS2_PLACEMENT_3D('',#7151,#5417,#5418);
#4421=AXIS2_PLACEMENT_3D('',#7152,#5419,#5420);
#4422=AXIS2_PLACEMENT_3D('',#7153,#5421,#5422);
#4423=AXIS2_PLACEMENT_3D('',#7182,#5423,#5424);
#4424=AXIS2_PLACEMENT_3D('',#7183,#5425,#5426);
#4425=AXIS2_PLACEMENT_3D('',#7190,#5428,#5429);
#4426=AXIS2_PLACEMENT_3D('',#7196,#5430,#5431);
#4427=AXIS2_PLACEMENT_3D('',#7197,#5432,#5433);
#4428=AXIS2_PLACEMENT_3D('',#7198,#5434,#5435);
#4429=AXIS2_PLACEMENT_3D('',#7199,#5436,#5437);
#4430=AXIS2_PLACEMENT_3D('',#7200,#5438,#5439);
#4431=AXIS2_PLACEMENT_3D('',#7201,#5440,#5441);
#4432=AXIS2_PLACEMENT_3D('',#7207,#5442,#5443);
#4433=AXIS2_PLACEMENT_3D('',#7208,#5444,#5445);
#4434=AXIS2_PLACEMENT_3D('',#7209,#5446,#5447);
#4435=AXIS2_PLACEMENT_3D('',#7210,#5448,#5449);
#4436=AXIS2_PLACEMENT_3D('',#7211,#5450,#5451);
#4437=AXIS2_PLACEMENT_3D('',#7212,#5452,#5453);
#4438=AXIS2_PLACEMENT_3D('',#7213,#5454,#5455);
#4439=AXIS2_PLACEMENT_3D('',#7214,#5456,#5457);
#4440=AXIS2_PLACEMENT_3D('',#7215,#5458,#5459);
#4441=AXIS2_PLACEMENT_3D('',#7216,#5460,#5461);
#4442=AXIS2_PLACEMENT_3D('',#7229,#5462,#5463);
#4443=AXIS2_PLACEMENT_3D('',#7230,#5464,#5465);
#4444=AXIS2_PLACEMENT_3D('',#7234,#5467,#5468);
#4445=AXIS2_PLACEMENT_3D('',#7242,#5469,#5470);
#4446=AXIS2_PLACEMENT_3D('',#7245,#5473,#5474);
#4447=AXIS2_PLACEMENT_3D('',#7247,#5476,#5477);
#4448=AXIS2_PLACEMENT_3D('',#7249,#5479,#5480);
#4449=AXIS2_PLACEMENT_3D('',#7251,#5482,#5483);
#4450=AXIS2_PLACEMENT_3D('',#7259,#5486,#5487);
#4451=AXIS2_PLACEMENT_3D('',#7261,#5489,#5490);
#4452=AXIS2_PLACEMENT_3D('',#7263,#5492,#5493);
#4453=AXIS2_PLACEMENT_3D('',#7265,#5495,#5496);
#4454=AXIS2_PLACEMENT_3D('',#7266,#5497,#5498);
#4455=AXIS2_PLACEMENT_3D('',#7268,#5500,#5501);
#4456=AXIS2_PLACEMENT_3D('',#7270,#5503,#5504);
#4457=AXIS2_PLACEMENT_3D('',#7272,#5506,#5507);
#4458=AXIS2_PLACEMENT_3D('',#7274,#5509,#5510);
#4459=AXIS2_PLACEMENT_3D('',#7276,#5512,#5513);
#4460=AXIS2_PLACEMENT_3D('',#7278,#5515,#5516);
#4461=AXIS2_PLACEMENT_3D('',#7280,#5518,#5519);
#4462=AXIS2_PLACEMENT_3D('',#7282,#5521,#5522);
#4463=AXIS2_PLACEMENT_3D('',#7284,#5524,#5525);
#4464=AXIS2_PLACEMENT_3D('',#7286,#5527,#5528);
#4465=AXIS2_PLACEMENT_3D('',#7288,#5530,#5531);
#4466=AXIS2_PLACEMENT_3D('',#7290,#5533,#5534);
#4467=AXIS2_PLACEMENT_3D('',#7292,#5536,#5537);
#4468=AXIS2_PLACEMENT_3D('',#7294,#5539,#5540);
#4469=AXIS2_PLACEMENT_3D('',#7299,#5541,#5542);
#4470=AXIS2_PLACEMENT_3D('',#7300,#5543,#5544);
#4471=AXIS2_PLACEMENT_3D('',#7302,#5545,#5546);
#4472=AXIS2_PLACEMENT_3D('',#7303,#5547,#5548);
#4473=AXIS2_PLACEMENT_3D('',#7304,#5549,#5550);
#4474=AXIS2_PLACEMENT_3D('',#7306,#5551,#5552);
#4475=AXIS2_PLACEMENT_3D('',#7307,#5553,#5554);
#4476=AXIS2_PLACEMENT_3D('',#7308,#5555,#5556);
#4477=AXIS2_PLACEMENT_3D('',#7310,#5557,#5558);
#4478=AXIS2_PLACEMENT_3D('',#7311,#5559,#5560);
#4479=AXIS2_PLACEMENT_3D('',#7312,#5561,#5562);
#4480=AXIS2_PLACEMENT_3D('',#7314,#5563,#5564);
#4481=AXIS2_PLACEMENT_3D('',#7315,#5565,#5566);
#4482=AXIS2_PLACEMENT_3D('',#7316,#5567,#5568);
#4483=AXIS2_PLACEMENT_3D('',#7318,#5569,#5570);
#4484=AXIS2_PLACEMENT_3D('',#7319,#5571,#5572);
#4485=AXIS2_PLACEMENT_3D('',#7320,#5573,#5574);
#4486=AXIS2_PLACEMENT_3D('',#7354,#5575,#5576);
#4487=AXIS2_PLACEMENT_3D('',#7355,#5577,#5578);
#4488=AXIS2_PLACEMENT_3D('',#7356,#5579,#5580);
#4489=AXIS2_PLACEMENT_3D('',#7378,#5581,#5582);
#4490=AXIS2_PLACEMENT_3D('',#7385,#5583,#5584);
#4491=AXIS2_PLACEMENT_3D('',#7392,#5585,#5586);
#4492=AXIS2_PLACEMENT_3D('',#7399,#5587,#5588);
#4493=AXIS2_PLACEMENT_3D('',#7406,#5589,#5590);
#4494=AXIS2_PLACEMENT_3D('',#7407,#5591,#5592);
#4495=AXIS2_PLACEMENT_3D('',#7420,#5593,#5594);
#4496=AXIS2_PLACEMENT_3D('',#7427,#5595,#5596);
#4497=AXIS2_PLACEMENT_3D('',#7455,#5597,#5598);
#4498=AXIS2_PLACEMENT_3D('',#7456,#5599,#5600);
#4499=AXIS2_PLACEMENT_3D('',#7457,#5601,#5602);
#4500=AXIS2_PLACEMENT_3D('',#7500,#5603,#5604);
#4501=AXIS2_PLACEMENT_3D('',#7501,#5605,#5606);
#4502=AXIS2_PLACEMENT_3D('',#7502,#5607,#5608);
#4503=AXIS2_PLACEMENT_3D('',#7545,#5609,#5610);
#4504=AXIS2_PLACEMENT_3D('',#7546,#5611,#5612);
#4505=AXIS2_PLACEMENT_3D('',#7547,#5613,#5614);
#4506=AXIS2_PLACEMENT_3D('',#7590,#5615,#5616);
#4507=AXIS2_PLACEMENT_3D('',#7591,#5617,#5618);
#4508=AXIS2_PLACEMENT_3D('',#7592,#5619,#5620);
#4509=AXIS2_PLACEMENT_3D('',#7635,#5621,#5622);
#4510=AXIS2_PLACEMENT_3D('',#7636,#5623,#5624);
#4511=AXIS2_PLACEMENT_3D('',#7658,#5625,#5626);
#4512=AXIS2_PLACEMENT_3D('',#7659,#5627,#5628);
#4513=AXIS2_PLACEMENT_3D('',#7681,#5629,#5630);
#4514=AXIS2_PLACEMENT_3D('',#7682,#5631,#5632);
#4515=AXIS2_PLACEMENT_3D('',#7704,#5633,#5634);
#4516=AXIS2_PLACEMENT_3D('',#7705,#5635,#5636);
#4517=AXIS2_PLACEMENT_3D('',#7706,#5637,#5638);
#4518=AXIS2_PLACEMENT_3D('',#7707,#5639,#5640);
#4519=AXIS2_PLACEMENT_3D('',#7720,#5641,#5642);
#4520=AXIS2_PLACEMENT_3D('',#7751,#5643,#5644);
#4521=AXIS2_PLACEMENT_3D('',#7752,#5645,#5646);
#4522=AXIS2_PLACEMENT_3D('',#7783,#5647,#5648);
#4523=AXIS2_PLACEMENT_3D('',#7796,#5649,#5650);
#4524=AXIS2_PLACEMENT_3D('',#7805,#5655,#5656);
#4525=AXIS2_PLACEMENT_3D('',#7806,#5657,#5658);
#4526=AXIS2_PLACEMENT_3D('',#7815,#5660,#5661);
#4527=AXIS2_PLACEMENT_3D('',#7817,#5662,#5663);
#4528=AXIS2_PLACEMENT_3D('',#7821,#5665,#5666);
#4529=AXIS2_PLACEMENT_3D('',#7822,#5667,#5668);
#4530=AXIS2_PLACEMENT_3D('',#7823,#5669,#5670);
#4531=AXIS2_PLACEMENT_3D('',#7827,#5672,#5673);
#4532=AXIS2_PLACEMENT_3D('',#7828,#5674,#5675);
#4533=AXIS2_PLACEMENT_3D('',#7829,#5676,#5677);
#4534=AXIS2_PLACEMENT_3D('',#7830,#5678,#5679);
#4535=AXIS2_PLACEMENT_3D('',#7831,#5680,#5681);
#4536=AXIS2_PLACEMENT_3D('',#7832,#5682,#5683);
#4537=AXIS2_PLACEMENT_3D('',#7833,#5684,#5685);
#4538=AXIS2_PLACEMENT_3D('',#7834,#5686,#5687);
#4539=AXIS2_PLACEMENT_3D('',#7835,#5688,#5689);
#4540=AXIS2_PLACEMENT_3D('',#7837,#5690,#5691);
#4541=AXIS2_PLACEMENT_3D('',#7838,#5692,#5693);
#4542=AXIS2_PLACEMENT_3D('',#7840,#5694,#5695);
#4543=AXIS2_PLACEMENT_3D('',#7841,#5696,#5697);
#4544=AXIS2_PLACEMENT_3D('',#7842,#5698,#5699);
#4545=AXIS2_PLACEMENT_3D('',#7843,#5700,#5701);
#4546=AXIS2_PLACEMENT_3D('',#7844,#5702,#5703);
#4547=AXIS2_PLACEMENT_3D('',#7845,#5704,#5705);
#4548=AXIS2_PLACEMENT_3D('',#7846,#5706,#5707);
#4549=AXIS2_PLACEMENT_3D('',#7847,#5708,#5709);
#4550=AXIS2_PLACEMENT_3D('',#7848,#5710,#5711);
#4551=AXIS2_PLACEMENT_3D('',#7849,#5712,#5713);
#4552=AXIS2_PLACEMENT_3D('',#7855,#5714,#5715);
#4553=AXIS2_PLACEMENT_3D('',#7857,#5717,#5718);
#4554=AXIS2_PLACEMENT_3D('',#7859,#5720,#5721);
#4555=AXIS2_PLACEMENT_3D('',#7861,#5723,#5724);
#4556=AXIS2_PLACEMENT_3D('',#7863,#5726,#5727);
#4557=AXIS2_PLACEMENT_3D('',#7864,#5728,#5729);
#4558=AXIS2_PLACEMENT_3D('',#7865,#5730,#5731);
#4559=AXIS2_PLACEMENT_3D('',#7877,#5734,#5735);
#4560=AXIS2_PLACEMENT_3D('',#7881,#5737,#5738);
#4561=AXIS2_PLACEMENT_3D('',#7883,#5739,#5740);
#4562=AXIS2_PLACEMENT_3D('',#7884,#5741,#5742);
#4563=AXIS2_PLACEMENT_3D('',#7893,#5747,#5748);
#4564=AXIS2_PLACEMENT_3D('',#7894,#5749,#5750);
#4565=AXIS2_PLACEMENT_3D('',#7896,#5751,#5752);
#4566=AXIS2_PLACEMENT_3D('',#7897,#5753,#5754);
#4567=AXIS2_PLACEMENT_3D('',#7899,#5755,#5756);
#4568=AXIS2_PLACEMENT_3D('',#7900,#5757,#5758);
#4569=AXIS2_PLACEMENT_3D('',#7904,#5760,#5761);
#4570=AXIS2_PLACEMENT_3D('',#7905,#5762,#5763);
#4571=AXIS2_PLACEMENT_3D('',#7906,#5764,#5765);
#4572=AXIS2_PLACEMENT_3D('',#7907,#5766,#5767);
#4573=AXIS2_PLACEMENT_3D('',#7908,#5768,#5769);
#4574=AXIS2_PLACEMENT_3D('',#7909,#5770,#5771);
#4575=AXIS2_PLACEMENT_3D('',#7910,#5772,#5773);
#4576=AXIS2_PLACEMENT_3D('',#7911,#5774,#5775);
#4577=AXIS2_PLACEMENT_3D('',#7912,#5776,#5777);
#4578=AXIS2_PLACEMENT_3D('',#7913,#5778,#5779);
#4579=AXIS2_PLACEMENT_3D('',#7918,#5780,#5781);
#4580=AXIS2_PLACEMENT_3D('',#7919,#5782,#5783);
#4581=AXIS2_PLACEMENT_3D('',#7920,#5784,#5785);
#4582=AXIS2_PLACEMENT_3D('',#7921,#5786,#5787);
#4583=AXIS2_PLACEMENT_3D('',#7922,#5788,#5789);
#4584=AXIS2_PLACEMENT_3D('',#7923,#5790,#5791);
#4585=AXIS2_PLACEMENT_3D('',#7924,#5792,#5793);
#4586=AXIS2_PLACEMENT_3D('',#7925,#5794,#5795);
#4587=AXIS2_PLACEMENT_3D('',#7926,#5796,#5797);
#4588=AXIS2_PLACEMENT_3D('',#7931,#5798,#5799);
#4589=AXIS2_PLACEMENT_3D('',#7933,#5801,#5802);
#4590=AXIS2_PLACEMENT_3D('',#7935,#5804,#5805);
#4591=AXIS2_PLACEMENT_3D('',#7937,#5807,#5808);
#4592=AXIS2_PLACEMENT_3D('',#7939,#5810,#5811);
#4593=AXIS2_PLACEMENT_3D('',#7941,#5813,#5814);
#4594=AXIS2_PLACEMENT_3D('',#7944,#5816,#5817);
#4595=AXIS2_PLACEMENT_3D('',#7945,#5818,#5819);
#4596=AXIS2_PLACEMENT_3D('',#7947,#5820,#5821);
#4597=AXIS2_PLACEMENT_3D('',#7949,#5822,#5823);
#4598=AXIS2_PLACEMENT_3D('',#7950,#5824,#5825);
#4599=AXIS2_PLACEMENT_3D('',#7952,#5826,#5827);
#4600=AXIS2_PLACEMENT_3D('',#7954,#5828,#5829);
#4601=AXIS2_PLACEMENT_3D('',#7955,#5830,#5831);
#4602=AXIS2_PLACEMENT_3D('',#7957,#5832,#5833);
#4603=AXIS2_PLACEMENT_3D('',#7958,#5834,#5835);
#4604=AXIS2_PLACEMENT_3D('',#7960,#5836,#5837);
#4605=AXIS2_PLACEMENT_3D('',#7961,#5838,#5839);
#4606=AXIS2_PLACEMENT_3D('',#7963,#5840,#5841);
#4607=AXIS2_PLACEMENT_3D('',#7964,#5842,#5843);
#4608=AXIS2_PLACEMENT_3D('',#7966,#5844,#5845);
#4609=AXIS2_PLACEMENT_3D('',#7967,#5846,#5847);
#4610=AXIS2_PLACEMENT_3D('',#7968,#5848,#5849);
#4611=AXIS2_PLACEMENT_3D('',#7969,#5850,#5851);
#4612=AXIS2_PLACEMENT_3D('',#7971,#5852,#5853);
#4613=AXIS2_PLACEMENT_3D('',#7972,#5854,#5855);
#4614=AXIS2_PLACEMENT_3D('',#7973,#5856,#5857);
#4615=AXIS2_PLACEMENT_3D('',#7975,#5858,#5859);
#4616=AXIS2_PLACEMENT_3D('',#7976,#5860,#5861);
#4617=AXIS2_PLACEMENT_3D('',#7977,#5862,#5863);
#4618=AXIS2_PLACEMENT_3D('',#7998,#5864,#5865);
#4619=AXIS2_PLACEMENT_3D('',#7999,#5866,#5867);
#4620=AXIS2_PLACEMENT_3D('',#8000,#5868,#5869);
#4621=AXIS2_PLACEMENT_3D('',#8001,#5870,#5871);
#4622=AXIS2_PLACEMENT_3D('',#8002,#5872,#5873);
#4623=AXIS2_PLACEMENT_3D('',#8008,#5877,#5878);
#4624=AXIS2_PLACEMENT_3D('',#8012,#5881,#5882);
#4625=AXIS2_PLACEMENT_3D('',#8016,#5885,#5886);
#4626=AXIS2_PLACEMENT_3D('',#8018,#5888,#5889);
#4627=DIRECTION('',(0.,0.,1.));
#4628=DIRECTION('',(1.,0.,0.));
#4629=DIRECTION('',(0.,0.,1.));
#4630=DIRECTION('',(1.,0.,0.));
#4631=DIRECTION('',(0.,0.,1.));
#4632=DIRECTION('',(0.,0.,1.));
#4633=DIRECTION('',(-1.,0.,0.));
#4634=DIRECTION('',(0.,0.,1.));
#4635=DIRECTION('',(0.,0.,-1.));
#4636=DIRECTION('',(1.,0.,0.));
#4637=DIRECTION('',(1.71415363238815E-16,1.,0.));
#4638=DIRECTION('',(-1.,1.71415363238815E-16,0.));
#4639=DIRECTION('',(1.,-1.71415363238815E-16,0.));
#4640=DIRECTION('',(0.,0.,1.));
#4641=DIRECTION('',(-1.,1.71415363238815E-16,0.));
#4642=DIRECTION('',(0.,0.,1.));
#4643=DIRECTION('',(1.,0.,0.));
#4644=DIRECTION('',(0.,0.,1.));
#4645=DIRECTION('',(-1.,0.,0.));
#4646=DIRECTION('',(0.,0.,1.));
#4647=DIRECTION('',(0.,0.,-1.));
#4648=DIRECTION('',(1.,0.,0.));
#4649=DIRECTION('',(-1.,6.73940744357734E-17,0.));
#4650=DIRECTION('',(-6.73940744357734E-17,-1.,0.));
#4651=DIRECTION('',(-3.36970372178867E-17,1.,0.));
#4652=DIRECTION('',(0.,0.,1.));
#4653=DIRECTION('',(-6.73940744357734E-17,-1.,0.));
#4654=DIRECTION('',(0.,0.,1.));
#4655=DIRECTION('',(1.,0.,0.));
#4656=DIRECTION('',(0.,0.,1.));
#4657=DIRECTION('',(-1.,0.,0.));
#4658=DIRECTION('',(0.,0.,1.));
#4659=DIRECTION('',(0.,0.,-1.));
#4660=DIRECTION('',(-1.,0.,0.));
#4661=DIRECTION('',(0.,-1.,0.));
#4662=DIRECTION('',(0.,0.,-1.));
#4663=DIRECTION('',(-1.,0.,0.));
#4664=DIRECTION('',(0.,0.,1.));
#4665=DIRECTION('',(1.,0.,0.));
#4666=DIRECTION('',(0.,0.,1.));
#4667=DIRECTION('',(1.,0.,0.));
#4668=DIRECTION('',(0.,0.,1.));
#4669=DIRECTION('',(1.,0.,0.));
#4670=DIRECTION('',(0.,0.,1.));
#4671=DIRECTION('',(0.,0.,-1.));
#4672=DIRECTION('',(1.,0.,0.));
#4673=DIRECTION('',(1.,-6.73940744357734E-17,0.));
#4674=DIRECTION('',(6.73940744357734E-17,1.,0.));
#4675=DIRECTION('',(1.34788148871547E-16,-1.,0.));
#4676=DIRECTION('',(6.73940744357734E-17,1.,0.));
#4677=DIRECTION('',(0.,0.,-1.));
#4678=DIRECTION('',(-1.,0.,0.));
#4679=DIRECTION('',(0.,0.,-1.));
#4680=DIRECTION('',(-1.,0.,0.));
#4681=DIRECTION('',(0.,0.,-1.));
#4682=DIRECTION('',(-1.,0.,0.));
#4683=DIRECTION('',(0.,0.,-1.));
#4684=DIRECTION('',(-1.,0.,0.));
#4685=DIRECTION('',(0.,0.,-1.));
#4686=DIRECTION('',(-1.,0.,0.));
#4687=DIRECTION('',(0.,0.,-1.));
#4688=DIRECTION('',(-1.,0.,0.));
#4689=DIRECTION('',(0.,0.,-1.));
#4690=DIRECTION('',(-1.,0.,0.));
#4691=DIRECTION('',(0.,0.,-1.));
#4692=DIRECTION('',(-1.,0.,0.));
#4693=DIRECTION('',(0.,0.,-1.));
#4694=DIRECTION('',(-1.,0.,0.));
#4695=DIRECTION('',(0.,0.,-1.));
#4696=DIRECTION('',(-1.,0.,0.));
#4697=DIRECTION('',(0.,0.,-1.));
#4698=DIRECTION('',(-1.,0.,0.));
#4699=DIRECTION('',(0.,0.,-1.));
#4700=DIRECTION('',(-1.,0.,0.));
#4701=DIRECTION('',(7.89062061007355E-16,1.,1.01031211453532E-15));
#4702=DIRECTION('',(0.,-1.01031211453532E-15,1.));
#4703=DIRECTION('',(7.89062061007355E-16,1.,1.01031211453532E-15));
#4704=DIRECTION('',(0.,1.,0.));
#4705=DIRECTION('',(0.,0.,1.));
#4706=DIRECTION('',(7.89062061007355E-16,1.,1.01031211453532E-15));
#4707=DIRECTION('',(0.,1.,0.));
#4708=DIRECTION('',(0.,0.,1.));
#4709=DIRECTION('',(-0.707106781186546,1.27234968141818E-15,-0.707106781186549));
#4710=DIRECTION('',(7.89062061007355E-16,1.,1.01031211453532E-15));
#4711=DIRECTION('',(7.89062061007355E-16,1.,1.01031211453532E-15));
#4712=DIRECTION('',(-0.70710678118656,0.,0.707106781186535));
#4713=DIRECTION('',(-7.89062061007355E-16,-1.,-1.01031211453532E-15));
#4714=DIRECTION('',(-0.707106781186566,0.,0.707106781186529));
#4715=DIRECTION('',(4.9829390879749E-16,1.,0.));
#4716=DIRECTION('',(-1.,4.9829390879749E-16,0.));
#4717=DIRECTION('',(0.,0.,1.));
#4718=DIRECTION('',(-1.,4.9829390879749E-16,0.));
#4719=DIRECTION('',(0.,0.,-1.));
#4720=DIRECTION('',(1.,-4.9829390879749E-16,0.));
#4721=DIRECTION('',(4.9829390879749E-16,1.,0.));
#4722=DIRECTION('',(-1.,4.9829390879749E-16,0.));
#4723=DIRECTION('',(1.,-4.9829390879749E-16,0.));
#4724=DIRECTION('',(1.,0.,0.));
#4725=DIRECTION('',(0.,0.,-1.));
#4726=DIRECTION('',(0.,0.,-1.));
#4727=DIRECTION('',(-1.,0.,0.));
#4728=DIRECTION('',(0.,0.,-1.));
#4729=DIRECTION('',(-1.,0.,0.));
#4730=DIRECTION('',(7.89062061007355E-16,1.,0.));
#4731=DIRECTION('',(1.,0.,0.));
#4732=DIRECTION('',(0.,1.,0.));
#4733=DIRECTION('',(0.,0.,1.));
#4734=DIRECTION('',(-1.,0.,0.));
#4735=DIRECTION('',(1.,0.,0.));
#4736=DIRECTION('',(0.,0.,1.));
#4737=DIRECTION('',(-1.,0.,0.));
#4738=DIRECTION('',(0.,-1.,0.));
#4739=DIRECTION('',(0.,0.,1.));
#4740=DIRECTION('',(1.,0.,0.));
#4741=DIRECTION('',(-1.,0.,0.));
#4742=DIRECTION('',(0.,0.,1.));
#4743=DIRECTION('',(-1.,0.,0.));
#4744=DIRECTION('',(0.,1.,0.));
#4745=DIRECTION('',(1.,0.,0.));
#4746=DIRECTION('',(7.89062061007355E-16,1.,0.));
#4747=DIRECTION('',(0.,0.,-1.));
#4748=DIRECTION('',(-1.,0.,0.));
#4749=DIRECTION('',(-1.,3.46944695195362E-15,0.));
#4750=DIRECTION('',(0.,0.,-1.));
#4751=DIRECTION('',(-1.,0.,0.));
#4752=DIRECTION('',(0.,0.,-1.));
#4753=DIRECTION('',(-1.,0.,0.));
#4754=DIRECTION('',(-1.,4.92768653368949E-16,0.));
#4755=DIRECTION('',(0.,0.,-1.));
#4756=DIRECTION('',(-1.,0.,0.));
#4757=DIRECTION('',(0.,0.,-1.));
#4758=DIRECTION('',(-1.,0.,0.));
#4759=DIRECTION('',(0.,0.,-1.));
#4760=DIRECTION('',(-1.,0.,0.));
#4761=DIRECTION('',(-1.,2.37935769163444E-16,0.));
#4762=DIRECTION('',(0.,0.,-1.));
#4763=DIRECTION('',(-1.,0.,0.));
#4764=DIRECTION('',(0.,0.,-1.));
#4765=DIRECTION('',(-1.,0.,0.));
#4766=DIRECTION('',(0.,0.,-1.));
#4767=DIRECTION('',(-1.,0.,0.));
#4768=DIRECTION('',(0.,-1.,0.));
#4769=DIRECTION('',(0.,0.,-1.));
#4770=DIRECTION('',(-1.,0.,0.));
#4771=DIRECTION('',(0.,0.,-1.));
#4772=DIRECTION('',(-1.,0.,0.));
#4773=DIRECTION('',(0.,0.,-1.));
#4774=DIRECTION('',(-1.,0.,0.));
#4775=DIRECTION('',(1.84204253554171E-16,-1.,0.));
#4776=DIRECTION('',(0.,0.,-1.));
#4777=DIRECTION('',(-1.,0.,0.));
#4778=DIRECTION('',(0.,0.,-1.));
#4779=DIRECTION('',(-1.,0.,0.));
#4780=DIRECTION('',(0.,0.,-1.));
#4781=DIRECTION('',(-1.,0.,0.));
#4782=DIRECTION('',(1.,-2.40511193123899E-16,0.));
#4783=DIRECTION('',(0.,0.,-1.));
#4784=DIRECTION('',(-1.,0.,0.));
#4785=DIRECTION('',(0.,0.,-1.));
#4786=DIRECTION('',(-1.,0.,0.));
#4787=DIRECTION('',(0.,0.,-1.));
#4788=DIRECTION('',(-1.,0.,0.));
#4789=DIRECTION('',(1.,-4.9829390879749E-16,0.));
#4790=DIRECTION('',(0.,0.,-1.));
#4791=DIRECTION('',(-1.,0.,0.));
#4792=DIRECTION('',(0.,0.,-1.));
#4793=DIRECTION('',(-1.,0.,0.));
#4794=DIRECTION('',(1.,0.,0.));
#4795=DIRECTION('',(0.,0.,-1.));
#4796=DIRECTION('',(0.,1.,0.));
#4797=DIRECTION('',(0.,0.,-1.));
#4798=DIRECTION('',(0.,1.,0.));
#4799=DIRECTION('',(0.,0.,-1.));
#4800=DIRECTION('',(0.,1.,0.));
#4801=DIRECTION('',(0.,0.,-1.));
#4802=DIRECTION('',(0.,1.,0.));
#4803=DIRECTION('',(0.,0.,-1.));
#4804=DIRECTION('',(0.,1.,0.));
#4805=DIRECTION('',(0.,0.,-1.));
#4806=DIRECTION('',(0.,1.,0.));
#4807=DIRECTION('',(0.,0.,-1.));
#4808=DIRECTION('',(0.,1.,0.));
#4809=DIRECTION('',(1.,0.,0.));
#4810=DIRECTION('',(0.,0.,-1.));
#4811=DIRECTION('',(-1.,7.89062061007355E-16,0.));
#4812=DIRECTION('',(-7.89062061007355E-16,-1.,0.));
#4813=DIRECTION('',(1.,0.,0.));
#4814=DIRECTION('',(-0.393919298579168,0.919145030018058,0.));
#4815=DIRECTION('',(-0.919145030018058,-0.393919298579168,0.));
#4816=DIRECTION('',(1.,0.,0.));
#4817=DIRECTION('',(0.,0.863738466021007,0.503940336067354));
#4818=DIRECTION('',(0.,-0.503940336067354,0.863738466021007));
#4819=DIRECTION('',(1.,0.,0.));
#4820=DIRECTION('',(0.,0.,-1.));
#4821=DIRECTION('',(1.,0.,0.));
#4822=DIRECTION('',(-1.,7.89062061007355E-16,0.));
#4823=DIRECTION('',(-7.89062061007355E-16,-1.,0.));
#4824=DIRECTION('',(1.,0.,0.));
#4825=DIRECTION('',(-0.393919298579168,-0.919145030018058,0.));
#4826=DIRECTION('',(0.919145030018058,-0.393919298579168,0.));
#4827=DIRECTION('',(-1.,0.,0.));
#4828=DIRECTION('',(0.,0.,1.));
#4829=DIRECTION('',(-1.,0.,0.));
#4830=DIRECTION('',(0.,0.,1.));
#4831=DIRECTION('',(0.,0.,-1.));
#4832=DIRECTION('',(0.,1.,0.));
#4833=DIRECTION('',(-1.,0.,0.));
#4834=DIRECTION('',(0.,0.,1.));
#4835=DIRECTION('',(-1.,0.,0.));
#4836=DIRECTION('',(0.,0.,1.));
#4837=DIRECTION('',(-1.,0.,0.));
#4838=DIRECTION('',(0.,0.,1.));
#4839=DIRECTION('',(-1.,0.,0.));
#4840=DIRECTION('',(0.,0.,1.));
#4841=DIRECTION('',(-1.,0.,0.));
#4842=DIRECTION('',(0.,0.,1.));
#4843=DIRECTION('',(-1.,0.,0.));
#4844=DIRECTION('',(0.,0.,1.));
#4845=DIRECTION('',(0.,1.,0.));
#4846=DIRECTION('',(0.,0.,1.));
#4847=DIRECTION('',(0.,0.,-1.));
#4848=DIRECTION('',(-1.,0.,0.));
#4849=DIRECTION('',(0.,0.,-1.));
#4850=DIRECTION('',(-1.,0.,0.));
#4851=DIRECTION('',(0.,0.,-1.));
#4852=DIRECTION('',(-1.,0.,0.));
#4853=DIRECTION('',(-1.,0.,0.));
#4854=DIRECTION('',(0.,0.,1.));
#4855=DIRECTION('',(0.,0.,-1.));
#4856=DIRECTION('',(-1.,0.,0.));
#4857=DIRECTION('',(0.,0.,-1.));
#4858=DIRECTION('',(-1.,0.,0.));
#4859=DIRECTION('',(0.,0.,-1.));
#4860=DIRECTION('',(-1.,0.,0.));
#4861=DIRECTION('',(1.,1.15648231731787E-15,1.7347234759768E-15));
#4862=DIRECTION('',(1.7347234759768E-15,0.,-1.));
#4863=DIRECTION('',(0.,0.,-1.));
#4864=DIRECTION('',(-1.,0.,0.));
#4865=DIRECTION('',(0.,0.,-1.));
#4866=DIRECTION('',(-1.,0.,0.));
#4867=DIRECTION('',(0.,0.,-1.));
#4868=DIRECTION('',(-1.,0.,0.));
#4869=DIRECTION('',(0.,1.,0.));
#4870=DIRECTION('',(0.,0.,1.));
#4871=DIRECTION('',(0.,0.,-1.));
#4872=DIRECTION('',(-1.,0.,0.));
#4873=DIRECTION('',(0.,0.,-1.));
#4874=DIRECTION('',(-1.,0.,0.));
#4875=DIRECTION('',(0.,0.,-1.));
#4876=DIRECTION('',(-1.,0.,0.));
#4877=DIRECTION('',(0.,1.,0.));
#4878=DIRECTION('',(0.,0.,1.));
#4879=DIRECTION('',(0.,0.,-1.));
#4880=DIRECTION('',(-1.,0.,0.));
#4881=DIRECTION('',(0.,0.,-1.));
#4882=DIRECTION('',(-1.,0.,0.));
#4883=DIRECTION('',(0.,0.,-1.));
#4884=DIRECTION('',(-1.,0.,0.));
#4885=DIRECTION('',(1.,0.,0.));
#4886=DIRECTION('',(0.,0.,-1.));
#4887=DIRECTION('',(0.,0.,-1.));
#4888=DIRECTION('',(-1.,0.,0.));
#4889=DIRECTION('',(0.,0.,-1.));
#4890=DIRECTION('',(-1.,0.,0.));
#4891=DIRECTION('',(0.,0.,-1.));
#4892=DIRECTION('',(-1.,0.,0.));
#4893=DIRECTION('',(1.,-5.78241158658938E-16,0.));
#4894=DIRECTION('',(5.78241158658938E-16,1.,0.));
#4895=DIRECTION('',(0.,0.,-1.));
#4896=DIRECTION('',(-1.,0.,0.));
#4897=DIRECTION('',(-1.,9.62044772495509E-16,0.));
#4898=DIRECTION('',(-9.62044772495509E-16,-1.,0.));
#4899=DIRECTION('',(1.,-9.62044772495509E-16,0.));
#4900=DIRECTION('',(9.97476216040787E-16,1.,0.));
#4901=DIRECTION('',(0.,0.,-1.));
#4902=DIRECTION('',(-1.,0.,0.));
#4903=DIRECTION('',(0.,0.,-1.));
#4904=DIRECTION('',(-1.,0.,0.));
#4905=DIRECTION('',(-1.,2.37935769163444E-16,0.));
#4906=DIRECTION('',(0.,0.,-1.));
#4907=DIRECTION('',(-1.,0.,0.));
#4908=DIRECTION('',(-1.,4.92768653368949E-16,0.));
#4909=DIRECTION('',(0.,1.,0.));
#4910=DIRECTION('',(1.,-4.9829390879749E-16,0.));
#4911=DIRECTION('',(0.,0.,-1.));
#4912=DIRECTION('',(-1.,0.,0.));
#4913=DIRECTION('',(0.,0.,-1.));
#4914=DIRECTION('',(-1.,0.,0.));
#4915=DIRECTION('',(1.,-2.40511193123899E-16,0.));
#4916=DIRECTION('',(0.,0.,-1.));
#4917=DIRECTION('',(-1.,0.,0.));
#4918=DIRECTION('',(0.,0.,-1.));
#4919=DIRECTION('',(-1.,0.,0.));
#4920=DIRECTION('',(1.84204253554171E-16,-1.,0.));
#4921=DIRECTION('',(0.,0.,-1.));
#4922=DIRECTION('',(-1.,0.,0.));
#4923=DIRECTION('',(0.,0.,-1.));
#4924=DIRECTION('',(-1.,0.,0.));
#4925=DIRECTION('',(0.,-1.,0.));
#4926=DIRECTION('',(0.,0.,1.));
#4927=DIRECTION('',(1.,0.,0.));
#4928=DIRECTION('',(-1.,0.,0.));
#4929=DIRECTION('',(0.,1.,0.));
#4930=DIRECTION('',(1.,0.,0.));
#4931=DIRECTION('',(0.,-1.,0.));
#4932=DIRECTION('',(0.,0.,1.));
#4933=DIRECTION('',(1.,0.,0.));
#4934=DIRECTION('',(0.,0.,1.));
#4935=DIRECTION('',(1.,0.,0.));
#4936=DIRECTION('',(0.,0.,1.));
#4937=DIRECTION('',(1.,0.,0.));
#4938=DIRECTION('',(0.,0.,1.));
#4939=DIRECTION('',(1.,0.,0.));
#4940=DIRECTION('',(-1.,-1.69241314729445E-16,0.));
#4941=DIRECTION('',(0.,0.,1.));
#4942=DIRECTION('',(1.,0.,0.));
#4943=DIRECTION('',(0.,-1.,0.));
#4944=DIRECTION('',(0.,0.,1.));
#4945=DIRECTION('',(1.,0.,0.));
#4946=DIRECTION('',(1.,0.,0.));
#4947=DIRECTION('',(0.,0.,1.));
#4948=DIRECTION('',(1.,0.,0.));
#4949=DIRECTION('',(-1.,0.,0.));
#4950=DIRECTION('',(0.,1.,0.));
#4951=DIRECTION('',(-1.,0.,0.));
#4952=DIRECTION('',(0.,0.,1.));
#4953=DIRECTION('',(1.,0.,0.));
#4954=DIRECTION('',(0.,0.,1.));
#4955=DIRECTION('',(1.,0.,0.));
#4956=DIRECTION('',(0.,0.,-1.));
#4957=DIRECTION('',(1.,0.,0.));
#4958=DIRECTION('',(-1.,8.57076816194075E-17,0.));
#4959=DIRECTION('',(0.,0.,-1.));
#4960=DIRECTION('',(1.,0.,0.));
#4961=DIRECTION('',(-6.73940744357734E-17,-1.,0.));
#4962=DIRECTION('',(0.,0.,-1.));
#4963=DIRECTION('',(-1.,0.,0.));
#4964=DIRECTION('',(1.,0.,0.));
#4965=DIRECTION('',(0.,0.,-1.));
#4966=DIRECTION('',(1.,0.,0.));
#4967=DIRECTION('',(0.,1.,0.));
#4968=DIRECTION('',(9.97476216040787E-16,1.,0.));
#4969=DIRECTION('',(0.,0.,1.));
#4970=DIRECTION('',(1.,0.,0.));
#4971=DIRECTION('',(1.,-9.62044772495509E-16,0.));
#4972=DIRECTION('',(0.,0.,1.));
#4973=DIRECTION('',(1.,0.,0.));
#4974=DIRECTION('',(-9.62044772495509E-16,-1.,0.));
#4975=DIRECTION('',(0.,0.,1.));
#4976=DIRECTION('',(1.,0.,0.));
#4977=DIRECTION('',(-1.,9.62044772495509E-16,0.));
#4978=DIRECTION('',(0.,0.,1.));
#4979=DIRECTION('',(1.,0.,0.));
#4980=DIRECTION('',(9.62044772495509E-16,1.,0.));
#4981=DIRECTION('',(-1.,9.62044772495509E-16,0.));
#4982=DIRECTION('',(1.,-9.62044772495509E-16,0.));
#4983=DIRECTION('',(0.,0.,-1.));
#4984=DIRECTION('',(0.,0.,-1.));
#4985=DIRECTION('',(1.,-9.62044772495509E-16,0.));
#4986=DIRECTION('',(9.62044772495509E-16,1.,0.));
#4987=DIRECTION('',(0.,0.,-1.));
#4988=DIRECTION('',(-9.62044772495509E-16,-1.,0.));
#4989=DIRECTION('',(0.,0.,-1.));
#4990=DIRECTION('',(-9.62044772495509E-16,-1.,0.));
#4991=DIRECTION('',(1.,-9.62044772495509E-16,0.));
#4992=DIRECTION('',(0.,0.,-1.));
#4993=DIRECTION('',(-1.,9.62044772495509E-16,0.));
#4994=DIRECTION('',(0.,0.,-1.));
#4995=DIRECTION('',(-1.,9.97476216040787E-16,0.));
#4996=DIRECTION('',(-9.97476216040787E-16,-1.,0.));
#4997=DIRECTION('',(0.,0.,-1.));
#4998=DIRECTION('',(9.97476216040787E-16,1.,0.));
#4999=DIRECTION('',(0.,0.,-1.));
#5000=DIRECTION('',(1.,0.,0.));
#5001=DIRECTION('',(0.,0.,-1.));
#5002=DIRECTION('',(-1.,0.,0.));
#5003=DIRECTION('',(0.,0.,1.));
#5004=DIRECTION('',(1.,0.,0.));
#5005=DIRECTION('',(-2.37935769163444E-16,-1.,0.));
#5006=DIRECTION('',(1.,-2.37935769163444E-16,0.));
#5007=DIRECTION('',(0.,0.,-1.));
#5008=DIRECTION('',(1.,-2.37935769163444E-16,0.));
#5009=DIRECTION('',(0.,0.,-1.));
#5010=DIRECTION('',(-1.,2.37935769163444E-16,0.));
#5011=DIRECTION('',(0.,0.,-1.));
#5012=DIRECTION('',(-1.,0.,0.));
#5013=DIRECTION('',(0.,0.,-1.));
#5014=DIRECTION('',(-1.,0.,0.));
#5015=DIRECTION('',(0.,0.,-1.));
#5016=DIRECTION('',(0.,0.,-1.));
#5017=DIRECTION('',(-1.,0.,0.));
#5018=DIRECTION('',(0.,0.,-1.));
#5019=DIRECTION('',(-1.,0.,0.));
#5020=DIRECTION('',(0.,0.,-1.));
#5021=DIRECTION('',(-1.,0.,0.));
#5022=DIRECTION('',(0.,0.,1.));
#5023=DIRECTION('',(-1.,0.,0.));
#5024=DIRECTION('',(0.,0.,-1.));
#5025=DIRECTION('',(0.,0.,-1.));
#5026=DIRECTION('',(-1.,0.,0.));
#5027=DIRECTION('',(0.,0.,-1.));
#5028=DIRECTION('',(-1.,0.,0.));
#5029=DIRECTION('',(0.,0.,-1.));
#5030=DIRECTION('',(-1.,0.,0.));
#5031=DIRECTION('',(0.,0.,-1.));
#5032=DIRECTION('',(0.,0.,-1.));
#5033=DIRECTION('',(-1.,0.,0.));
#5034=DIRECTION('',(1.,0.,0.));
#5035=DIRECTION('',(0.,0.,-1.));
#5036=DIRECTION('',(0.,0.,-1.));
#5037=DIRECTION('',(0.,1.,0.));
#5038=DIRECTION('',(0.,-1.,0.));
#5039=DIRECTION('',(0.,0.,-1.));
#5040=DIRECTION('',(-1.,0.,0.));
#5041=DIRECTION('',(0.,0.,-1.));
#5042=DIRECTION('',(-1.,0.,0.));
#5043=DIRECTION('',(0.,0.,-1.));
#5044=DIRECTION('',(0.,0.,-1.));
#5045=DIRECTION('',(-1.,0.,0.));
#5046=DIRECTION('',(0.,0.,-1.));
#5047=DIRECTION('',(-1.,0.,0.));
#5048=DIRECTION('',(0.,0.,-1.));
#5049=DIRECTION('',(-1.,0.,0.));
#5050=DIRECTION('',(0.,0.,1.));
#5051=DIRECTION('',(1.,0.,0.));
#5052=DIRECTION('',(0.,0.,-1.));
#5053=DIRECTION('',(0.,0.,-1.));
#5054=DIRECTION('',(-1.,0.,0.));
#5055=DIRECTION('',(0.,0.,-1.));
#5056=DIRECTION('',(-1.,0.,0.));
#5057=DIRECTION('',(0.,0.,-1.));
#5058=DIRECTION('',(-1.,0.,0.));
#5059=DIRECTION('',(0.,0.,-1.));
#5060=DIRECTION('',(0.,0.,-1.));
#5061=DIRECTION('',(-1.,0.,0.));
#5062=DIRECTION('',(1.,1.84204253554171E-16,0.));
#5063=DIRECTION('',(-1.84204253554171E-16,1.,0.));
#5064=DIRECTION('',(0.,0.,-1.));
#5065=DIRECTION('',(-1.84204253554171E-16,1.,0.));
#5066=DIRECTION('',(1.84204253554171E-16,-1.,0.));
#5067=DIRECTION('',(0.,0.,-1.));
#5068=DIRECTION('',(-1.,0.,0.));
#5069=DIRECTION('',(0.,0.,-1.));
#5070=DIRECTION('',(-1.,0.,0.));
#5071=DIRECTION('',(0.,0.,-1.));
#5072=DIRECTION('',(0.,0.,-1.));
#5073=DIRECTION('',(-1.,0.,0.));
#5074=DIRECTION('',(0.,0.,-1.));
#5075=DIRECTION('',(-1.,0.,0.));
#5076=DIRECTION('',(0.,0.,-1.));
#5077=DIRECTION('',(-1.,0.,0.));
#5078=DIRECTION('',(0.,0.,1.));
#5079=DIRECTION('',(-1.,0.,0.));
#5080=DIRECTION('',(0.,0.,-1.));
#5081=DIRECTION('',(0.,0.,-1.));
#5082=DIRECTION('',(-1.,0.,0.));
#5083=DIRECTION('',(0.,0.,-1.));
#5084=DIRECTION('',(-1.,0.,0.));
#5085=DIRECTION('',(0.,0.,-1.));
#5086=DIRECTION('',(-1.,0.,0.));
#5087=DIRECTION('',(0.,0.,-1.));
#5088=DIRECTION('',(0.,0.,-1.));
#5089=DIRECTION('',(-1.,0.,0.));
#5090=DIRECTION('',(2.40511193123899E-16,1.,0.));
#5091=DIRECTION('',(-1.,2.40511193123899E-16,0.));
#5092=DIRECTION('',(0.,0.,-1.));
#5093=DIRECTION('',(-1.,2.40511193123899E-16,0.));
#5094=DIRECTION('',(1.,-2.40511193123899E-16,0.));
#5095=DIRECTION('',(0.,0.,-1.));
#5096=DIRECTION('',(-1.,0.,0.));
#5097=DIRECTION('',(0.,0.,-1.));
#5098=DIRECTION('',(-1.,0.,0.));
#5099=DIRECTION('',(0.,0.,-1.));
#5100=DIRECTION('',(0.,0.,-1.));
#5101=DIRECTION('',(-1.,0.,0.));
#5102=DIRECTION('',(0.,0.,-1.));
#5103=DIRECTION('',(-1.,0.,0.));
#5104=DIRECTION('',(0.,0.,-1.));
#5105=DIRECTION('',(-1.,0.,0.));
#5106=DIRECTION('',(0.,0.,1.));
#5107=DIRECTION('',(0.,1.,0.));
#5108=DIRECTION('',(0.,0.,-1.));
#5109=DIRECTION('',(0.,0.,-1.));
#5110=DIRECTION('',(-1.,0.,0.));
#5111=DIRECTION('',(0.,0.,-1.));
#5112=DIRECTION('',(-1.,0.,0.));
#5113=DIRECTION('',(0.,0.,-1.));
#5114=DIRECTION('',(-1.,0.,0.));
#5115=DIRECTION('',(0.,0.,-1.));
#5116=DIRECTION('',(-1.,0.,0.));
#5117=DIRECTION('',(-1.,7.89062061007355E-16,0.));
#5118=DIRECTION('',(-7.89062061007355E-16,-1.,0.));
#5119=DIRECTION('',(-1.,7.89062061007355E-16,0.));
#5120=DIRECTION('',(-7.89062061007355E-16,-1.,0.));
#5121=DIRECTION('',(-1.,7.89062061007355E-16,0.));
#5122=DIRECTION('',(-7.89062061007355E-16,-1.,0.));
#5123=DIRECTION('',(-7.89062061007355E-16,-1.,0.));
#5124=DIRECTION('',(0.,0.,1.));
#5125=DIRECTION('',(-7.89062061007355E-16,-1.,0.));
#5126=DIRECTION('',(-7.89062061007355E-16,-1.,0.));
#5127=DIRECTION('',(-1.,7.89062061007355E-16,0.));
#5128=DIRECTION('',(-7.89062061007355E-16,-1.,0.));
#5129=DIRECTION('',(-1.,7.89062061007355E-16,0.));
#5130=DIRECTION('',(-7.89062061007355E-16,-1.,0.));
#5131=DIRECTION('',(-1.,7.89062061007355E-16,0.));
#5132=DIRECTION('',(-7.89062061007355E-16,-1.,0.));
#5133=DIRECTION('',(-1.,7.89062061007355E-16,0.));
#5134=DIRECTION('',(-7.89062061007355E-16,-1.,0.));
#5135=DIRECTION('',(-7.89062061007355E-16,-1.,0.));
#5136=DIRECTION('',(-7.89062061007355E-16,-1.,0.));
#5137=DIRECTION('',(0.,0.,1.));
#5138=DIRECTION('',(-7.89062061007355E-16,-1.,0.));
#5139=DIRECTION('',(-1.,7.89062061007355E-16,0.));
#5140=DIRECTION('',(-7.89062061007355E-16,-1.,0.));
#5141=DIRECTION('',(-1.,7.89062061007355E-16,0.));
#5142=DIRECTION('',(-7.89062061007355E-16,-1.,0.));
#5143=DIRECTION('',(-1.,7.89062061007355E-16,0.));
#5144=DIRECTION('',(-7.89062061007355E-16,-1.,0.));
#5145=DIRECTION('',(-1.,7.89062061007355E-16,0.));
#5146=DIRECTION('',(-7.89062061007355E-16,-1.,0.));
#5147=DIRECTION('',(-4.92768653368949E-16,-1.,0.));
#5148=DIRECTION('',(1.,-4.92768653368949E-16,0.));
#5149=DIRECTION('',(0.,0.,-1.));
#5150=DIRECTION('',(1.,-4.92768653368949E-16,0.));
#5151=DIRECTION('',(0.,0.,-1.));
#5152=DIRECTION('',(1.,-4.92768653368949E-16,0.));
#5153=DIRECTION('',(-4.92768653368949E-16,-1.,0.));
#5154=DIRECTION('',(1.,-4.92768653368949E-16,0.));
#5155=DIRECTION('',(-1.,4.92768653368949E-16,0.));
#5156=DIRECTION('',(0.,0.,-1.));
#5157=DIRECTION('',(-1.,0.,0.));
#5158=DIRECTION('',(0.,0.,-1.));
#5159=DIRECTION('',(-1.,0.,0.));
#5160=DIRECTION('',(0.,0.,-1.));
#5161=DIRECTION('',(0.,0.,-1.));
#5162=DIRECTION('',(-1.,0.,0.));
#5163=DIRECTION('',(0.,0.,-1.));
#5164=DIRECTION('',(-1.,0.,0.));
#5165=DIRECTION('',(0.,0.,1.));
#5166=DIRECTION('',(0.,-1.,0.));
#5167=DIRECTION('',(0.,0.,-1.));
#5168=DIRECTION('',(0.,0.,-1.));
#5169=DIRECTION('',(-1.,0.,0.));
#5170=DIRECTION('',(0.,0.,-1.));
#5171=DIRECTION('',(-1.,0.,0.));
#5172=DIRECTION('',(0.,0.,-1.));
#5173=DIRECTION('',(-1.,0.,0.));
#5174=DIRECTION('',(0.,0.,-1.));
#5175=DIRECTION('',(-1.,0.,0.));
#5176=DIRECTION('',(0.,0.,1.));
#5177=DIRECTION('',(1.,0.,0.));
#5178=DIRECTION('',(0.,0.,1.));
#5179=DIRECTION('',(0.,0.,-1.));
#5180=DIRECTION('',(0.,0.,1.));
#5181=DIRECTION('',(1.,0.,0.));
#5182=DIRECTION('',(0.,0.,1.));
#5183=DIRECTION('',(0.,0.,-1.));
#5184=DIRECTION('',(0.,0.,1.));
#5185=DIRECTION('',(1.,0.,0.));
#5186=DIRECTION('',(0.,0.,1.));
#5187=DIRECTION('',(0.,0.,1.));
#5188=DIRECTION('',(1.,0.,0.));
#5189=DIRECTION('',(0.,0.,-1.));
#5190=DIRECTION('',(0.,1.,0.));
#5191=DIRECTION('',(0.,0.,1.));
#5192=DIRECTION('',(1.,0.,0.));
#5193=DIRECTION('',(0.,0.,-1.));
#5194=DIRECTION('',(0.,-1.,0.));
#5195=DIRECTION('',(0.,0.,-1.));
#5196=DIRECTION('',(0.,0.,-1.));
#5197=DIRECTION('',(-1.,0.,0.));
#5198=DIRECTION('',(0.,0.,1.));
#5199=DIRECTION('',(-1.,0.,0.));
#5200=DIRECTION('',(0.,0.,-1.));
#5201=DIRECTION('',(-1.,0.,0.));
#5202=DIRECTION('',(0.,0.,-1.));
#5203=DIRECTION('',(-1.,0.,0.));
#5204=DIRECTION('',(0.,0.,1.));
#5205=DIRECTION('',(1.,0.,0.));
#5206=DIRECTION('',(0.,0.,-1.));
#5207=DIRECTION('',(-1.,0.,0.));
#5208=DIRECTION('',(0.,0.,1.));
#5209=DIRECTION('',(1.,0.,0.));
#5210=DIRECTION('',(0.,0.,1.));
#5211=DIRECTION('',(0.,-1.,0.));
#5212=DIRECTION('',(0.,0.,-1.));
#5213=DIRECTION('',(-1.,0.,0.));
#5214=DIRECTION('',(0.,0.,-1.));
#5215=DIRECTION('',(-1.,0.,0.));
#5216=DIRECTION('',(0.,0.,-1.));
#5217=DIRECTION('',(-1.,0.,0.));
#5218=DIRECTION('',(0.,0.,1.));
#5219=DIRECTION('',(-1.,0.,0.));
#5220=DIRECTION('',(0.,0.,-1.));
#5221=DIRECTION('',(-1.,0.,0.));
#5222=DIRECTION('',(0.,0.,-1.));
#5223=DIRECTION('',(-1.,0.,0.));
#5224=DIRECTION('',(0.,0.,1.));
#5225=DIRECTION('',(1.,0.,0.));
#5226=DIRECTION('',(0.,0.,-1.));
#5227=DIRECTION('',(-1.,0.,0.));
#5228=DIRECTION('',(0.,0.,1.));
#5229=DIRECTION('',(1.,0.,0.));
#5230=DIRECTION('',(0.,0.,-1.));
#5231=DIRECTION('',(-1.,0.,0.));
#5232=DIRECTION('',(0.,0.,-1.));
#5233=DIRECTION('',(-1.,0.,0.));
#5234=DIRECTION('',(0.,0.,1.));
#5235=DIRECTION('',(1.,0.,0.));
#5236=DIRECTION('',(0.,0.,-1.));
#5237=DIRECTION('',(-1.,0.,0.));
#5238=DIRECTION('',(0.,0.,1.));
#5239=DIRECTION('',(0.,1.,0.));
#5240=DIRECTION('',(0.,0.,-1.));
#5241=DIRECTION('',(-1.,0.,0.));
#5242=DIRECTION('',(0.,0.,-1.));
#5243=DIRECTION('',(-1.,0.,0.));
#5244=DIRECTION('',(0.,0.,1.));
#5245=DIRECTION('',(1.,0.,0.));
#5246=DIRECTION('',(0.,0.,-1.));
#5247=DIRECTION('',(-1.,0.,0.));
#5248=DIRECTION('',(0.,0.,1.));
#5249=DIRECTION('',(0.,1.,0.));
#5250=DIRECTION('',(0.,0.,-1.));
#5251=DIRECTION('',(-1.,0.,0.));
#5252=DIRECTION('',(0.,0.,1.));
#5253=DIRECTION('',(0.,1.,0.));
#5254=DIRECTION('',(0.,0.,-1.));
#5255=DIRECTION('',(-1.,0.,0.));
#5256=DIRECTION('',(0.,0.,1.));
#5257=DIRECTION('',(0.,1.,0.));
#5258=DIRECTION('',(0.,0.,-1.));
#5259=DIRECTION('',(-1.,0.,0.));
#5260=DIRECTION('',(0.,0.,1.));
#5261=DIRECTION('',(0.,1.,0.));
#5262=DIRECTION('',(0.,0.,-1.));
#5263=DIRECTION('',(-1.,0.,0.));
#5264=DIRECTION('',(0.,0.,1.));
#5265=DIRECTION('',(0.,1.,0.));
#5266=DIRECTION('',(1.,0.,0.));
#5267=DIRECTION('',(0.,0.,-1.));
#5268=DIRECTION('',(-1.,0.,0.));
#5269=DIRECTION('',(0.,0.,1.));
#5270=DIRECTION('',(1.,0.,0.));
#5271=DIRECTION('',(1.,0.,0.));
#5272=DIRECTION('',(0.,0.,-1.));
#5273=DIRECTION('',(1.,0.,0.));
#5274=DIRECTION('',(-1.,7.89062061007355E-16,0.));
#5275=DIRECTION('',(-7.89062061007355E-16,-1.,0.));
#5276=DIRECTION('',(1.,0.,0.));
#5277=DIRECTION('',(0.,0.,-1.));
#5278=DIRECTION('',(-1.,0.,0.));
#5279=DIRECTION('',(0.,0.,1.));
#5280=DIRECTION('',(1.,0.,0.));
#5281=DIRECTION('',(1.,0.,0.));
#5282=DIRECTION('',(0.,1.01031211453532E-15,-1.));
#5283=DIRECTION('',(0.,1.,1.01031211453532E-15));
#5284=DIRECTION('',(2.68436704477798E-33,9.84406675701082E-16,-1.));
#5285=DIRECTION('',(1.03621755336956E-16,-1.,-9.84406675701082E-16));
#5286=DIRECTION('',(2.68436704477798E-33,9.84406675701082E-16,-1.));
#5287=DIRECTION('',(1.03621755336956E-16,-1.,-9.84406675701082E-16));
#5288=DIRECTION('',(1.,0.,0.));
#5289=DIRECTION('',(0.,1.,1.01031211453532E-15));
#5290=DIRECTION('',(1.,0.,0.));
#5291=DIRECTION('',(0.,0.,-1.));
#5292=DIRECTION('',(-1.,0.,0.));
#5293=DIRECTION('',(0.,0.,1.));
#5294=DIRECTION('',(1.,0.,0.));
#5295=DIRECTION('',(1.,0.,0.));
#5296=DIRECTION('',(0.,0.,-1.));
#5297=DIRECTION('',(-1.,7.89062061007355E-16,0.));
#5298=DIRECTION('',(-7.89062061007355E-16,-1.,0.));
#5299=DIRECTION('',(1.,0.,0.));
#5300=DIRECTION('',(0.,-1.01031211453532E-15,1.));
#5301=DIRECTION('',(0.,-1.,-1.01031211453532E-15));
#5302=DIRECTION('',(0.,-1.01031211453532E-15,1.));
#5303=DIRECTION('',(0.,-1.,-1.01031211453532E-15));
#5304=DIRECTION('',(0.,-1.01031211453532E-15,1.));
#5305=DIRECTION('',(0.,-1.,-1.01031211453532E-15));
#5306=DIRECTION('',(0.,-1.,-1.01031211453532E-15));
#5307=DIRECTION('',(0.,-1.,0.));
#5308=DIRECTION('',(0.,0.,-1.));
#5309=DIRECTION('',(-4.92768653368949E-16,-1.,0.));
#5310=DIRECTION('',(1.,-4.92768653368949E-16,0.));
#5311=DIRECTION('',(-0.919145030018058,-0.393919298579168,0.));
#5312=DIRECTION('',(0.393919298579168,-0.919145030018058,0.));
#5313=DIRECTION('',(0.,-1.,0.));
#5314=DIRECTION('',(-0.919145030018058,0.393919298579168,0.));
#5315=DIRECTION('',(-0.393919298579168,-0.919145030018058,0.));
#5316=DIRECTION('',(4.9829390879749E-16,1.,0.));
#5317=DIRECTION('',(-1.,4.9829390879749E-16,0.));
#5318=DIRECTION('',(0.374834874754455,-0.374834874754455,-0.847937281487036));
#5319=DIRECTION('',(0.,0.914620831885998,-0.404312668463611));
#5320=DIRECTION('',(0.,-1.,0.));
#5321=DIRECTION('',(0.,0.,-1.));
#5322=DIRECTION('',(0.,-1.,0.));
#5323=DIRECTION('',(0.,0.,-1.));
#5324=DIRECTION('',(2.75116136444707E-16,-1.,-6.93889390390718E-16));
#5325=DIRECTION('',(0.,6.93889390390718E-16,-1.));
#5326=DIRECTION('',(-0.374834874754452,-0.374834874754452,0.847937281487039));
#5327=DIRECTION('',(0.,-0.914620831885999,-0.404312668463607));
#5328=DIRECTION('',(0.,1.,0.));
#5329=DIRECTION('',(0.,0.,1.));
#5330=DIRECTION('',(0.,1.,0.));
#5331=DIRECTION('',(0.354166666666659,-6.25878755885999E-16,-0.93518232031098));
#5332=DIRECTION('',(-0.93518232031098,0.,-0.354166666666659));
#5333=DIRECTION('',(6.31250676978453E-16,1.,-3.38482629458888E-15));
#5334=DIRECTION('',(0.,3.38482629458888E-15,1.));
#5335=DIRECTION('',(0.,1.,0.));
#5336=DIRECTION('',(0.,0.,1.));
#5337=DIRECTION('',(0.,1.,0.));
#5338=DIRECTION('',(0.,0.,1.));
#5339=DIRECTION('',(-0.354166666666665,-9.27455592086188E-16,0.935182320310977));
#5340=DIRECTION('',(0.935182320310978,0.,0.354166666666665));
#5341=DIRECTION('',(0.,0.,1.));
#5342=DIRECTION('',(1.,0.,0.));
#5343=DIRECTION('',(0.,0.,1.));
#5344=DIRECTION('',(0.,0.,-1.));
#5345=DIRECTION('',(1.,0.,0.));
#5346=DIRECTION('',(0.,0.,1.));
#5347=DIRECTION('',(8.57076816194075E-17,1.,0.));
#5348=DIRECTION('',(-1.,8.57076816194075E-17,0.));
#5349=DIRECTION('',(-1.,8.57076816194075E-17,0.));
#5350=DIRECTION('',(0.,0.,1.));
#5351=DIRECTION('',(0.,0.,1.));
#5352=DIRECTION('',(1.,0.,0.));
#5353=DIRECTION('',(0.,0.,-1.));
#5354=DIRECTION('',(1.,0.,0.));
#5355=DIRECTION('',(0.,0.,1.));
#5356=DIRECTION('',(-1.,6.73940744357734E-17,0.));
#5357=DIRECTION('',(-6.73940744357734E-17,-1.,0.));
#5358=DIRECTION('',(-6.73940744357734E-17,-1.,0.));
#5359=DIRECTION('',(0.,0.,1.));
#5360=DIRECTION('',(0.,0.,1.));
#5361=DIRECTION('',(1.,0.,0.));
#5362=DIRECTION('',(0.,0.,-1.));
#5363=DIRECTION('',(-1.,0.,0.));
#5364=DIRECTION('',(0.,0.,1.));
#5365=DIRECTION('',(0.,-1.,0.));
#5366=DIRECTION('',(0.,0.,-1.));
#5367=DIRECTION('',(1.,0.,0.));
#5368=DIRECTION('',(0.,0.,1.));
#5369=DIRECTION('',(0.,0.,1.));
#5370=DIRECTION('',(1.,0.,0.));
#5371=DIRECTION('',(0.,0.,-1.));
#5372=DIRECTION('',(1.,0.,0.));
#5373=DIRECTION('',(0.,0.,1.));
#5374=DIRECTION('',(1.,0.,0.));
#5375=DIRECTION('',(0.,0.,-1.));
#5376=DIRECTION('',(0.,1.,0.));
#5377=DIRECTION('',(0.,0.,-1.));
#5378=DIRECTION('',(-1.,0.,0.));
#5379=DIRECTION('',(-9.97476216040787E-16,-1.,0.));
#5380=DIRECTION('',(1.,-9.97476216040787E-16,0.));
#5381=DIRECTION('',(-0.787505001007585,0.616308261658111,0.));
#5382=DIRECTION('',(-0.616308261658111,-0.787505001007585,0.));
#5383=DIRECTION('',(0.787505001007587,0.616308261658109,0.));
#5384=DIRECTION('',(-0.616308261658109,0.787505001007587,0.));
#5385=DIRECTION('',(-1.,9.62044772495509E-16,0.));
#5386=DIRECTION('',(-9.62044772495509E-16,-1.,0.));
#5387=DIRECTION('',(0.61630826165811,-0.787505001007586,0.));
#5388=DIRECTION('',(0.787505001007586,0.61630826165811,0.));
#5389=DIRECTION('',(0.616308261658111,0.787505001007585,0.));
#5390=DIRECTION('',(-0.787505001007585,0.616308261658111,0.));
#5391=DIRECTION('',(1.,-9.62044772495509E-16,0.));
#5392=DIRECTION('',(9.62044772495509E-16,1.,0.));
#5393=DIRECTION('',(-0.616308261658111,-0.787505001007585,0.));
#5394=DIRECTION('',(0.787505001007585,-0.616308261658111,0.));
#5395=DIRECTION('',(-0.61630826165811,0.787505001007587,0.));
#5396=DIRECTION('',(-0.787505001007587,-0.61630826165811,0.));
#5397=DIRECTION('',(9.62044772495509E-16,1.,0.));
#5398=DIRECTION('',(-1.,9.62044772495509E-16,0.));
#5399=DIRECTION('',(0.787505001007585,-0.616308261658112,0.));
#5400=DIRECTION('',(0.616308261658112,0.787505001007585,0.));
#5401=DIRECTION('',(-0.787505001007586,-0.61630826165811,0.));
#5402=DIRECTION('',(0.61630826165811,-0.787505001007586,0.));
#5403=DIRECTION('',(-1.,2.40511193123899E-16,0.));
#5404=DIRECTION('',(-2.40511193123899E-16,-1.,0.));
#5405=DIRECTION('',(1.,0.,0.));
#5406=DIRECTION('',(0.,0.,-1.));
#5407=DIRECTION('',(0.,0.,-1.));
#5408=DIRECTION('',(-1.,0.,0.));
#5409=DIRECTION('',(0.,0.,-1.));
#5410=DIRECTION('',(-1.,0.,0.));
#5411=DIRECTION('',(0.,1.,0.));
#5412=DIRECTION('',(0.,0.,1.));
#5413=DIRECTION('',(-1.,4.9829390879749E-16,0.));
#5414=DIRECTION('',(-4.9829390879749E-16,-1.,0.));
#5415=DIRECTION('',(1.,0.,0.));
#5416=DIRECTION('',(0.,0.,-1.));
#5417=DIRECTION('',(-1.84204253554171E-16,1.,0.));
#5418=DIRECTION('',(-1.,-1.84204253554171E-16,0.));
#5419=DIRECTION('',(4.9829390879749E-16,1.,0.));
#5420=DIRECTION('',(-1.,4.9829390879749E-16,0.));
#5421=DIRECTION('',(0.985708435381198,0.,-0.16846032297948));
#5422=DIRECTION('',(-0.16846032297948,0.,-0.985708435381198));
#5423=DIRECTION('',(1.,0.,0.));
#5424=DIRECTION('',(0.,0.,-1.));
#5425=DIRECTION('',(1.,0.,0.));
#5426=DIRECTION('',(0.,0.,-1.));
#5427=DIRECTION('',(1.,-4.9829390879749E-16,0.));
#5428=DIRECTION('',(0.,0.,-1.));
#5429=DIRECTION('',(-1.,0.,0.));
#5430=DIRECTION('',(0.,1.,0.));
#5431=DIRECTION('',(0.,0.,1.));
#5432=DIRECTION('',(0.,1.,0.));
#5433=DIRECTION('',(0.,0.,1.));
#5434=DIRECTION('',(-1.,7.89062061007355E-16,0.));
#5435=DIRECTION('',(-7.89062061007355E-16,-1.,0.));
#5436=DIRECTION('',(7.38626005285845E-16,0.936081002732382,-0.351784531103256));
#5437=DIRECTION('',(0.,0.351784531103256,0.936081002732382));
#5438=DIRECTION('',(0.,0.404312668463606,-0.914620831886));
#5439=DIRECTION('',(0.,0.914620831886,0.404312668463606));
#5440=DIRECTION('',(0.,0.,-1.));
#5441=DIRECTION('',(-1.,0.,0.));
#5442=DIRECTION('',(1.,0.,0.));
#5443=DIRECTION('',(0.,0.,-1.));
#5444=DIRECTION('',(-1.,7.89062061007355E-16,0.));
#5445=DIRECTION('',(-7.89062061007355E-16,-1.,0.));
#5446=DIRECTION('',(1.,-2.37935769163444E-16,0.));
#5447=DIRECTION('',(2.37935769163444E-16,1.,0.));
#5448=DIRECTION('',(-1.,7.89062061007355E-16,0.));
#5449=DIRECTION('',(-7.89062061007355E-16,-1.,0.));
#5450=DIRECTION('',(0.,0.40431266846361,0.914620831885998));
#5451=DIRECTION('',(0.,-0.914620831885998,0.40431266846361));
#5452=DIRECTION('',(-1.,7.89062061007355E-16,0.));
#5453=DIRECTION('',(-7.89062061007355E-16,-1.,0.));
#5454=DIRECTION('',(1.,-4.92768653368949E-16,0.));
#5455=DIRECTION('',(4.92768653368949E-16,1.,0.));
#5456=DIRECTION('',(1.,0.,0.));
#5457=DIRECTION('',(0.,0.,-1.));
#5458=DIRECTION('',(-4.92768653368949E-16,-1.,0.));
#5459=DIRECTION('',(1.,-4.92768653368949E-16,0.));
#5460=DIRECTION('',(0.985708435381285,0.,-0.16846032297897));
#5461=DIRECTION('',(-0.16846032297897,0.,-0.985708435381285));
#5462=DIRECTION('',(1.,0.,0.));
#5463=DIRECTION('',(0.,0.,-1.));
#5464=DIRECTION('',(1.,0.,0.));
#5465=DIRECTION('',(0.,0.,-1.));
#5466=DIRECTION('',(1.,0.,0.));
#5467=DIRECTION('',(-1.,7.89062061007355E-16,0.));
#5468=DIRECTION('',(-7.89062061007355E-16,-1.,0.));
#5469=DIRECTION('',(0.,0.,1.));
#5470=DIRECTION('',(1.,0.,0.));
#5471=DIRECTION('',(-3.48440056353352E-16,-0.707106781186558,0.707106781186536));
#5472=DIRECTION('',(0.612372872324835,0.353552634329458,-0.707106781186075));
#5473=DIRECTION('',(0.,0.,-1.));
#5474=DIRECTION('',(-1.,0.,0.));
#5475=DIRECTION('',(-0.612372301321562,0.353553623337123,-0.707106781186071));
#5476=DIRECTION('',(0.,0.,1.));
#5477=DIRECTION('',(1.,0.,0.));
#5478=DIRECTION('',(0.,0.707106781186557,-0.707106781186538));
#5479=DIRECTION('',(-1.68245995862306E-16,-0.707106781186538,-0.707106781186557));
#5480=DIRECTION('',(-1.,2.37935769163444E-16,0.));
#5481=DIRECTION('',(0.,0.707106781186557,-0.707106781186538));
#5482=DIRECTION('',(-0.707106781186536,5.57951134115325E-16,-0.707106781186559));
#5483=DIRECTION('',(-7.89062061007355E-16,-1.,0.));
#5484=DIRECTION('',(-0.707106781186557,0.,0.707106781186538));
#5485=DIRECTION('',(0.707106781186581,0.,-0.707106781186514));
#5486=DIRECTION('',(0.,0.,1.));
#5487=DIRECTION('',(1.,0.,0.));
#5488=DIRECTION('',(0.586394177569934,0.395147907133649,-0.707106781186532));
#5489=DIRECTION('',(-1.,0.,0.));
#5490=DIRECTION('',(0.,0.,1.));
#5491=DIRECTION('',(-0.707106781186548,-0.707106781186548,-2.47804996635697E-16));
#5492=DIRECTION('',(0.,0.,-1.));
#5493=DIRECTION('',(-1.,0.,0.));
#5494=DIRECTION('',(-0.498239168609958,-0.501754652059013,-0.707106781186545));
#5495=DIRECTION('',(1.,0.,0.));
#5496=DIRECTION('',(0.,0.,-1.));
#5497=DIRECTION('',(0.,0.,1.));
#5498=DIRECTION('',(1.,0.,0.));
#5499=DIRECTION('',(-0.707106781186532,0.,-0.707106781186563));
#5500=DIRECTION('',(0.707106781186538,0.,-0.707106781186557));
#5501=DIRECTION('',(0.,-1.,0.));
#5502=DIRECTION('',(-0.707106781186557,0.,-0.707106781186538));
#5503=DIRECTION('',(0.,0.,1.));
#5504=DIRECTION('',(1.,0.,0.));
#5505=DIRECTION('',(-0.395147907133652,0.586394177569924,-0.707106781186538));
#5506=DIRECTION('',(0.,0.,-1.));
#5507=DIRECTION('',(-1.,0.,0.));
#5508=DIRECTION('',(-0.395147907133653,-0.586394177569921,-0.70710678118654));
#5509=DIRECTION('',(0.,0.,1.));
#5510=DIRECTION('',(1.,0.,0.));
#5511=DIRECTION('',(-0.707106781186557,0.,-0.707106781186538));
#5512=DIRECTION('',(0.707106781186547,1.30252076811561E-16,-0.707106781186548));
#5513=DIRECTION('',(1.84204253554171E-16,-1.,0.));
#5514=DIRECTION('',(-0.707106781186557,0.,-0.707106781186538));
#5515=DIRECTION('',(0.,0.,1.));
#5516=DIRECTION('',(1.,0.,0.));
#5517=DIRECTION('',(-0.498239168609971,0.501754652058976,-0.707106781186562));
#5518=DIRECTION('',(0.,0.,-1.));
#5519=DIRECTION('',(-1.,0.,0.));
#5520=DIRECTION('',(0.58639417756988,-0.39514790713363,-0.707106781186587));
#5521=DIRECTION('',(0.,0.,1.));
#5522=DIRECTION('',(1.,0.,0.));
#5523=DIRECTION('',(0.,-0.707106781186532,-0.707106781186563));
#5524=DIRECTION('',(1.70067095609186E-16,0.707106781186587,-0.707106781186508));
#5525=DIRECTION('',(1.,-2.40511193123899E-16,0.));
#5526=DIRECTION('',(0.,-0.707106781186508,-0.707106781186587));
#5527=DIRECTION('',(0.,0.,1.));
#5528=DIRECTION('',(1.,0.,0.));
#5529=DIRECTION('',(-0.612372435695786,-0.353553390593284,-0.70710678118655));
#5530=DIRECTION('',(0.,0.,-1.));
#5531=DIRECTION('',(-1.,0.,0.));
#5532=DIRECTION('',(0.612372435695783,-0.353553390593285,-0.707106781186552));
#5533=DIRECTION('',(1.,0.,0.));
#5534=DIRECTION('',(0.,0.,-1.));
#5535=DIRECTION('',(-0.707106781186572,0.707106781186523,9.75296422640107E-16));
#5536=DIRECTION('',(0.,0.,1.));
#5537=DIRECTION('',(1.,0.,0.));
#5538=DIRECTION('',(3.52347001934659E-16,0.707106781186554,0.707106781186542));
#5539=DIRECTION('',(-1.,0.,0.));
#5540=DIRECTION('',(0.,0.,1.));
#5541=DIRECTION('',(0.,0.,-1.));
#5542=DIRECTION('',(-1.,0.,0.));
#5543=DIRECTION('',(0.,0.,-1.));
#5544=DIRECTION('',(0.,1.,0.));
#5545=DIRECTION('',(0.,0.,1.));
#5546=DIRECTION('',(1.,0.,0.));
#5547=DIRECTION('',(0.,0.,-1.));
#5548=DIRECTION('',(-1.,0.,0.));
#5549=DIRECTION('',(0.,0.,-1.));
#5550=DIRECTION('',(0.,1.,0.));
#5551=DIRECTION('',(0.,0.,1.));
#5552=DIRECTION('',(1.,0.,0.));
#5553=DIRECTION('',(0.,0.,-1.));
#5554=DIRECTION('',(-1.,0.,0.));
#5555=DIRECTION('',(0.,0.,-1.));
#5556=DIRECTION('',(0.,1.,0.));
#5557=DIRECTION('',(0.,0.,1.));
#5558=DIRECTION('',(1.,0.,0.));
#5559=DIRECTION('',(0.,0.,-1.));
#5560=DIRECTION('',(-1.,0.,0.));
#5561=DIRECTION('',(0.,0.,-1.));
#5562=DIRECTION('',(0.,1.,0.));
#5563=DIRECTION('',(0.,0.,1.));
#5564=DIRECTION('',(1.,0.,0.));
#5565=DIRECTION('',(0.,0.,-1.));
#5566=DIRECTION('',(-1.,0.,0.));
#5567=DIRECTION('',(0.,0.,-1.));
#5568=DIRECTION('',(0.,1.,0.));
#5569=DIRECTION('',(0.,0.,1.));
#5570=DIRECTION('',(1.,0.,0.));
#5571=DIRECTION('',(0.,0.,-1.));
#5572=DIRECTION('',(-1.,0.,0.));
#5573=DIRECTION('',(0.,0.,-1.));
#5574=DIRECTION('',(-1.,0.,0.));
#5575=DIRECTION('',(-0.643475006682178,-0.765467122595981,-1.67437680044387E-15));
#5576=DIRECTION('',(0.765467122595981,-0.643475006682178,0.));
#5577=DIRECTION('',(0.,0.,-1.));
#5578=DIRECTION('',(-1.,0.,0.));
#5579=DIRECTION('',(-0.643475006682187,0.765467122595973,1.5087995102429E-14));
#5580=DIRECTION('',(-0.765467122595973,-0.643475006682187,0.));
#5581=DIRECTION('',(0.,0.,-1.));
#5582=DIRECTION('',(-1.,0.,0.));
#5583=DIRECTION('',(0.,0.,-1.));
#5584=DIRECTION('',(-1.,0.,0.));
#5585=DIRECTION('',(0.,0.,-1.));
#5586=DIRECTION('',(-1.,0.,0.));
#5587=DIRECTION('',(0.,0.,-1.));
#5588=DIRECTION('',(-1.,0.,0.));
#5589=DIRECTION('',(0.,0.,-1.));
#5590=DIRECTION('',(-1.,0.,0.));
#5591=DIRECTION('',(0.,0.,-1.));
#5592=DIRECTION('',(-1.,0.,0.));
#5593=DIRECTION('',(0.,0.,-1.));
#5594=DIRECTION('',(-1.,0.,0.));
#5595=DIRECTION('',(0.,0.,-1.));
#5596=DIRECTION('',(-1.,0.,0.));
#5597=DIRECTION('',(0.904433884653459,-0.426613816338212,-5.92045601902362E-15));
#5598=DIRECTION('',(0.426613816338212,0.904433884653459,0.));
#5599=DIRECTION('',(0.,0.,-1.));
#5600=DIRECTION('',(-1.,0.,0.));
#5601=DIRECTION('',(0.588871352908818,-0.808226781122315,0.));
#5602=DIRECTION('',(0.808226781122315,0.588871352908818,0.));
#5603=DIRECTION('',(0.808226781122454,0.588871352908627,-2.55382240055205E-16));
#5604=DIRECTION('',(-0.588871352908627,0.808226781122454,0.));
#5605=DIRECTION('',(0.,0.,-1.));
#5606=DIRECTION('',(-1.,0.,0.));
#5607=DIRECTION('',(-0.80822678112379,0.588871352906794,0.));
#5608=DIRECTION('',(-0.588871352906794,-0.80822678112379,0.));
#5609=DIRECTION('',(-0.643475006683577,0.765467122594805,-1.11625120029834E-15));
#5610=DIRECTION('',(-0.765467122594805,-0.643475006683577,0.));
#5611=DIRECTION('',(0.,0.,-1.));
#5612=DIRECTION('',(-1.,0.,0.));
#5613=DIRECTION('',(-0.643475006683618,-0.765467122594771,0.));
#5614=DIRECTION('',(0.765467122594771,-0.643475006683618,0.));
#5615=DIRECTION('',(0.904433884652733,0.426613816339751,0.));
#5616=DIRECTION('',(-0.426613816339751,0.904433884652733,0.));
#5617=DIRECTION('',(0.,0.,-1.));
#5618=DIRECTION('',(-1.,0.,0.));
#5619=DIRECTION('',(0.588871352906552,0.808226781123966,0.));
#5620=DIRECTION('',(-0.808226781123966,0.588871352906552,0.));
#5621=DIRECTION('',(0.,0.,-1.));
#5622=DIRECTION('',(-1.,0.,0.));
#5623=DIRECTION('',(0.,0.,1.));
#5624=DIRECTION('',(1.,0.,0.));
#5625=DIRECTION('',(0.,0.,-1.));
#5626=DIRECTION('',(-1.,0.,0.));
#5627=DIRECTION('',(0.,0.,1.));
#5628=DIRECTION('',(1.,0.,0.));
#5629=DIRECTION('',(0.,0.,-1.));
#5630=DIRECTION('',(-1.,0.,0.));
#5631=DIRECTION('',(0.,0.,1.));
#5632=DIRECTION('',(1.,0.,0.));
#5633=DIRECTION('',(0.,0.,-1.));
#5634=DIRECTION('',(-1.,0.,0.));
#5635=DIRECTION('',(0.,0.,1.));
#5636=DIRECTION('',(1.,0.,0.));
#5637=DIRECTION('',(1.,0.,0.));
#5638=DIRECTION('',(0.,0.,-1.));
#5639=DIRECTION('',(1.,-4.09205559858244E-16,0.));
#5640=DIRECTION('',(4.09205559858244E-16,1.,0.));
#5641=DIRECTION('',(0.972260927978349,0.233898883979125,0.));
#5642=DIRECTION('',(-0.233898883979125,0.972260927978349,0.));
#5643=DIRECTION('',(1.,0.,0.));
#5644=DIRECTION('',(0.,0.,-1.));
#5645=DIRECTION('',(1.,0.,0.));
#5646=DIRECTION('',(0.,0.,-1.));
#5647=DIRECTION('',(-0.972260927978364,0.233898883979063,0.));
#5648=DIRECTION('',(-0.233898883979063,-0.972260927978364,0.));
#5649=DIRECTION('',(-3.46944695195362E-15,-1.,0.));
#5650=DIRECTION('',(1.,-3.46944695195362E-15,0.));
#5651=DIRECTION('',(0.,0.,-1.));
#5652=DIRECTION('',(1.,-3.46944695195362E-15,0.));
#5653=DIRECTION('',(0.,0.,1.));
#5654=DIRECTION('',(1.,-3.46944695195362E-15,0.));
#5655=DIRECTION('',(0.,0.,1.));
#5656=DIRECTION('',(1.,0.,0.));
#5657=DIRECTION('',(0.,0.,1.));
#5658=DIRECTION('',(1.,0.,0.));
#5659=DIRECTION('',(-7.89062061007355E-16,-1.,0.));
#5660=DIRECTION('',(0.,0.,1.));
#5661=DIRECTION('',(1.,0.,0.));
#5662=DIRECTION('',(0.,0.,1.));
#5663=DIRECTION('',(1.,0.,0.));
#5664=DIRECTION('',(1.,-3.46944695195362E-15,0.));
#5665=DIRECTION('',(0.,0.,1.));
#5666=DIRECTION('',(1.,0.,0.));
#5667=DIRECTION('',(0.,0.,-1.));
#5668=DIRECTION('',(-1.,0.,0.));
#5669=DIRECTION('',(0.,0.,-1.));
#5670=DIRECTION('',(-1.,0.,0.));
#5671=DIRECTION('',(0.,0.,-1.));
#5672=DIRECTION('',(0.,0.,1.));
#5673=DIRECTION('',(1.,0.,0.));
#5674=DIRECTION('',(0.,0.,-1.));
#5675=DIRECTION('',(-1.,0.,0.));
#5676=DIRECTION('',(0.,0.,1.));
#5677=DIRECTION('',(1.,0.,0.));
#5678=DIRECTION('',(0.,0.,-1.));
#5679=DIRECTION('',(-1.,0.,0.));
#5680=DIRECTION('',(0.,0.,1.));
#5681=DIRECTION('',(1.,0.,0.));
#5682=DIRECTION('',(0.,0.,-1.));
#5683=DIRECTION('',(-1.,0.,0.));
#5684=DIRECTION('',(0.,0.,1.));
#5685=DIRECTION('',(1.,0.,0.));
#5686=DIRECTION('',(0.,0.,1.));
#5687=DIRECTION('',(1.,0.,0.));
#5688=DIRECTION('',(0.,0.,-1.));
#5689=DIRECTION('',(0.,1.,0.));
#5690=DIRECTION('',(0.,0.,1.));
#5691=DIRECTION('',(1.,0.,0.));
#5692=DIRECTION('',(0.,0.,-1.));
#5693=DIRECTION('',(0.,1.,0.));
#5694=DIRECTION('',(0.,0.,-1.));
#5695=DIRECTION('',(-1.,0.,0.));
#5696=DIRECTION('',(0.,0.,1.));
#5697=DIRECTION('',(1.,0.,0.));
#5698=DIRECTION('',(0.343389162789528,0.939193208492644,0.));
#5699=DIRECTION('',(-0.939193208492644,0.343389162789528,0.));
#5700=DIRECTION('',(0.,0.,1.));
#5701=DIRECTION('',(1.,0.,0.));
#5702=DIRECTION('',(1.,0.,0.));
#5703=DIRECTION('',(0.,0.,-1.));
#5704=DIRECTION('',(1.,-3.46944695195362E-15,0.));
#5705=DIRECTION('',(3.46944695195362E-15,1.,0.));
#5706=DIRECTION('',(1.,0.,0.));
#5707=DIRECTION('',(0.,0.,-1.));
#5708=DIRECTION('',(0.,0.,1.));
#5709=DIRECTION('',(1.,0.,0.));
#5710=DIRECTION('',(0.,-1.,0.));
#5711=DIRECTION('',(0.,0.,-1.));
#5712=DIRECTION('',(-7.89062061007355E-16,-1.,0.));
#5713=DIRECTION('',(1.,-7.89062061007355E-16,0.));
#5714=DIRECTION('',(0.,0.,-1.));
#5715=DIRECTION('',(-1.,0.,0.));
#5716=DIRECTION('',(0.,0.707106781186557,-0.707106781186538));
#5717=DIRECTION('',(-2.45326946669341E-15,-0.707106781186551,-0.707106781186544));
#5718=DIRECTION('',(1.,-3.46944695195362E-15,0.));
#5719=DIRECTION('',(0.,0.707106781186532,-0.707106781186563));
#5720=DIRECTION('',(0.,0.,-1.));
#5721=DIRECTION('',(-1.,0.,0.));
#5722=DIRECTION('',(-0.664109886569518,0.242812805594425,-0.707106781186537));
#5723=DIRECTION('',(0.,0.,1.));
#5724=DIRECTION('',(1.,0.,0.));
#5725=DIRECTION('',(0.,0.707106781186557,-0.707106781186538));
#5726=DIRECTION('',(-3.48440056353342E-16,-0.707106781186536,-0.707106781186558));
#5727=DIRECTION('',(1.,-4.92768653368949E-16,0.));
#5728=DIRECTION('',(0.,0.,1.));
#5729=DIRECTION('',(1.,0.,0.));
#5730=DIRECTION('',(0.,0.,1.));
#5731=DIRECTION('',(1.,0.,0.));
#5732=DIRECTION('',(1.,-4.9829390879749E-16,0.));
#5733=DIRECTION('',(-7.89062061007355E-16,-1.,0.));
#5734=DIRECTION('',(0.,0.,1.));
#5735=DIRECTION('',(1.,0.,0.));
#5736=DIRECTION('',(-1.,0.,0.));
#5737=DIRECTION('',(0.,0.,1.));
#5738=DIRECTION('',(1.,0.,0.));
#5739=DIRECTION('',(0.,0.,1.));
#5740=DIRECTION('',(1.,0.,0.));
#5741=DIRECTION('',(0.,1.,0.));
#5742=DIRECTION('',(0.,0.,1.));
#5743=DIRECTION('',(0.,0.,1.));
#5744=DIRECTION('',(-1.,0.,0.));
#5745=DIRECTION('',(0.,0.,-1.));
#5746=DIRECTION('',(-1.,0.,0.));
#5747=DIRECTION('',(0.,0.,1.));
#5748=DIRECTION('',(1.,0.,0.));
#5749=DIRECTION('',(0.,0.,-1.));
#5750=DIRECTION('',(0.,1.,0.));
#5751=DIRECTION('',(0.,0.,1.));
#5752=DIRECTION('',(1.,0.,0.));
#5753=DIRECTION('',(0.,0.,-1.));
#5754=DIRECTION('',(0.,1.,0.));
#5755=DIRECTION('',(0.,0.,-1.));
#5756=DIRECTION('',(-1.,0.,0.));
#5757=DIRECTION('',(0.,0.,-1.));
#5758=DIRECTION('',(-1.,0.,0.));
#5759=DIRECTION('',(0.,0.,-1.));
#5760=DIRECTION('',(0.,0.,-1.));
#5761=DIRECTION('',(-1.,0.,0.));
#5762=DIRECTION('',(0.,0.,1.));
#5763=DIRECTION('',(1.,0.,0.));
#5764=DIRECTION('',(0.,0.,1.));
#5765=DIRECTION('',(1.,0.,0.));
#5766=DIRECTION('',(0.,0.,-1.));
#5767=DIRECTION('',(-1.,0.,0.));
#5768=DIRECTION('',(0.,0.,1.));
#5769=DIRECTION('',(1.,0.,0.));
#5770=DIRECTION('',(0.,0.,-1.));
#5771=DIRECTION('',(-1.,0.,0.));
#5772=DIRECTION('',(0.,0.,-1.));
#5773=DIRECTION('',(-1.,0.,0.));
#5774=DIRECTION('',(0.,0.,1.));
#5775=DIRECTION('',(1.,0.,0.));
#5776=DIRECTION('',(1.,-4.9829390879749E-16,0.));
#5777=DIRECTION('',(4.9829390879749E-16,1.,0.));
#5778=DIRECTION('',(-1.,7.89062061007355E-16,0.));
#5779=DIRECTION('',(-7.89062061007355E-16,-1.,0.));
#5780=DIRECTION('',(0.,0.,1.));
#5781=DIRECTION('',(1.,0.,0.));
#5782=DIRECTION('',(0.333333333333331,-0.942809041582064,0.));
#5783=DIRECTION('',(0.942809041582064,0.333333333333331,0.));
#5784=DIRECTION('',(0.,0.,1.));
#5785=DIRECTION('',(1.,0.,0.));
#5786=DIRECTION('',(1.,0.,0.));
#5787=DIRECTION('',(0.,0.,-1.));
#5788=DIRECTION('',(-1.,0.,0.));
#5789=DIRECTION('',(0.,0.,1.));
#5790=DIRECTION('',(-1.,0.,0.));
#5791=DIRECTION('',(0.,0.,1.));
#5792=DIRECTION('',(0.,0.,1.));
#5793=DIRECTION('',(1.,0.,0.));
#5794=DIRECTION('',(0.,1.,0.));
#5795=DIRECTION('',(0.,0.,1.));
#5796=DIRECTION('',(-7.89062061007355E-16,-1.,0.));
#5797=DIRECTION('',(1.,-7.89062061007355E-16,0.));
#5798=DIRECTION('',(3.52347001934653E-16,0.707106781186542,-0.707106781186554));
#5799=DIRECTION('',(-1.,4.9829390879749E-16,0.));
#5800=DIRECTION('',(0.,-0.707106781186557,-0.707106781186538));
#5801=DIRECTION('',(0.,0.,1.));
#5802=DIRECTION('',(1.,0.,0.));
#5803=DIRECTION('',(-0.666666666666672,-0.235702260395535,-0.707106781186536));
#5804=DIRECTION('',(0.,0.,-1.));
#5805=DIRECTION('',(-1.,0.,0.));
#5806=DIRECTION('',(0.,-0.707106781186557,-0.707106781186538));
#5807=DIRECTION('',(0.,0.707106781186538,-0.707106781186557));
#5808=DIRECTION('',(-1.,0.,0.));
#5809=DIRECTION('',(0.,-0.707106781186557,-0.707106781186538));
#5810=DIRECTION('',(0.,0.,-1.));
#5811=DIRECTION('',(-1.,0.,0.));
#5812=DIRECTION('',(0.707106781186557,0.,-0.707106781186538));
#5813=DIRECTION('',(-0.707106781186536,5.57951134115325E-16,-0.707106781186559));
#5814=DIRECTION('',(-7.89062061007355E-16,-1.,0.));
#5815=DIRECTION('',(-0.707106781186563,0.,0.707106781186532));
#5816=DIRECTION('',(0.,-1.01031211453532E-15,1.));
#5817=DIRECTION('',(0.,-1.,-1.01031211453532E-15));
#5818=DIRECTION('',(2.68436704477798E-33,9.84406675701082E-16,-1.));
#5819=DIRECTION('',(1.03621755336956E-16,-1.,-9.84406675701082E-16));
#5820=DIRECTION('',(0.,1.03621755336956E-15,-1.));
#5821=DIRECTION('',(0.,1.,1.03621755336956E-15));
#5822=DIRECTION('',(0.,-1.01031211453532E-15,1.));
#5823=DIRECTION('',(0.,-1.,-1.01031211453532E-15));
#5824=DIRECTION('',(2.68436704477798E-33,9.84406675701082E-16,-1.));
#5825=DIRECTION('',(1.03621755336956E-16,-1.,-9.84406675701082E-16));
#5826=DIRECTION('',(0.,1.03621755336956E-15,-1.));
#5827=DIRECTION('',(0.,1.,1.03621755336956E-15));
#5828=DIRECTION('',(0.,-1.03621755336956E-15,1.));
#5829=DIRECTION('',(0.,-1.,-1.03621755336956E-15));
#5830=DIRECTION('',(0.,-1.03621755336956E-15,1.));
#5831=DIRECTION('',(0.,1.,1.03621755336956E-15));
#5832=DIRECTION('',(0.,1.01031211453532E-15,-1.));
#5833=DIRECTION('',(0.,1.,1.01031211453532E-15));
#5834=DIRECTION('',(0.,-1.01031211453532E-15,1.));
#5835=DIRECTION('',(0.,-1.,-1.01031211453532E-15));
#5836=DIRECTION('',(0.,-1.03621755336956E-15,1.));
#5837=DIRECTION('',(0.,-1.,-1.03621755336956E-15));
#5838=DIRECTION('',(0.,-1.03621755336956E-15,1.));
#5839=DIRECTION('',(0.,1.,1.03621755336956E-15));
#5840=DIRECTION('',(0.,1.01031211453532E-15,-1.));
#5841=DIRECTION('',(0.,1.,1.01031211453532E-15));
#5842=DIRECTION('',(0.,-1.01031211453532E-15,1.));
#5843=DIRECTION('',(0.,-1.,-1.01031211453532E-15));
#5844=DIRECTION('',(0.,-1.01031211453532E-15,1.));
#5845=DIRECTION('',(0.,-1.,-1.01031211453532E-15));
#5846=DIRECTION('',(0.,-1.01031211453532E-15,1.));
#5847=DIRECTION('',(0.,-1.,-1.01031211453532E-15));
#5848=DIRECTION('',(0.,-1.01031211453532E-15,1.));
#5849=DIRECTION('',(0.,-1.,-1.01031211453532E-15));
#5850=DIRECTION('',(2.68436704477798E-33,9.84406675701082E-16,-1.));
#5851=DIRECTION('',(1.03621755336956E-16,-1.,-9.84406675701082E-16));
#5852=DIRECTION('',(2.68436704477798E-33,9.84406675701082E-16,-1.));
#5853=DIRECTION('',(0.,1.,9.84406675701082E-16));
#5854=DIRECTION('',(0.,-1.01031211453532E-15,1.));
#5855=DIRECTION('',(0.,-1.,-1.01031211453532E-15));
#5856=DIRECTION('',(2.68436704477798E-33,9.84406675701082E-16,-1.));
#5857=DIRECTION('',(1.03621755336956E-16,-1.,-9.84406675701082E-16));
#5858=DIRECTION('',(2.68436704477798E-33,9.84406675701082E-16,-1.));
#5859=DIRECTION('',(0.,1.,9.84406675701082E-16));
#5860=DIRECTION('',(-1.,7.89062061007355E-16,0.));
#5861=DIRECTION('',(-7.89062061007355E-16,-1.,0.));
#5862=DIRECTION('',(-1.,7.89062061007355E-16,0.));
#5863=DIRECTION('',(-7.89062061007355E-16,-1.,0.));
#5864=DIRECTION('',(0.,0.,-1.));
#5865=DIRECTION('',(-1.,0.,0.));
#5866=DIRECTION('',(0.,0.,-1.));
#5867=DIRECTION('',(-1.,0.,0.));
#5868=DIRECTION('',(0.,0.,-1.));
#5869=DIRECTION('',(-1.,0.,0.));
#5870=DIRECTION('',(0.,0.,-1.));
#5871=DIRECTION('',(-1.,0.,0.));
#5872=DIRECTION('',(0.,1.,0.));
#5873=DIRECTION('',(0.,0.,1.));
#5874=DIRECTION('',(0.,0.,1.));
#5875=DIRECTION('',(-1.,0.,0.));
#5876=DIRECTION('',(0.,0.,1.));
#5877=DIRECTION('',(-1.,0.,0.));
#5878=DIRECTION('',(0.,0.,1.));
#5879=DIRECTION('',(0.,0.,1.));
#5880=DIRECTION('',(0.,-1.,0.));
#5881=DIRECTION('',(0.,-1.,0.));
#5882=DIRECTION('',(0.,0.,-1.));
#5883=DIRECTION('',(0.,0.,1.));
#5884=DIRECTION('',(1.,0.,0.));
#5885=DIRECTION('',(1.,0.,0.));
#5886=DIRECTION('',(0.,0.,-1.));
#5887=DIRECTION('',(0.,1.,0.));
#5888=DIRECTION('',(0.,0.,1.));
#5889=DIRECTION('',(1.,0.,0.));
#5890=CARTESIAN_POINT('',(0.,0.,0.));
#5891=CARTESIAN_POINT('',(-36.24,-28.24,0.699999999999999));
#5892=CARTESIAN_POINT('',(-39.94,-28.24,0.699999999999999));
#5893=CARTESIAN_POINT('',(-39.94,-28.24,0.9));
#5894=CARTESIAN_POINT('',(-39.94,-28.24,2.5));
#5895=CARTESIAN_POINT('',(-36.24,-28.24,2.5));
#5896=CARTESIAN_POINT('',(-36.24,-31.94,2.5));
#5897=CARTESIAN_POINT('',(-36.24,-31.94,0.699999999999999));
#5898=CARTESIAN_POINT('',(-36.24,-31.94,0.9));
#5899=CARTESIAN_POINT('',(-36.24,-28.24,0.9));
#5900=CARTESIAN_POINT('',(4.24,-31.94,0.699999999999999));
#5901=CARTESIAN_POINT('',(-36.24,-31.94,2.5));
#5902=CARTESIAN_POINT('',(4.24000000000001,-31.94,2.5));
#5903=CARTESIAN_POINT('',(4.24,-31.94,0.699999999999999));
#5904=CARTESIAN_POINT('',(4.24,-31.94,0.9));
#5905=CARTESIAN_POINT('',(4.24,-31.94,0.9));
#5906=CARTESIAN_POINT('',(4.24,-28.24,0.699999999999999));
#5907=CARTESIAN_POINT('',(4.24,-28.24,2.5));
#5908=CARTESIAN_POINT('',(7.94,-28.24,2.5));
#5909=CARTESIAN_POINT('',(7.94,-28.24,0.699999999999999));
#5910=CARTESIAN_POINT('',(7.94,-28.24,0.9));
#5911=CARTESIAN_POINT('',(4.24,-28.24,0.9));
#5912=CARTESIAN_POINT('',(7.94,23.24,0.699999999999999));
#5913=CARTESIAN_POINT('',(7.94,-28.24,2.5));
#5914=CARTESIAN_POINT('',(7.94,23.24,2.5));
#5915=CARTESIAN_POINT('',(7.94,23.24,0.699999999999999));
#5916=CARTESIAN_POINT('',(7.94,23.24,0.9));
#5917=CARTESIAN_POINT('',(7.94,23.24,0.9));
#5918=CARTESIAN_POINT('',(4.24,23.24,0.699999999999999));
#5919=CARTESIAN_POINT('',(4.24,23.24,2.5));
#5920=CARTESIAN_POINT('',(4.24,26.94,2.5));
#5921=CARTESIAN_POINT('',(4.24,26.94,0.699999999999999));
#5922=CARTESIAN_POINT('',(4.24,26.94,0.9));
#5923=CARTESIAN_POINT('',(4.24,23.24,0.9));
#5924=CARTESIAN_POINT('',(-36.24,26.94,0.699999999999999));
#5925=CARTESIAN_POINT('',(4.24,26.94,2.5));
#5926=CARTESIAN_POINT('',(-36.24,26.94,2.5));
#5927=CARTESIAN_POINT('',(-36.24,26.94,0.699999999999999));
#5928=CARTESIAN_POINT('',(-36.24,26.94,0.9));
#5929=CARTESIAN_POINT('',(-36.24,26.94,0.9));
#5930=CARTESIAN_POINT('',(-36.24,23.24,0.699999999999999));
#5931=CARTESIAN_POINT('',(-36.24,23.24,2.5));
#5932=CARTESIAN_POINT('',(-39.94,23.24,2.5));
#5933=CARTESIAN_POINT('',(-39.94,23.24,0.699999999999999));
#5934=CARTESIAN_POINT('',(-39.94,23.24,0.9));
#5935=CARTESIAN_POINT('',(-36.24,23.24,0.9));
#5936=CARTESIAN_POINT('',(-39.94,-28.24,0.699999999999999));
#5937=CARTESIAN_POINT('',(-39.94,23.24,2.5));
#5938=CARTESIAN_POINT('',(-39.94,-28.24,0.9));
#5939=CARTESIAN_POINT('',(-35.0200000000001,-35.61,0.));
#5940=CARTESIAN_POINT('',(-35.0200000000001,-35.61,0.));
#5941=CARTESIAN_POINT('',(-38.1700000000001,-35.61,0.));
#5942=CARTESIAN_POINT('',(-35.0200000000001,-35.61,1.5));
#5943=CARTESIAN_POINT('',(-36.6700000000001,-35.61,1.5));
#5944=CARTESIAN_POINT('',(3.02000000000001,-35.61,0.));
#5945=CARTESIAN_POINT('',(3.02000000000001,-35.61,0.));
#5946=CARTESIAN_POINT('',(-0.129999999999991,-35.61,0.));
#5947=CARTESIAN_POINT('',(3.02000000000001,-35.61,1.5));
#5948=CARTESIAN_POINT('',(1.37000000000001,-35.61,1.5));
#5949=CARTESIAN_POINT('',(-35.02,29.85,0.));
#5950=CARTESIAN_POINT('',(-35.02,29.85,0.));
#5951=CARTESIAN_POINT('',(-38.17,29.85,0.));
#5952=CARTESIAN_POINT('',(-35.02,29.85,1.5));
#5953=CARTESIAN_POINT('',(-36.67,29.85,1.5));
#5954=CARTESIAN_POINT('',(3.02000000000002,29.85,0.));
#5955=CARTESIAN_POINT('',(3.02000000000002,29.85,0.));
#5956=CARTESIAN_POINT('',(-0.129999999999977,29.85,0.));
#5957=CARTESIAN_POINT('',(3.02000000000002,29.85,1.5));
#5958=CARTESIAN_POINT('',(1.37000000000001,29.85,1.5));
#5959=CARTESIAN_POINT('',(82.75,74.7374839909743,-19.1000000000001));
#5960=CARTESIAN_POINT('',(85.75,74.7374839909743,-19.1000000000001));
#5961=CARTESIAN_POINT('',(85.7499999999999,-66.4636784413113,-19.1000000000002));
#5962=CARTESIAN_POINT('',(85.75,67.4636784412933,-19.1000000000001));
#5963=CARTESIAN_POINT('',(82.7499999999999,-66.4636784413113,-19.1000000000002));
#5964=CARTESIAN_POINT('',(82.7499999999999,-66.4636784413113,-22.1000000000002));
#5965=CARTESIAN_POINT('',(82.75,67.4636784412933,-22.1000000000001));
#5966=CARTESIAN_POINT('',(82.75,67.4636784412933,-22.1000000000001));
#5967=CARTESIAN_POINT('',(82.75,67.4636784412933,-19.1000000000001));
#5968=CARTESIAN_POINT('',(85.55,67.4636784412933,-16.1000000000001));
#5969=CARTESIAN_POINT('',(85.55,67.4636784412933,-16.1000000000001));
#5970=CARTESIAN_POINT('',(85.5499999999999,-66.4636784413114,-16.1000000000002));
#5971=CARTESIAN_POINT('',(85.55,67.4636784412933,-16.1000000000001));
#5972=CARTESIAN_POINT('',(85.7499999999999,-66.4636784413114,-16.3000000000002));
#5973=CARTESIAN_POINT('',(85.7499999999999,-66.4636784413114,-16.3000000000002));
#5974=CARTESIAN_POINT('',(85.75,74.7374839909743,-16.3000000000001));
#5975=CARTESIAN_POINT('',(85.75,67.4636784412933,-16.3000000000001));
#5976=CARTESIAN_POINT('',(85.75,67.4636784412933,-16.3000000000001));
#5977=CARTESIAN_POINT('',(70.673645797715,-97.5000000000001,10.));
#5978=CARTESIAN_POINT('',(69.7499999999999,-97.5000000000001,9.83));
#5979=CARTESIAN_POINT('',(69.7499999999999,-97.5000000000001,2.5));
#5980=CARTESIAN_POINT('',(69.7499999999999,-97.5000000000001,9.63));
#5981=CARTESIAN_POINT('',(70.673645797715,-97.5000000000001,9.63));
#5982=CARTESIAN_POINT('',(14.9724318643354,-97.5000000000001,9.63));
#5983=CARTESIAN_POINT('',(14.9724318643354,-97.5000000000001,10.));
#5984=CARTESIAN_POINT('',(14.9724318643354,-97.5000000000001,3.));
#5985=CARTESIAN_POINT('',(26.75,-97.5000000000001,3.));
#5986=CARTESIAN_POINT('',(26.75,-97.5000000000001,3.));
#5987=CARTESIAN_POINT('',(26.75,-97.5000000000001,-15.));
#5988=CARTESIAN_POINT('',(29.7822858136307,-97.5000000000001,2.74275183686156));
#5989=CARTESIAN_POINT('',(29.7822858136307,-97.5000000000001,2.74275183686155));
#5990=CARTESIAN_POINT('',(32.5728639137866,-97.5000000000001,2.26583425030368));
#5991=CARTESIAN_POINT('',(35.3824665556464,-97.5000000000001,2.00693598175521));
#5992=CARTESIAN_POINT('',(38.2146608694368,-97.5000000000001,2.00693598175521));
#5993=CARTESIAN_POINT('',(38.2146608694368,-97.5000000000001,2.00693598175521));
#5994=CARTESIAN_POINT('',(70.673645797715,-97.5000000000001,2.00693598175521));
#5995=CARTESIAN_POINT('',(68.3018931956856,-97.5000000000001,2.00693598175521));
#5996=CARTESIAN_POINT('',(68.3018931956856,-97.5000000000001,2.00693598175521));
#5997=CARTESIAN_POINT('',(68.788484824526,-97.5000000000001,2.15986389855659));
#5998=CARTESIAN_POINT('',(69.2692462907214,-97.5000000000001,2.33002874571061));
#5999=CARTESIAN_POINT('',(69.7499999999999,-97.5000000000001,2.5));
#6000=CARTESIAN_POINT('',(70.673645797715,-97.3967004831502,1.22647053670439));
#6001=CARTESIAN_POINT('',(70.673645797715,-97.4320017396776,1.38206982626548));
#6002=CARTESIAN_POINT('',(70.673645797715,-97.5026042527324,1.69326840538765));
#6003=CARTESIAN_POINT('',(70.673645797715,-97.4978430098514,2.01233987240334));
#6004=CARTESIAN_POINT('',(70.673645797715,-97.4954623884109,2.17187560591118));
#6005=CARTESIAN_POINT('',(70.9464635261106,-97.4009453060097,1.22802440086041));
#6006=CARTESIAN_POINT('',(70.9446413015285,-97.4362238733495,1.38366678329801));
#6007=CARTESIAN_POINT('',(70.9409968523645,-97.5067810080291,1.69495154817321));
#6008=CARTESIAN_POINT('',(70.9388312147886,-97.5019466512321,2.01411663031199));
#6009=CARTESIAN_POINT('',(70.9377483960006,-97.4995294728335,2.17369917138138));
#6010=CARTESIAN_POINT('',(71.4920989829017,-97.4094349517288,1.23113212917246));
#6011=CARTESIAN_POINT('',(71.4866323091556,-97.4446681406934,1.38686069736308));
#6012=CARTESIAN_POINT('',(71.4756989616635,-97.5151345186226,1.69831783374433));
#6013=CARTESIAN_POINT('',(71.4692020489358,-97.5101539339935,2.01767014612929));
#6014=CARTESIAN_POINT('',(71.4659535925719,-97.5076636416789,2.17734630232176));
#6015=CARTESIAN_POINT('',(72.0282333665781,-97.4670998305018,1.25161828366242));
#6016=CARTESIAN_POINT('',(72.019248290793,-97.5020389832947,1.40792903106947));
#6017=CARTESIAN_POINT('',(72.0012781392226,-97.5719172888805,1.72055052588359));
#6018=CARTESIAN_POINT('',(71.9907586335117,-97.5659896523899,2.04116870163518));
#6019=CARTESIAN_POINT('',(71.9854988806562,-97.5630258341445,2.20147778951098));
#6020=CARTESIAN_POINT('',(72.2963005584164,-97.4959322698884,1.26186136090739));
#6021=CARTESIAN_POINT('',(72.2855562816117,-97.5307244045954,1.41846319792267));
#6022=CARTESIAN_POINT('',(72.2640677280022,-97.6003086740095,1.73166687195321));
#6023=CARTESIAN_POINT('',(72.2515369257997,-97.5939075115881,2.05291797938813));
#6024=CARTESIAN_POINT('',(72.2452715246984,-97.5907069303773,2.21354353310559));
#6025=CARTESIAN_POINT('',(70.673645797715,-94.5000000000001,2.00693598175521));
#6026=CARTESIAN_POINT('',(70.673645797715,-97.4957682173591,2.16622436131211));
#6027=CARTESIAN_POINT('',(70.673645797715,-97.3981676796236,1.23193656189358));
#6028=CARTESIAN_POINT('',(70.673645797715,-97.3981676796236,1.23193656189358));
#6029=CARTESIAN_POINT('',(71.2493364711239,-97.3981676796236,1.23193656189358));
#6030=CARTESIAN_POINT('',(71.7878292485495,-97.5011271994034,1.46051204696515));
#6031=CARTESIAN_POINT('',(72.2542632659119,-97.5847842263763,1.78397438219263));
#6032=CARTESIAN_POINT('',(72.2542632659119,-97.5847842263763,1.78397438219263));
#6033=CARTESIAN_POINT('',(72.2542632659119,-97.5847842263763,1.78397438219263));
#6034=CARTESIAN_POINT('',(71.7236949338397,-97.5316887319713,1.89065388128814));
#6035=CARTESIAN_POINT('',(71.1969112552116,-97.5036065120183,2.01880799557578));
#6036=CARTESIAN_POINT('',(70.6736457977151,-97.4957682173591,2.16622436131243));
#6037=CARTESIAN_POINT('',(-72.173645797715,111.5,9.83));
#6038=CARTESIAN_POINT('',(81.7499999999998,-101.5,9.83));
#6039=CARTESIAN_POINT('',(81.7499999999998,-105.3,9.83));
#6040=CARTESIAN_POINT('',(85.5499999999999,-101.5,9.83));
#6041=CARTESIAN_POINT('',(85.55,111.5,9.83));
#6042=CARTESIAN_POINT('',(85.5499999999999,-91.2884763310358,9.83000000000001));
#6043=CARTESIAN_POINT('',(45.75,-91.288476331036,9.83));
#6044=CARTESIAN_POINT('',(82.825,-91.288476331036,9.83));
#6045=CARTESIAN_POINT('',(82.825,-93.7750000000001,9.83));
#6046=CARTESIAN_POINT('',(82.825,-93.7750000000001,9.83));
#6047=CARTESIAN_POINT('',(82.025,-93.7750000000001,9.83));
#6048=CARTESIAN_POINT('',(82.025,-94.5750000000001,9.83));
#6049=CARTESIAN_POINT('',(-81.525,-94.5750000000001,9.83));
#6050=CARTESIAN_POINT('',(-81.525,-94.5750000000001,9.83));
#6051=CARTESIAN_POINT('',(-81.525,-93.7750000000001,9.83));
#6052=CARTESIAN_POINT('',(-82.325,-93.7750000000001,9.83));
#6053=CARTESIAN_POINT('',(-82.325,94.7749999999999,9.83));
#6054=CARTESIAN_POINT('',(-82.325,94.7749999999999,9.83));
#6055=CARTESIAN_POINT('',(-81.525,94.7749999999999,9.83));
#6056=CARTESIAN_POINT('',(-81.525,95.5749999999999,9.83));
#6057=CARTESIAN_POINT('',(82.025,95.5749999999999,9.83));
#6058=CARTESIAN_POINT('',(82.025,95.5749999999999,9.83));
#6059=CARTESIAN_POINT('',(82.025,94.7749999999999,9.83));
#6060=CARTESIAN_POINT('',(82.825,94.7749999999999,9.83));
#6061=CARTESIAN_POINT('',(82.825,92.1984116710035,9.83));
#6062=CARTESIAN_POINT('',(82.825,92.2884763310163,9.83));
#6063=CARTESIAN_POINT('',(45.75,92.2884763310162,9.83));
#6064=CARTESIAN_POINT('',(85.55,92.2884763310162,9.83));
#6065=CARTESIAN_POINT('',(85.55,111.5,9.83));
#6066=CARTESIAN_POINT('',(85.55,102.379330046526,9.83));
#6067=CARTESIAN_POINT('',(81.75,102.379330046526,9.83));
#6068=CARTESIAN_POINT('',(81.75,106.179330046526,9.83));
#6069=CARTESIAN_POINT('',(-72.1736457977151,106.179330046526,9.83));
#6070=CARTESIAN_POINT('',(81.0212286310371,106.179330046526,9.83));
#6071=CARTESIAN_POINT('',(81.0212286310371,102.379330046526,9.83));
#6072=CARTESIAN_POINT('',(77.4522944387651,103.684208865126,9.83));
#6073=CARTESIAN_POINT('',(69.7509101291254,106.5,9.83));
#6074=CARTESIAN_POINT('',(69.7509101291254,98.2999999999999,9.83));
#6075=CARTESIAN_POINT('',(-72.173645797715,98.2999999999999,9.83));
#6076=CARTESIAN_POINT('',(14.9724318643303,98.2999999999999,9.83));
#6077=CARTESIAN_POINT('',(14.9724318643303,111.5,9.83));
#6078=CARTESIAN_POINT('',(3.54089888082819,104.899995935819,9.83));
#6079=CARTESIAN_POINT('',(0.250000000000002,102.999999999991,9.83));
#6080=CARTESIAN_POINT('',(-3.04089904283052,104.899995655231,9.83));
#6081=CARTESIAN_POINT('',(-14.4724318643303,111.5,9.83));
#6082=CARTESIAN_POINT('',(-14.4724318643303,98.2999999999999,9.83));
#6083=CARTESIAN_POINT('',(-72.173645797715,98.2999999999999,9.83));
#6084=CARTESIAN_POINT('',(-72.173645797715,98.2999999999999,9.83));
#6085=CARTESIAN_POINT('',(-72.173645797715,111.5,9.83));
#6086=CARTESIAN_POINT('',(-83.1202289020861,104.123529411765,9.83));
#6087=CARTESIAN_POINT('',(-86.2715179775869,102.,9.83));
#6088=CARTESIAN_POINT('',(-88.949061017891,99.3035647110827,9.83));
#6089=CARTESIAN_POINT('',(-98.25,89.9370000232644,9.83));
#6090=CARTESIAN_POINT('',(-85.05,89.9370000232644,9.83));
#6091=CARTESIAN_POINT('',(-85.05,111.5,9.83));
#6092=CARTESIAN_POINT('',(-85.05,14.5978721798716,9.83));
#6093=CARTESIAN_POINT('',(-98.25,14.5978721798716,9.83));
#6094=CARTESIAN_POINT('',(-90.8735294117647,3.6512890755006,9.83));
#6095=CARTESIAN_POINT('',(-88.75,0.499999999999876,9.83));
#6096=CARTESIAN_POINT('',(-90.8735294117647,-2.65128907550084,9.83));
#6097=CARTESIAN_POINT('',(-98.25,-13.5978721798718,9.83));
#6098=CARTESIAN_POINT('',(-85.05,-13.5978721798718,9.83));
#6099=CARTESIAN_POINT('',(-85.05,111.5,9.83));
#6100=CARTESIAN_POINT('',(-85.05,-88.9370000232646,9.83));
#6101=CARTESIAN_POINT('',(-98.25,-88.9370000232646,9.83));
#6102=CARTESIAN_POINT('',(-88.9490610178909,-98.3035647110827,9.83));
#6103=CARTESIAN_POINT('',(-86.2715179775867,-101.,9.83));
#6104=CARTESIAN_POINT('',(-83.120228902086,-103.123529411765,9.83));
#6105=CARTESIAN_POINT('',(-72.1736457977151,-110.5,9.83));
#6106=CARTESIAN_POINT('',(-72.173645797715,-97.3000000000001,9.83));
#6107=CARTESIAN_POINT('',(-72.1736457977151,-97.3000000000001,9.83));
#6108=CARTESIAN_POINT('',(-14.4724318643355,-97.3000000000001,9.83));
#6109=CARTESIAN_POINT('',(-14.4724318643355,-110.5,9.83));
#6110=CARTESIAN_POINT('',(-3.04089653438087,-103.9,9.83));
#6111=CARTESIAN_POINT('',(0.25,-102.,9.83));
#6112=CARTESIAN_POINT('',(3.54089653438087,-103.9,9.83));
#6113=CARTESIAN_POINT('',(14.9724318643355,-110.5,9.83));
#6114=CARTESIAN_POINT('',(14.9724318643355,-97.3000000000001,9.83));
#6115=CARTESIAN_POINT('',(-72.1736457977151,-97.3000000000001,9.83));
#6116=CARTESIAN_POINT('',(69.7499999999999,-97.3000000000001,9.83));
#6117=CARTESIAN_POINT('',(69.7499999999999,-105.5,9.83));
#6118=CARTESIAN_POINT('',(77.4810341409728,-102.766666666667,9.83));
#6119=CARTESIAN_POINT('',(81.0637084989846,-101.5,9.83));
#6120=CARTESIAN_POINT('',(81.0637084989846,-105.3,9.83));
#6121=CARTESIAN_POINT('',(-72.173645797715,-105.3,9.83));
#6122=CARTESIAN_POINT('',(81.7500000000001,-101.500000000003,9.83));
#6123=CARTESIAN_POINT('',(81.7500000000001,-99.5000000000026,9.83));
#6124=CARTESIAN_POINT('',(0.25,102.999999999991,9.83));
#6125=CARTESIAN_POINT('',(0.25,104.999999999991,9.83));
#6126=CARTESIAN_POINT('',(-86.2715179775869,101.999999999991,9.83));
#6127=CARTESIAN_POINT('',(-86.2715179775869,103.999999999991,9.83));
#6128=CARTESIAN_POINT('',(-88.7500000000002,0.499999999990869,9.83));
#6129=CARTESIAN_POINT('',(-88.7500000000002,2.49999999999087,9.83));
#6130=CARTESIAN_POINT('',(-86.271517977587,-101.000000000009,9.83));
#6131=CARTESIAN_POINT('',(-86.271517977587,-99.0000000000092,9.83));
#6132=CARTESIAN_POINT('',(0.250000000001808,-102.00000000001,9.83));
#6133=CARTESIAN_POINT('',(0.250000000001808,-100.00000000001,9.83));
#6134=CARTESIAN_POINT('',(81.7500000000001,102.499999999997,9.83));
#6135=CARTESIAN_POINT('',(81.7500000000001,104.499999999997,9.83));
#6136=CARTESIAN_POINT('',(45.75,-100.396111304282,-15.));
#6137=CARTESIAN_POINT('',(82.7499999999999,-100.396111304282,-15.));
#6138=CARTESIAN_POINT('',(82.7499999999999,-86.6767988259919,-8.93530997304591));
#6139=CARTESIAN_POINT('',(82.7499999999999,-95.1193433377331,-0.958784959014265));
#6140=CARTESIAN_POINT('',(45.75,-95.1193433377331,-0.958784959014265));
#6141=CARTESIAN_POINT('',(39.062458588614,-95.1193433377331,-0.958784959014268));
#6142=CARTESIAN_POINT('',(26.75,-100.396111304282,-15.));
#6143=CARTESIAN_POINT('',(58.76172911601,-86.6767988259919,-8.93530997304591));
#6144=CARTESIAN_POINT('',(45.75,-86.6767988259919,-8.93530997304591));
#6145=CARTESIAN_POINT('',(82.75,93.8370062632536,-2.04392300968488));
#6146=CARTESIAN_POINT('',(85.75,93.8370062632536,-2.04392300968488));
#6147=CARTESIAN_POINT('',(85.75,92.3251852550515,0.547292388378137));
#6148=CARTESIAN_POINT('',(82.749999998444,94.9981993874644,-1.36643546423653));
#6149=CARTESIAN_POINT('',(85.884617758681,94.8249612237277,-1.46750969575352));
#6150=CARTESIAN_POINT('',(85.75,93.4573485515997,1.36027744198178));
#6151=CARTESIAN_POINT('',(82.9335387436723,96.2308584134173,-0.858419074433946));
#6152=CARTESIAN_POINT('',(86.1213645658023,95.7311568886411,-1.06946507075985));
#6153=CARTESIAN_POINT('',(85.8991252289442,94.6591911010365,1.96989711291964));
#6154=CARTESIAN_POINT('',(83.3574484256426,97.4760457456836,-0.521288523613953));
#6155=CARTESIAN_POINT('',(86.4652177395596,96.6545913084209,-0.743694726866797));
#6156=CARTESIAN_POINT('',(86.2435518458346,95.8732487504208,2.37445377166325));
#6157=CARTESIAN_POINT('',(83.75,96.9359238415669,-0.627095665964056));
#6158=CARTESIAN_POINT('',(83.9899280740869,97.0872350008156,-0.544609450869463));
#6159=CARTESIAN_POINT('',(84.2824827646988,97.1108175856108,-0.464381021185648));
#6160=CARTESIAN_POINT('',(84.550225635269,97.0678720006437,-0.352572419271392));
#6161=CARTESIAN_POINT('',(83.75,96.9359238415669,-0.627095665964056));
#6162=CARTESIAN_POINT('',(84.5502256352691,97.0678720006439,-0.352572419271848));
#6163=CARTESIAN_POINT('',(84.5502256352691,97.0678720006438,-0.352572419271846));
#6164=CARTESIAN_POINT('',(84.9356221983075,96.3265679410944,-0.292209827805941));
#6165=CARTESIAN_POINT('',(85.572229448166,94.8043125654314,0.0869004105799136));
#6166=CARTESIAN_POINT('',(85.75,93.1576476769626,0.457777316358586));
#6167=CARTESIAN_POINT('',(85.75,92.3251852550515,0.547292388378117));
#6168=CARTESIAN_POINT('',(85.75,92.3251852550515,0.547292388378137));
#6169=CARTESIAN_POINT('',(82.75,92.3251852550515,0.547292388378137));
#6170=CARTESIAN_POINT('',(82.75,93.8370062632536,-2.04392300968488));
#6171=CARTESIAN_POINT('',(83.0681457940953,96.4826852173779,-0.827553348531914));
#6172=CARTESIAN_POINT('',(82.8483327799129,95.577888161515,-1.14123619856783));
#6173=CARTESIAN_POINT('',(82.75,94.6937146460229,-1.54408431162002));
#6174=CARTESIAN_POINT('',(82.75,93.8370062632536,-2.04392300968488));
#6175=CARTESIAN_POINT('',(83.0681457940954,96.4826852173779,-0.827553348531923));
#6176=CARTESIAN_POINT('',(83.0681457940951,96.4826852173772,-0.827553348532168));
#6177=CARTESIAN_POINT('',(83.2931326875527,96.6402401662258,-0.772930839460277));
#6178=CARTESIAN_POINT('',(83.5224141293534,96.7923963196327,-0.705338685877824));
#6179=CARTESIAN_POINT('',(83.75,96.9359238415669,-0.627095665964066));
#6180=CARTESIAN_POINT('',(45.75,101.396111304264,-15.));
#6181=CARTESIAN_POINT('',(45.75,96.4826852173772,-0.827553348532168));
#6182=CARTESIAN_POINT('',(38.2146608694022,96.4826852173772,-0.827553348532168));
#6183=CARTESIAN_POINT('',(82.75,101.396111304264,-15.));
#6184=CARTESIAN_POINT('',(82.75,87.6767988259739,-8.93530997304584));
#6185=CARTESIAN_POINT('',(45.75,87.6767988259739,-8.93530997304584));
#6186=CARTESIAN_POINT('',(58.7617291160099,87.6767988259739,-8.93530997304584));
#6187=CARTESIAN_POINT('',(26.75,101.396111304264,-15.));
#6188=CARTESIAN_POINT('',(82.825,-94.0000000000001,11.2));
#6189=CARTESIAN_POINT('',(82.825,93.4636784412933,-1.56125112837913E-14));
#6190=CARTESIAN_POINT('',(82.825,83.5636784412933,-1.37939107870574E-14));
#6191=CARTESIAN_POINT('',(82.825,94.7749999999999,11.2));
#6192=CARTESIAN_POINT('',(82.825,94.7749999999999,3.5));
#6193=CARTESIAN_POINT('',(82.825,46.3589999633857,3.5));
#6194=CARTESIAN_POINT('',(82.825,88.5102903392211,3.5));
#6195=CARTESIAN_POINT('',(82.825,88.5102933710154,-1.5));
#6196=CARTESIAN_POINT('',(82.825,83.5229438616026,-1.14454976303319));
#6197=CARTESIAN_POINT('',(82.825,67.4636784412933,-5.3776427755281E-14));
#6198=CARTESIAN_POINT('',(82.825,-94.0000000000001,11.2));
#6199=CARTESIAN_POINT('',(82.825,-92.4636784413114,-2.23779328401008E-13));
#6200=CARTESIAN_POINT('',(82.825,-82.5636784413114,-2.25503467385697E-13));
#6201=CARTESIAN_POINT('',(82.825,-66.4636784413113,-1.99493199737333E-13));
#6202=CARTESIAN_POINT('',(82.825,-82.5229438616206,-1.14454976303322));
#6203=CARTESIAN_POINT('',(82.825,-87.5102933710334,-1.5));
#6204=CARTESIAN_POINT('',(82.825,-87.5102903392391,3.5));
#6205=CARTESIAN_POINT('',(82.825,46.3589999633857,3.5));
#6206=CARTESIAN_POINT('',(82.825,-93.7750000000001,3.5));
#6207=CARTESIAN_POINT('',(82.825,-93.7750000000001,11.2));
#6208=CARTESIAN_POINT('',(-72.1736457977151,-110.5,3.));
#6209=CARTESIAN_POINT('',(-72.1736457977151,-110.5,3.));
#6210=CARTESIAN_POINT('',(-80.7242861582387,-100.707832240766,3.));
#6211=CARTESIAN_POINT('',(-72.173645797715,-97.5000000000001,3.));
#6212=CARTESIAN_POINT('',(-80.7242861582387,-100.707832240766,3.));
#6213=CARTESIAN_POINT('',(-80.7242861582387,-100.707832240766,2.20125769451413));
#6214=CARTESIAN_POINT('',(-80.9687771734117,-100.04790781945,0.655263178569935));
#6215=CARTESIAN_POINT('',(-81.7494688120291,-98.6931121923768,1.64137500153598E-15));
#6216=CARTESIAN_POINT('',(-82.2303840719754,-98.0556432354651,-2.98712354609247E-16));
#6217=CARTESIAN_POINT('',(-82.2303840719754,-98.0556432354651,0.));
#6218=CARTESIAN_POINT('',(-72.1736457977151,-110.5,0.));
#6219=CARTESIAN_POINT('',(-72.173645797715,-94.5000000000001,0.));
#6220=CARTESIAN_POINT('',(-72.173645797715,-94.5000000000001,3.));
#6221=CARTESIAN_POINT('',(14.9724318643355,-110.5,3.));
#6222=CARTESIAN_POINT('',(14.9724318643355,-110.5,3.));
#6223=CARTESIAN_POINT('',(5.76364011955675,-101.324044758103,3.));
#6224=CARTESIAN_POINT('',(5.76364011955675,-101.324044758103,3.));
#6225=CARTESIAN_POINT('',(5.76364011955675,-101.324044758103,2.20125769451407));
#6226=CARTESIAN_POINT('',(5.47399636898626,-100.682653616828,0.65526317856994));
#6227=CARTESIAN_POINT('',(4.6012785794252,-99.3852275936858,7.01205254735482E-16));
#6228=CARTESIAN_POINT('',(4.0773356129669,-98.7826249665972,-2.98659415857837E-16));
#6229=CARTESIAN_POINT('',(4.0773356129669,-98.7826249665972,0.));
#6230=CARTESIAN_POINT('',(14.9724318643355,-110.5,0.));
#6231=CARTESIAN_POINT('',(14.9724318643354,-94.5000000000001,0.));
#6232=CARTESIAN_POINT('',(14.9724318643354,-94.5000000000001,3.));
#6233=CARTESIAN_POINT('',(-98.25,-13.5978721798718,3.));
#6234=CARTESIAN_POINT('',(-98.25,-13.5978721798718,3.));
#6235=CARTESIAN_POINT('',(-88.4578322407583,-5.04723181935687,3.));
#6236=CARTESIAN_POINT('',(-85.25,-13.5978721798718,3.));
#6237=CARTESIAN_POINT('',(-88.4578322407583,-5.04723181935687,3.));
#6238=CARTESIAN_POINT('',(-88.4578322407583,-5.04723181935687,2.20125769451416));
#6239=CARTESIAN_POINT('',(-87.7979078194419,-4.80274080418422,0.655263178569939));
#6240=CARTESIAN_POINT('',(-86.4431121923688,-4.02204916556733,-5.96656193805947E-16));
#6241=CARTESIAN_POINT('',(-85.805643235457,-3.54113390562138,-5.96656193805947E-16));
#6242=CARTESIAN_POINT('',(-85.805643235457,-3.54113390562139,0.));
#6243=CARTESIAN_POINT('',(-98.25,-13.5978721798718,0.));
#6244=CARTESIAN_POINT('',(-82.25,-13.5978721798718,0.));
#6245=CARTESIAN_POINT('',(-82.25,-13.5978721798718,3.));
#6246=CARTESIAN_POINT('',(-98.25,89.9370000232644,3.));
#6247=CARTESIAN_POINT('',(-98.25,89.9370000232644,3.));
#6248=CARTESIAN_POINT('',(-87.0262879580438,96.4965951326631,3.));
#6249=CARTESIAN_POINT('',(-85.25,89.9370000232644,3.));
#6250=CARTESIAN_POINT('',(-87.0262879580438,96.4965951326631,3.));
#6251=CARTESIAN_POINT('',(-87.0262879580438,96.4965951326631,2.20125769451415));
#6252=CARTESIAN_POINT('',(-86.3321906195777,96.6128060748515,0.655263178569939));
#6253=CARTESIAN_POINT('',(-84.8548894612284,97.1251847563777,3.46423629777488E-16));
#6254=CARTESIAN_POINT('',(-84.1384488958881,97.4778305767273,-2.71766120590307E-16));
#6255=CARTESIAN_POINT('',(-84.1384488958881,97.4778305767273,0.));
#6256=CARTESIAN_POINT('',(-98.25,89.9370000232644,0.));
#6257=CARTESIAN_POINT('',(-82.25,89.9370000232644,0.));
#6258=CARTESIAN_POINT('',(-82.25,89.9370000232644,3.));
#6259=CARTESIAN_POINT('',(-14.4724318643303,111.5,3.));
#6260=CARTESIAN_POINT('',(-14.4724318643303,111.5,3.));
#6261=CARTESIAN_POINT('',(-5.26364011956595,102.324044758089,3.));
#6262=CARTESIAN_POINT('',(-14.4724318643303,98.4999999999999,3.));
#6263=CARTESIAN_POINT('',(-5.26364011956595,102.324044758089,3.));
#6264=CARTESIAN_POINT('',(-5.26364011956595,102.324044758089,2.20125769451407));
#6265=CARTESIAN_POINT('',(-4.97399636899623,101.682653616813,0.655263178569919));
#6266=CARTESIAN_POINT('',(-4.10127857943711,100.38522759367,-1.87671452695755E-15));
#6267=CARTESIAN_POINT('',(-3.57733561297986,99.7826249665801,-2.70919080372911E-16));
#6268=CARTESIAN_POINT('',(-3.57733561297987,99.7826249665801,0.));
#6269=CARTESIAN_POINT('',(-14.4724318643303,111.5,0.));
#6270=CARTESIAN_POINT('',(-14.4724318643303,95.4999999999999,0.));
#6271=CARTESIAN_POINT('',(-14.4724318643303,95.4999999999999,3.));
#6272=CARTESIAN_POINT('',(14.9724318643303,111.5,3.));
#6273=CARTESIAN_POINT('',(14.9724318643303,111.5,0.));
#6274=CARTESIAN_POINT('',(4.07733561297987,99.7826249665801,0.));
#6275=CARTESIAN_POINT('',(14.9724318643303,95.4999999999999,0.));
#6276=CARTESIAN_POINT('',(4.07733561297988,99.7826249665801,-4.33680868994203E-16));
#6277=CARTESIAN_POINT('',(4.60127857943713,100.38522759367,2.52042888948335E-15));
#6278=CARTESIAN_POINT('',(5.47399636899623,101.682653616813,0.655263178569921));
#6279=CARTESIAN_POINT('',(5.76364011956595,102.324044758089,2.20125769451408));
#6280=CARTESIAN_POINT('',(5.76364011956595,102.324044758089,2.99999999999999));
#6281=CARTESIAN_POINT('',(5.76364011956594,102.324044758089,3.));
#6282=CARTESIAN_POINT('',(14.9724318643303,111.5,3.));
#6283=CARTESIAN_POINT('',(14.9724318643303,98.4999999999999,3.));
#6284=CARTESIAN_POINT('',(14.9724318643303,95.4999999999999,3.));
#6285=CARTESIAN_POINT('',(-72.173645797715,111.5,0.));
#6286=CARTESIAN_POINT('',(2.35999999999996,-26.28,0.));
#6287=CARTESIAN_POINT('',(-36.16,-26.28,0.));
#6288=CARTESIAN_POINT('',(4.15999999999997,-26.28,0.));
#6289=CARTESIAN_POINT('',(4.16000000000001,24.48,0.));
#6290=CARTESIAN_POINT('',(4.16000000000002,26.28,0.));
#6291=CARTESIAN_POINT('',(-34.36,26.28,0.));
#6292=CARTESIAN_POINT('',(-36.16,26.28,0.));
#6293=CARTESIAN_POINT('',(-36.16,-24.48,0.));
#6294=CARTESIAN_POINT('',(-86.2715179775869,101.999999999991,0.));
#6295=CARTESIAN_POINT('',(-82.2303840719671,99.0556432354582,0.));
#6296=CARTESIAN_POINT('',(-72.173645797715,111.5,0.));
#6297=CARTESIAN_POINT('',(-72.173645797715,95.4999999999999,0.));
#6298=CARTESIAN_POINT('',(-14.4724318643303,95.4999999999999,0.));
#6299=CARTESIAN_POINT('',(0.25,102.999999999991,0.));
#6300=CARTESIAN_POINT('',(26.75,95.4999999999999,0.));
#6301=CARTESIAN_POINT('',(26.75,95.4999999999999,0.));
#6302=CARTESIAN_POINT('',(26.75,-88.5636784413114,0.));
#6303=CARTESIAN_POINT('',(26.75,-94.5000000000001,0.));
#6304=CARTESIAN_POINT('',(14.9724318643354,-94.5000000000001,0.));
#6305=CARTESIAN_POINT('',(0.249999999999834,-102.000000000009,0.));
#6306=CARTESIAN_POINT('',(-3.57733561296709,-98.782624966597,0.));
#6307=CARTESIAN_POINT('',(-14.4724318643355,-110.5,0.));
#6308=CARTESIAN_POINT('',(-14.4724318643355,-94.5000000000001,0.));
#6309=CARTESIAN_POINT('',(-72.173645797715,-94.5000000000001,0.));
#6310=CARTESIAN_POINT('',(-86.271517977587,-101.000000000009,0.));
#6311=CARTESIAN_POINT('',(-84.1384488958959,-96.4778305767419,0.));
#6312=CARTESIAN_POINT('',(-98.25,-88.9370000232646,0.));
#6313=CARTESIAN_POINT('',(-82.25,-88.9370000232646,0.));
#6314=CARTESIAN_POINT('',(-82.25,-13.5978721798718,0.));
#6315=CARTESIAN_POINT('',(-88.7500000000002,0.499999999990869,0.));
#6316=CARTESIAN_POINT('',(-85.8056432354662,4.5411339056098,0.));
#6317=CARTESIAN_POINT('',(-98.25,14.5978721798716,0.));
#6318=CARTESIAN_POINT('',(-82.25,14.5978721798716,0.));
#6319=CARTESIAN_POINT('',(-82.25,89.9370000232644,0.));
#6320=CARTESIAN_POINT('',(82.25,94.9999999999999,3.5));
#6321=CARTESIAN_POINT('',(9.00000000000001,28.,3.5));
#6322=CARTESIAN_POINT('',(14.5,28.,3.5));
#6323=CARTESIAN_POINT('',(-46.5,28.,3.5));
#6324=CARTESIAN_POINT('',(14.5,-33.,3.5));
#6325=CARTESIAN_POINT('',(14.5,-33.,3.5));
#6326=CARTESIAN_POINT('',(-41.,-33.,3.5));
#6327=CARTESIAN_POINT('',(-46.5,-33.,3.5));
#6328=CARTESIAN_POINT('',(-46.5,28.,3.5));
#6329=CARTESIAN_POINT('',(3.02000000000002,29.85,3.5));
#6330=CARTESIAN_POINT('',(4.67000000000002,29.85,3.5));
#6331=CARTESIAN_POINT('',(3.02000000000001,-35.61,3.5));
#6332=CARTESIAN_POINT('',(4.67000000000001,-35.61,3.5));
#6333=CARTESIAN_POINT('',(-35.0200000000001,-35.61,3.5));
#6334=CARTESIAN_POINT('',(-33.3700000000001,-35.61,3.5));
#6335=CARTESIAN_POINT('',(-35.02,29.85,3.5));
#6336=CARTESIAN_POINT('',(-33.37,29.85,3.5));
#6337=CARTESIAN_POINT('',(82.25,95.5749999999999,3.5));
#6338=CARTESIAN_POINT('',(82.025,95.5749999999999,3.5));
#6339=CARTESIAN_POINT('',(-81.525,95.5749999999999,3.5));
#6340=CARTESIAN_POINT('',(-81.525,94.7749999999999,3.5));
#6341=CARTESIAN_POINT('',(-82.325,94.7749999999999,3.5));
#6342=CARTESIAN_POINT('',(-82.325,-94.0000000000001,3.5));
#6343=CARTESIAN_POINT('',(-82.325,-93.7750000000001,3.5));
#6344=CARTESIAN_POINT('',(-81.525,-93.7750000000001,3.5));
#6345=CARTESIAN_POINT('',(-81.525,-94.5750000000001,3.5));
#6346=CARTESIAN_POINT('',(-81.75,-94.5750000000001,3.5));
#6347=CARTESIAN_POINT('',(82.025,-94.5750000000001,3.5));
#6348=CARTESIAN_POINT('',(82.025,-93.7750000000001,3.5));
#6349=CARTESIAN_POINT('',(45.75,-87.5102933710334,3.5));
#6350=CARTESIAN_POINT('',(57.0189079581308,-87.5102933710334,3.5));
#6351=CARTESIAN_POINT('',(57.0189079581308,-87.5102933710334,3.5));
#6352=CARTESIAN_POINT('',(55.6434908633227,-87.5102933710334,3.5));
#6353=CARTESIAN_POINT('',(54.2871635541317,-87.349354646529,3.5));
#6354=CARTESIAN_POINT('',(52.9499058064158,-87.0276476995744,3.5));
#6355=CARTESIAN_POINT('',(52.9499058064158,-87.0276476995743,3.5));
#6356=CARTESIAN_POINT('',(52.9499058064158,-87.0276476995743,3.5));
#6357=CARTESIAN_POINT('',(51.2060365749395,-86.6081213612117,3.5));
#6358=CARTESIAN_POINT('',(47.7485527001045,-85.641783566909,3.5));
#6359=CARTESIAN_POINT('',(42.7210707221595,-83.7256315352968,3.5));
#6360=CARTESIAN_POINT('',(38.8466047875143,-81.5309474567488,3.5));
#6361=CARTESIAN_POINT('',(36.0964258685273,-79.1692521127927,3.5));
#6362=CARTESIAN_POINT('',(34.9511674231283,-77.7463492110065,3.5));
#6363=CARTESIAN_POINT('',(34.4663022990925,-76.9924147566606,3.5));
#6364=CARTESIAN_POINT('',(34.4663028010856,-76.9924144346902,3.50000000000016));
#6365=CARTESIAN_POINT('',(34.4663022990925,93.4636784412933,3.5));
#6366=CARTESIAN_POINT('',(34.4663022990951,77.9924147566424,3.5));
#6367=CARTESIAN_POINT('',(52.9499058064154,88.0276476995562,3.5));
#6368=CARTESIAN_POINT('',(51.2059365445457,87.6080972966686,3.5));
#6369=CARTESIAN_POINT('',(47.7443856125571,86.6393085909256,3.5));
#6370=CARTESIAN_POINT('',(43.5743004903903,85.0530524265543,3.5));
#6371=CARTESIAN_POINT('',(40.4108496958977,83.4142077031162,3.5));
#6372=CARTESIAN_POINT('',(38.1377288933345,81.9257976016826,3.5));
#6373=CARTESIAN_POINT('',(36.1044514683257,80.1754438579397,3.5));
#6374=CARTESIAN_POINT('',(34.951195235036,78.746392456026,3.5));
#6375=CARTESIAN_POINT('',(34.4663022990925,77.9924147566424,3.5));
#6376=CARTESIAN_POINT('',(52.9499058064154,88.0276476995562,3.5));
#6377=CARTESIAN_POINT('',(52.9499058064154,88.0276476995562,3.5));
#6378=CARTESIAN_POINT('',(54.2871635541314,88.3493546465109,3.5));
#6379=CARTESIAN_POINT('',(55.6434908633225,88.5102933710154,3.5));
#6380=CARTESIAN_POINT('',(57.0189079581307,88.5102933710154,3.5));
#6381=CARTESIAN_POINT('',(57.0189079581307,88.5102933710154,3.5));
#6382=CARTESIAN_POINT('',(45.75,88.5102933710154,3.5));
#6383=CARTESIAN_POINT('',(82.025,94.7749999999999,3.5));
#6384=CARTESIAN_POINT('',(-16.,0.,2.5));
#6385=CARTESIAN_POINT('',(-36.24,-28.24,2.5));
#6386=CARTESIAN_POINT('',(-36.24,-30.54,2.5));
#6387=CARTESIAN_POINT('',(-38.54,-28.24,2.5));
#6388=CARTESIAN_POINT('',(4.24,-30.54,2.5));
#6389=CARTESIAN_POINT('',(4.24,-30.54,2.5));
#6390=CARTESIAN_POINT('',(4.24,-28.24,2.5));
#6391=CARTESIAN_POINT('',(6.54,-28.24,2.5));
#6392=CARTESIAN_POINT('',(6.54,23.24,2.5));
#6393=CARTESIAN_POINT('',(6.54,23.24,2.5));
#6394=CARTESIAN_POINT('',(4.24,23.24,2.5));
#6395=CARTESIAN_POINT('',(4.24,25.54,2.5));
#6396=CARTESIAN_POINT('',(-36.24,25.54,2.5));
#6397=CARTESIAN_POINT('',(-36.24,25.54,2.5));
#6398=CARTESIAN_POINT('',(-36.24,23.24,2.5));
#6399=CARTESIAN_POINT('',(-38.54,23.24,2.5));
#6400=CARTESIAN_POINT('',(-38.54,-28.24,2.5));
#6401=CARTESIAN_POINT('',(-34.36,-24.48,2.5));
#6402=CARTESIAN_POINT('',(-34.36,-23.98,2.5));
#6403=CARTESIAN_POINT('',(-34.36,23.98,2.5));
#6404=CARTESIAN_POINT('',(-33.86,23.98,2.5));
#6405=CARTESIAN_POINT('',(-33.86,24.48,2.5));
#6406=CARTESIAN_POINT('',(-34.36,24.48,2.5));
#6407=CARTESIAN_POINT('',(1.86000000000001,24.48,2.5));
#6408=CARTESIAN_POINT('',(1.86000000000001,23.98,2.5));
#6409=CARTESIAN_POINT('',(2.36000000000001,23.98,2.5));
#6410=CARTESIAN_POINT('',(2.36000000000001,24.48,2.5));
#6411=CARTESIAN_POINT('',(2.35999999999997,-23.98,2.5));
#6412=CARTESIAN_POINT('',(1.85999999999997,-23.98,2.5));
#6413=CARTESIAN_POINT('',(1.85999999999997,-24.48,2.5));
#6414=CARTESIAN_POINT('',(2.35999999999997,-24.48,2.5));
#6415=CARTESIAN_POINT('',(-33.86,-24.48,2.5));
#6416=CARTESIAN_POINT('',(-33.86,-23.98,2.5));
#6417=CARTESIAN_POINT('',(-34.36,24.48,45.6773854501761));
#6418=CARTESIAN_POINT('',(2.36000000000001,24.48,1.8));
#6419=CARTESIAN_POINT('',(-33.86,24.48,1.8));
#6420=CARTESIAN_POINT('',(1.86000000000002,24.48,1.8));
#6421=CARTESIAN_POINT('',(1.86000000000002,24.48,2.5));
#6422=CARTESIAN_POINT('',(-33.86,24.48,1.8));
#6423=CARTESIAN_POINT('',(2.36000000000001,24.48,45.6773854501761));
#6424=CARTESIAN_POINT('',(2.36000000000001,23.98,1.8));
#6425=CARTESIAN_POINT('',(2.36000000000001,23.98,1.8));
#6426=CARTESIAN_POINT('',(2.35999999999997,-24.48,1.8));
#6427=CARTESIAN_POINT('',(2.35999999999997,-23.98,1.8));
#6428=CARTESIAN_POINT('',(2.35999999999997,-23.98,2.5));
#6429=CARTESIAN_POINT('',(2.35999999999997,-24.48,45.6773854501761));
#6430=CARTESIAN_POINT('',(1.85999999999997,-24.48,1.8));
#6431=CARTESIAN_POINT('',(1.85999999999997,-24.48,1.8));
#6432=CARTESIAN_POINT('',(-34.36,-24.48,1.8));
#6433=CARTESIAN_POINT('',(-33.86,-24.48,1.8));
#6434=CARTESIAN_POINT('',(-33.86,-24.48,2.5));
#6435=CARTESIAN_POINT('',(-34.36,-24.48,45.6773854501761));
#6436=CARTESIAN_POINT('',(-34.36,-23.98,1.8));
#6437=CARTESIAN_POINT('',(-34.36,-23.98,1.8));
#6438=CARTESIAN_POINT('',(-34.36,24.48,1.8));
#6439=CARTESIAN_POINT('',(-34.36,23.98,1.8));
#6440=CARTESIAN_POINT('',(-34.36,23.98,2.5));
#6441=CARTESIAN_POINT('',(45.75,93.4636784412933,-1.47451495458029E-14));
#6442=CARTESIAN_POINT('',(85.55,93.4636784412933,-1.47451495458029E-14));
#6443=CARTESIAN_POINT('',(85.55,83.5636784412933,-1.82145964977565E-14));
#6444=CARTESIAN_POINT('',(45.75,83.5636784412933,-1.82145964977565E-14));
#6445=CARTESIAN_POINT('',(-13.8478721798717,98.4999999999999,10.));
#6446=CARTESIAN_POINT('',(-72.173645797715,98.4999999999999,10.));
#6447=CARTESIAN_POINT('',(-72.173645797715,98.4999999999999,9.63));
#6448=CARTESIAN_POINT('',(-72.173645797715,98.4999999999999,3.));
#6449=CARTESIAN_POINT('',(-13.8478721798717,98.4999999999999,9.63));
#6450=CARTESIAN_POINT('',(-14.4724318643303,98.4999999999999,9.63));
#6451=CARTESIAN_POINT('',(-14.4724318643303,98.4999999999999,10.));
#6452=CARTESIAN_POINT('',(-72.173645797715,98.4999999999999,3.));
#6453=CARTESIAN_POINT('',(-72.173645797715,111.5,10.));
#6454=CARTESIAN_POINT('',(-72.173645797715,111.5,3.));
#6455=CARTESIAN_POINT('',(-80.7242861582356,101.707832240763,3.));
#6456=CARTESIAN_POINT('',(-82.9543715823272,104.235294117644,3.));
#6457=CARTESIAN_POINT('',(-82.9543715823229,104.235294117647,10.));
#6458=CARTESIAN_POINT('',(-82.9543715823229,104.235294117647,9.63));
#6459=CARTESIAN_POINT('',(-72.173645797715,111.5,9.63));
#6460=CARTESIAN_POINT('',(-72.173645797715,111.5,3.));
#6461=CARTESIAN_POINT('',(-86.2715179775869,102.,10.));
#6462=CARTESIAN_POINT('',(-86.2715179775869,101.999999999991,3.));
#6463=CARTESIAN_POINT('',(-89.0899843358017,99.1616470642906,3.));
#6464=CARTESIAN_POINT('',(-89.0899843358018,99.1616470642976,10.));
#6465=CARTESIAN_POINT('',(-89.0899843358018,99.1616470642976,9.63));
#6466=CARTESIAN_POINT('',(-86.2715179775869,102.,9.63));
#6467=CARTESIAN_POINT('',(-98.25,89.9370000232644,10.));
#6468=CARTESIAN_POINT('',(-98.25,89.9370000232644,3.));
#6469=CARTESIAN_POINT('',(-85.25,89.9370000232644,10.));
#6470=CARTESIAN_POINT('',(-85.25,89.9370000232644,9.63));
#6471=CARTESIAN_POINT('',(-98.25,89.9370000232644,9.63));
#6472=CARTESIAN_POINT('',(-85.25,89.9370000232644,10.));
#6473=CARTESIAN_POINT('',(-85.25,14.5978721798716,10.));
#6474=CARTESIAN_POINT('',(-85.25,14.5978721798716,9.63));
#6475=CARTESIAN_POINT('',(-85.25,14.5978721798716,3.));
#6476=CARTESIAN_POINT('',(-85.25,89.9370000232644,9.63));
#6477=CARTESIAN_POINT('',(-85.25,14.5978721798716,3.));
#6478=CARTESIAN_POINT('',(-98.25,14.5978721798716,10.));
#6479=CARTESIAN_POINT('',(-98.25,14.5978721798716,3.));
#6480=CARTESIAN_POINT('',(-88.4578322407706,6.04723181934252,3.));
#6481=CARTESIAN_POINT('',(-90.985294117643,3.81714639525768,3.));
#6482=CARTESIAN_POINT('',(-90.9852941176471,3.8171463952638,10.));
#6483=CARTESIAN_POINT('',(-90.9852941176471,3.8171463952638,9.63));
#6484=CARTESIAN_POINT('',(-98.25,14.5978721798716,9.63));
#6485=CARTESIAN_POINT('',(-98.25,14.5978721798716,3.));
#6486=CARTESIAN_POINT('',(-88.75,0.499999999999876,10.));
#6487=CARTESIAN_POINT('',(-88.7500000000002,0.499999999990869,3.));
#6488=CARTESIAN_POINT('',(-90.9852941176472,-2.81714639527094,3.));
#6489=CARTESIAN_POINT('',(-90.9852941176471,-2.81714639526405,10.));
#6490=CARTESIAN_POINT('',(-90.9852941176471,-2.81714639526405,9.63));
#6491=CARTESIAN_POINT('',(-88.75,0.499999999999876,9.63));
#6492=CARTESIAN_POINT('',(-98.25,-13.5978721798718,10.));
#6493=CARTESIAN_POINT('',(-98.25,-13.5978721798718,3.));
#6494=CARTESIAN_POINT('',(-85.25,-13.5978721798718,10.));
#6495=CARTESIAN_POINT('',(-85.25,-13.5978721798718,9.63));
#6496=CARTESIAN_POINT('',(-98.25,-13.5978721798718,9.63));
#6497=CARTESIAN_POINT('',(-85.25,-13.5978721798718,10.));
#6498=CARTESIAN_POINT('',(-85.25,-88.9370000232646,10.));
#6499=CARTESIAN_POINT('',(-85.25,-88.9370000232646,9.63));
#6500=CARTESIAN_POINT('',(-85.25,-88.9370000232646,3.));
#6501=CARTESIAN_POINT('',(-85.25,-13.5978721798718,9.63));
#6502=CARTESIAN_POINT('',(-85.25,-88.9370000232646,3.));
#6503=CARTESIAN_POINT('',(-98.25,-88.9370000232646,10.));
#6504=CARTESIAN_POINT('',(-98.25,-88.9370000232646,3.));
#6505=CARTESIAN_POINT('',(-87.0262879580535,-95.4965951326798,3.));
#6506=CARTESIAN_POINT('',(-89.0899843357972,-98.1616470643021,3.));
#6507=CARTESIAN_POINT('',(-89.0899843358016,-98.1616470642976,10.));
#6508=CARTESIAN_POINT('',(-89.0899843358016,-98.1616470642976,9.63));
#6509=CARTESIAN_POINT('',(-98.25,-88.9370000232646,9.63));
#6510=CARTESIAN_POINT('',(-98.25,-88.9370000232646,3.));
#6511=CARTESIAN_POINT('',(-86.2715179775867,-101.,10.));
#6512=CARTESIAN_POINT('',(-86.271517977587,-101.000000000009,3.));
#6513=CARTESIAN_POINT('',(-82.954371582323,-103.235294117654,3.));
#6514=CARTESIAN_POINT('',(-82.9543715823228,-103.235294117647,10.));
#6515=CARTESIAN_POINT('',(-82.9543715823228,-103.235294117647,9.63));
#6516=CARTESIAN_POINT('',(-86.2715179775867,-101.,9.63));
#6517=CARTESIAN_POINT('',(-72.1736457977151,-110.5,10.));
#6518=CARTESIAN_POINT('',(-72.1736457977151,-110.5,3.));
#6519=CARTESIAN_POINT('',(-72.173645797715,-97.5000000000001,10.));
#6520=CARTESIAN_POINT('',(-72.173645797715,-97.5000000000001,9.63));
#6521=CARTESIAN_POINT('',(-72.1736457977151,-110.5,9.63));
#6522=CARTESIAN_POINT('',(-14.4724318643355,-97.5000000000001,10.));
#6523=CARTESIAN_POINT('',(-14.4724318643355,-97.5000000000001,10.));
#6524=CARTESIAN_POINT('',(-14.4724318643355,-97.5000000000001,9.63));
#6525=CARTESIAN_POINT('',(-14.4724318643355,-97.5000000000001,3.));
#6526=CARTESIAN_POINT('',(-14.4724318643355,-97.5000000000001,9.63));
#6527=CARTESIAN_POINT('',(-14.4724318643355,-97.5000000000001,3.));
#6528=CARTESIAN_POINT('',(-14.4724318643355,-110.5,10.));
#6529=CARTESIAN_POINT('',(-14.4724318643355,-110.5,3.));
#6530=CARTESIAN_POINT('',(-5.26364011955699,-101.324044758103,3.));
#6531=CARTESIAN_POINT('',(-3.21410161513394,-103.999999999998,3.));
#6532=CARTESIAN_POINT('',(-3.21410161513775,-104.,10.));
#6533=CARTESIAN_POINT('',(-3.21410161513775,-104.,9.63));
#6534=CARTESIAN_POINT('',(-14.4724318643355,-110.5,9.63));
#6535=CARTESIAN_POINT('',(-14.4724318643355,-110.5,3.));
#6536=CARTESIAN_POINT('',(0.25,-102.,10.));
#6537=CARTESIAN_POINT('',(0.249999999999834,-102.000000000009,3.));
#6538=CARTESIAN_POINT('',(3.71410161513161,-104.000000000004,3.));
#6539=CARTESIAN_POINT('',(3.71410161513775,-104.,10.));
#6540=CARTESIAN_POINT('',(3.71410161513775,-104.,9.63));
#6541=CARTESIAN_POINT('',(0.25,-102.,9.63));
#6542=CARTESIAN_POINT('',(14.9724318643355,-110.5,10.));
#6543=CARTESIAN_POINT('',(14.9724318643355,-110.5,3.));
#6544=CARTESIAN_POINT('',(14.9724318643355,-110.5,9.63));
#6545=CARTESIAN_POINT('',(85.75,74.7374839909743,10.));
#6546=CARTESIAN_POINT('',(85.75,101.396111304264,-15.));
#6547=CARTESIAN_POINT('',(85.75,84.9329363303159,-7.72237196765501));
#6548=CARTESIAN_POINT('',(85.75,96.2829641875899,1.38486920001562));
#6549=CARTESIAN_POINT('',(85.75,94.9469522794799,1.18901084725027));
#6550=CARTESIAN_POINT('',(85.75,93.6112829310121,0.958680957118239));
#6551=CARTESIAN_POINT('',(85.75,92.3251852550515,0.547292388378123));
#6552=CARTESIAN_POINT('',(85.75,96.2829641875899,1.38486920001562));
#6553=CARTESIAN_POINT('',(85.75,95.4999999999999,2.00693598176139));
#6554=CARTESIAN_POINT('',(85.75,96.3699930309595,2.5));
#6555=CARTESIAN_POINT('',(85.75,74.7374839909743,2.5));
#6556=CARTESIAN_POINT('',(85.75,102.379330046526,2.5));
#6557=CARTESIAN_POINT('',(85.75,102.379330046526,10.));
#6558=CARTESIAN_POINT('',(85.75,102.379330046526,9.63));
#6559=CARTESIAN_POINT('',(85.75,74.7374839909743,9.63));
#6560=CARTESIAN_POINT('',(85.75,92.3251852550515,9.63000000000001));
#6561=CARTESIAN_POINT('',(85.75,74.7374839909743,9.63));
#6562=CARTESIAN_POINT('',(85.75,92.3004501747868,9.63));
#6563=CARTESIAN_POINT('',(85.75,93.4636784412933,-1.47451495458029E-14));
#6564=CARTESIAN_POINT('',(85.75,83.7636784412933,-1.81445066603433E-14));
#6565=CARTESIAN_POINT('',(85.75,67.4636784412933,-5.3776427755281E-14));
#6566=CARTESIAN_POINT('',(85.7499999999999,-66.4636784413113,-1.99493199737333E-13));
#6567=CARTESIAN_POINT('',(85.7499999999999,-82.7636784413114,-2.2197542181751E-13));
#6568=CARTESIAN_POINT('',(85.7499999999999,-92.4636784413114,-2.2291196666302E-13));
#6569=CARTESIAN_POINT('',(85.7499999999999,-91.3004501748066,9.62999999999999));
#6570=CARTESIAN_POINT('',(85.75,74.7374839909743,9.62999999999999));
#6571=CARTESIAN_POINT('',(85.7499999999999,-91.3251852550518,9.63000000000012));
#6572=CARTESIAN_POINT('',(85.75,74.7374839909743,9.63));
#6573=CARTESIAN_POINT('',(85.7499999999999,-101.5,9.63));
#6574=CARTESIAN_POINT('',(85.7499999999999,-101.5,10.));
#6575=CARTESIAN_POINT('',(85.7499999999999,-101.5,2.5));
#6576=CARTESIAN_POINT('',(85.75,74.7374839909743,2.5));
#6577=CARTESIAN_POINT('',(85.7499999999999,-94.6705722880004,2.5));
#6578=CARTESIAN_POINT('',(85.7499999999999,-93.7122052133201,2.78553905191526));
#6579=CARTESIAN_POINT('',(85.7499999999999,-94.0639897444233,1.84945804918287));
#6580=CARTESIAN_POINT('',(85.7499999999999,-100.396111304282,-15.));
#6581=CARTESIAN_POINT('',(85.7499999999999,-83.9329363303339,-7.72237196765509));
#6582=CARTESIAN_POINT('',(85.7499999999999,-66.4636784413113,-1.99493199737333E-13));
#6583=CARTESIAN_POINT('',(85.75,67.4636784412933,-5.3776427755281E-14));
#6584=CARTESIAN_POINT('',(70.673645797715,98.4999999999999,10.));
#6585=CARTESIAN_POINT('',(14.9724318643303,98.4999999999999,10.));
#6586=CARTESIAN_POINT('',(14.9724318643303,98.4999999999999,9.63));
#6587=CARTESIAN_POINT('',(70.673645797715,98.4999999999999,9.63));
#6588=CARTESIAN_POINT('',(69.7509101291254,98.4999999999999,9.63));
#6589=CARTESIAN_POINT('',(69.7509101291254,98.4999999999999,10.));
#6590=CARTESIAN_POINT('',(69.7509101291254,98.4999999999999,2.5));
#6591=CARTESIAN_POINT('',(68.3028033248308,98.4999999999999,2.00693598176139));
#6592=CARTESIAN_POINT('',(68.7893949536645,98.4999999999999,2.15986389856118));
#6593=CARTESIAN_POINT('',(69.2701564198571,98.4999999999999,2.33002874570267));
#6594=CARTESIAN_POINT('',(69.7509101291254,98.4999999999999,2.5));
#6595=CARTESIAN_POINT('',(68.3028033248308,98.4999999999999,2.00693598176139));
#6596=CARTESIAN_POINT('',(70.673645797715,98.4999999999999,2.00693598176139));
#6597=CARTESIAN_POINT('',(38.2146608694022,98.4999999999999,2.00693598176139));
#6598=CARTESIAN_POINT('',(38.2146608694022,98.4999999999999,2.00693598176139));
#6599=CARTESIAN_POINT('',(35.3824665556204,98.4999999999999,2.00693598176139));
#6600=CARTESIAN_POINT('',(32.5728639137692,98.4999999999999,2.26583425030814));
#6601=CARTESIAN_POINT('',(29.7822858136215,98.4999999999999,2.74275183686312));
#6602=CARTESIAN_POINT('',(29.7822858136215,98.4999999999999,2.74275183686313));
#6603=CARTESIAN_POINT('',(26.75,98.4999999999999,-15.));
#6604=CARTESIAN_POINT('',(26.75,98.4999999999999,3.));
#6605=CARTESIAN_POINT('',(14.9724318643303,98.4999999999999,3.));
#6606=CARTESIAN_POINT('',(14.9724318643303,111.5,10.));
#6607=CARTESIAN_POINT('',(14.9724318643303,111.5,3.));
#6608=CARTESIAN_POINT('',(3.7141040850823,104.999995721915,3.));
#6609=CARTESIAN_POINT('',(3.71410408508495,104.999995721917,10.));
#6610=CARTESIAN_POINT('',(3.71410408508495,104.999995721917,9.63));
#6611=CARTESIAN_POINT('',(14.9724318643303,111.5,9.63));
#6612=CARTESIAN_POINT('',(0.250000000000002,102.999999999991,10.));
#6613=CARTESIAN_POINT('',(0.25,102.999999999991,3.));
#6614=CARTESIAN_POINT('',(-3.21410161513652,104.999999999993,3.));
#6615=CARTESIAN_POINT('',(-3.21410408557971,104.99999572106,10.));
#6616=CARTESIAN_POINT('',(-3.21410408557971,104.99999572106,9.63));
#6617=CARTESIAN_POINT('',(0.250000000000002,102.999999999991,9.63));
#6618=CARTESIAN_POINT('',(-14.4724318643303,111.5,10.));
#6619=CARTESIAN_POINT('',(-14.4724318643303,111.5,3.));
#6620=CARTESIAN_POINT('',(-14.4724318643303,111.5,9.63));
#6621=CARTESIAN_POINT('',(-81.525,-93.7750000000001,11.2));
#6622=CARTESIAN_POINT('',(-81.525,-94.5750000000001,11.2));
#6623=CARTESIAN_POINT('',(-82.325,-93.7750000000001,11.2));
#6624=CARTESIAN_POINT('',(-81.525,94.7749999999999,11.2));
#6625=CARTESIAN_POINT('',(-82.325,94.7749999999999,11.2));
#6626=CARTESIAN_POINT('',(-81.525,95.5749999999999,11.2));
#6627=CARTESIAN_POINT('',(82.025,94.7749999999999,11.2));
#6628=CARTESIAN_POINT('',(82.025,95.5749999999999,11.2));
#6629=CARTESIAN_POINT('',(82.025,-93.7750000000001,11.2));
#6630=CARTESIAN_POINT('',(82.025,-94.5750000000001,11.2));
#6631=CARTESIAN_POINT('',(-81.75,-94.5750000000001,11.2));
#6632=CARTESIAN_POINT('',(-82.325,94.9999999999999,11.2));
#6633=CARTESIAN_POINT('',(82.25,95.5749999999999,11.2));
#6634=CARTESIAN_POINT('',(-86.271517977587,-101.000000000009,3.));
#6635=CARTESIAN_POINT('',(-86.271517977587,-101.000000000009,3.));
#6636=CARTESIAN_POINT('',(-82.3599257750637,-100.163670853585,3.));
#6637=CARTESIAN_POINT('',(-86.1846439901481,-97.0009434974944,3.));
#6638=CARTESIAN_POINT('',(-81.3820277244328,-99.9545885669788,3.));
#6639=CARTESIAN_POINT('',(-86.1629254932884,-96.0011793718656,3.));
#6640=CARTESIAN_POINT('',(-86.271517977587,-101.000000000009,3.));
#6641=CARTESIAN_POINT('',(-84.6715179775869,-101.000000000009,3.));
#6642=CARTESIAN_POINT('',(0.250000000000002,102.999999999991,3.));
#6643=CARTESIAN_POINT('',(0.25,102.999999999991,3.));
#6644=CARTESIAN_POINT('',(1.85,102.999999999991,3.));
#6645=CARTESIAN_POINT('',(0.25,102.999999999991,3.));
#6646=CARTESIAN_POINT('',(-3.59421721905187,101.894561637736,3.));
#6647=CARTESIAN_POINT('',(4.09421721905188,101.894561637736,3.));
#6648=CARTESIAN_POINT('',(-4.55527152381485,101.618202047172,3.));
#6649=CARTESIAN_POINT('',(5.05527152381485,101.618202047172,3.));
#6650=CARTESIAN_POINT('',(-86.2715179775869,101.999999999991,3.));
#6651=CARTESIAN_POINT('',(-86.2715179775869,101.999999999991,3.));
#6652=CARTESIAN_POINT('',(-86.1846439901397,98.0009434974763,3.));
#6653=CARTESIAN_POINT('',(-82.359925775061,101.163670853579,3.));
#6654=CARTESIAN_POINT('',(-86.1629254932779,97.0011793718476,3.));
#6655=CARTESIAN_POINT('',(-81.3820277244295,100.954588566976,3.));
#6656=CARTESIAN_POINT('',(-86.2715179775869,101.999999999991,3.));
#6657=CARTESIAN_POINT('',(-84.6715179775869,101.999999999991,3.));
#6658=CARTESIAN_POINT('',(-88.7500000000002,0.499999999990864,3.));
#6659=CARTESIAN_POINT('',(-88.7500000000002,0.499999999990869,3.));
#6660=CARTESIAN_POINT('',(-87.9136708535764,-3.41159220253256,3.));
#6661=CARTESIAN_POINT('',(-87.913670853587,4.41159220251656,3.));
#6662=CARTESIAN_POINT('',(-87.7045885669705,-4.38949025316341,3.));
#6663=CARTESIAN_POINT('',(-87.7045885669837,5.38949025314799,3.));
#6664=CARTESIAN_POINT('',(-88.7500000000002,0.499999999990869,3.));
#6665=CARTESIAN_POINT('',(-87.1500000000002,0.499999999990869,3.));
#6666=CARTESIAN_POINT('',(0.250000000001808,-102.00000000001,3.));
#6667=CARTESIAN_POINT('',(0.249999999999834,-102.000000000009,3.));
#6668=CARTESIAN_POINT('',(4.09421721904185,-100.894561637753,3.));
#6669=CARTESIAN_POINT('',(-3.59421721904213,-100.894561637753,3.));
#6670=CARTESIAN_POINT('',(5.05527152380454,-100.618202047188,3.));
#6671=CARTESIAN_POINT('',(-4.5552715238048,-100.618202047188,3.));
#6672=CARTESIAN_POINT('',(0.249999999999834,-102.000000000009,3.));
#6673=CARTESIAN_POINT('',(1.84999999999983,-102.000000000009,3.));
#6674=CARTESIAN_POINT('',(0.25,102.999999999991,28.0815521180844));
#6675=CARTESIAN_POINT('',(0.25,102.999999999991,8.83));
#6676=CARTESIAN_POINT('',(0.25,104.599999999991,8.83));
#6677=CARTESIAN_POINT('',(0.249999999999834,-102.000000000009,28.0815521180844));
#6678=CARTESIAN_POINT('',(0.249999999999834,-102.000000000009,8.83));
#6679=CARTESIAN_POINT('',(0.249999999999834,-100.400000000009,8.83));
#6680=CARTESIAN_POINT('',(-86.271517977587,-101.000000000009,28.0815521180844));
#6681=CARTESIAN_POINT('',(-86.271517977587,-101.000000000009,8.83));
#6682=CARTESIAN_POINT('',(-86.271517977587,-99.4000000000092,8.83));
#6683=CARTESIAN_POINT('',(-88.7500000000002,0.499999999990869,28.0815521180844));
#6684=CARTESIAN_POINT('',(-88.7500000000002,0.499999999990869,8.83));
#6685=CARTESIAN_POINT('',(-88.7500000000002,2.09999999999087,8.83));
#6686=CARTESIAN_POINT('',(-86.2715179775869,101.999999999991,28.0815521180844));
#6687=CARTESIAN_POINT('',(-86.2715179775869,101.999999999991,8.83));
#6688=CARTESIAN_POINT('',(-86.2715179775869,103.599999999991,8.83));
#6689=CARTESIAN_POINT('',(45.75,-92.4636784413114,-2.2291196666302E-13));
#6690=CARTESIAN_POINT('',(85.5499999999999,-92.4636784413114,-2.2291196666302E-13));
#6691=CARTESIAN_POINT('',(85.5499999999999,-82.5636784413114,-2.21699566331864E-13));
#6692=CARTESIAN_POINT('',(45.75,-82.5636784413114,-2.21699566331864E-13));
#6693=CARTESIAN_POINT('',(45.75,-66.4636784413113,-1.99493199737333E-13));
#6694=CARTESIAN_POINT('',(45.75,-66.4636784413113,-22.1000000000002));
#6695=CARTESIAN_POINT('',(59.2859800835936,-66.4636784413113,-22.1000000000002));
#6696=CARTESIAN_POINT('',(82.7499999999999,-66.4636784413113,-1.99493199737333E-13));
#6697=CARTESIAN_POINT('',(58.76172911601,-86.6767988259919,-8.9353099730459));
#6698=CARTESIAN_POINT('',(58.8441124165037,-85.8098126636529,-10.8965732894921));
#6699=CARTESIAN_POINT('',(58.9541456838683,-84.1239639690508,-13.584690703591));
#6700=CARTESIAN_POINT('',(59.0762662851277,-81.1074347172039,-16.6543334541491));
#6701=CARTESIAN_POINT('',(59.1509286163035,-78.5938169240338,-18.5645648543764));
#6702=CARTESIAN_POINT('',(59.2111519795987,-75.7754551259808,-20.1278359320158));
#6703=CARTESIAN_POINT('',(59.2682188626148,-71.8077053310519,-21.6266808927477));
#6704=CARTESIAN_POINT('',(59.2859800835937,-68.6096466718132,-22.1000000000002));
#6705=CARTESIAN_POINT('',(59.2859800835937,-66.4636784413113,-22.1000000000002));
#6706=CARTESIAN_POINT('',(45.75,-66.4636784413113,-1.99493199737333E-13));
#6707=CARTESIAN_POINT('',(85.5499999999999,-66.4636784413113,-1.99493199737333E-13));
#6708=CARTESIAN_POINT('',(45.75,-66.4636784413114,-16.1000000000002));
#6709=CARTESIAN_POINT('',(58.0595216639863,-66.4636784413114,-16.1000000000002));
#6710=CARTESIAN_POINT('',(58.0595216639863,-66.4636784413114,-16.1000000000002));
#6711=CARTESIAN_POINT('',(58.0595216639863,-67.4791553132791,-16.1000000000002));
#6712=CARTESIAN_POINT('',(58.0506729424974,-69.4748360936117,-15.9117183765015));
#6713=CARTESIAN_POINT('',(57.9957244144763,-73.3773278900601,-14.7855553944255));
#6714=CARTESIAN_POINT('',(57.8816675538044,-76.8269149968112,-12.6127341212132));
#6715=CARTESIAN_POINT('',(57.6903006330122,-79.5331673134123,-9.56219513500172));
#6716=CARTESIAN_POINT('',(57.5102188972677,-81.070604501956,-6.99143504697135));
#6717=CARTESIAN_POINT('',(57.2856620634169,-82.1232620145249,-4.12847207593704));
#6718=CARTESIAN_POINT('',(57.1123886565006,-82.451064491102,-2.15309471816445));
#6719=CARTESIAN_POINT('',(57.0189079581308,-82.5229438616206,-1.14454976303323));
#6720=CARTESIAN_POINT('',(57.0189079581308,-82.5229438616206,-1.14454976303322));
#6721=CARTESIAN_POINT('',(57.0189079581308,-82.5229438616206,-1.14454976303322));
#6722=CARTESIAN_POINT('',(45.75,67.4636784412933,-16.1000000000001));
#6723=CARTESIAN_POINT('',(76.25,-58.6993972409592,-16.1000000000002));
#6724=CARTESIAN_POINT('',(76.25,-60.6993972409592,-16.1000000000002));
#6725=CARTESIAN_POINT('',(76.25,55.4237103902019,-16.1000000000001));
#6726=CARTESIAN_POINT('',(76.25,53.4237103902019,-16.1000000000001));
#6727=CARTESIAN_POINT('',(45.75,67.4636784412933,-16.1000000000001));
#6728=CARTESIAN_POINT('',(58.0595216639863,67.4636784412933,-16.1000000000001));
#6729=CARTESIAN_POINT('',(58.0595216639863,67.4636784412933,-16.1000000000001));
#6730=CARTESIAN_POINT('',(45.75,67.4636784412933,-5.3776427755281E-14));
#6731=CARTESIAN_POINT('',(85.55,67.4636784412933,-5.3776427755281E-14));
#6732=CARTESIAN_POINT('',(82.825,83.5229438616026,-1.14454976303319));
#6733=CARTESIAN_POINT('',(57.0189079581307,83.5229438616026,-1.14454976303319));
#6734=CARTESIAN_POINT('',(57.0189079581307,83.5229438616026,-1.14454976303319));
#6735=CARTESIAN_POINT('',(57.2057909097438,83.3792454387531,-3.16079334418052));
#6736=CARTESIAN_POINT('',(57.530807663786,82.3326636674721,-7.11027994590279));
#6737=CARTESIAN_POINT('',(57.7991898583652,79.2965486395103,-11.2378706147208));
#6738=CARTESIAN_POINT('',(57.9380745046024,76.1130437204128,-13.6911163556024));
#6739=CARTESIAN_POINT('',(58.0333584382369,72.4914124422641,-15.5279788352854));
#6740=CARTESIAN_POINT('',(58.0595216639863,69.4937597028081,-16.1000000000001));
#6741=CARTESIAN_POINT('',(58.0595216639863,67.4636784412933,-16.1000000000001));
#6742=CARTESIAN_POINT('',(45.75,67.4636784412933,-5.3776427755281E-14));
#6743=CARTESIAN_POINT('',(82.75,67.4636784412933,-5.3776427755281E-14));
#6744=CARTESIAN_POINT('',(45.75,67.4636784412933,-22.1000000000001));
#6745=CARTESIAN_POINT('',(59.2859800835936,67.4636784412933,-22.1000000000001));
#6746=CARTESIAN_POINT('',(59.2859800835937,67.4636784412934,-22.1000000000001));
#6747=CARTESIAN_POINT('',(59.2859800835937,69.6065723464361,-22.1000000000001));
#6748=CARTESIAN_POINT('',(59.2687984841171,72.7578127782049,-21.6418919992087));
#6749=CARTESIAN_POINT('',(59.2111714471809,76.7723138005979,-20.128439148559));
#6750=CARTESIAN_POINT('',(59.1521349647816,79.5473607614074,-18.5955620393488));
#6751=CARTESIAN_POINT('',(59.0760053422199,82.1152266701171,-16.647783236438));
#6752=CARTESIAN_POINT('',(58.9561297409972,85.0808652214236,-13.6340469248954));
#6753=CARTESIAN_POINT('',(58.8439948368252,86.8110500497751,-10.8937741213502));
#6754=CARTESIAN_POINT('',(58.7617291160099,87.6767988259739,-8.93530997304584));
#6755=CARTESIAN_POINT('',(45.75,67.4636784412933,-22.1000000000001));
#6756=CARTESIAN_POINT('',(76.25,55.4237103902019,-22.1000000000001));
#6757=CARTESIAN_POINT('',(76.25,51.4237103902019,-22.1000000000001));
#6758=CARTESIAN_POINT('',(76.25,-58.6993972409592,-22.1000000000002));
#6759=CARTESIAN_POINT('',(76.25,-62.6993972409592,-22.1000000000002));
#6760=CARTESIAN_POINT('',(59.2859800835936,67.4636784412933,-22.1000000000001));
#6761=CARTESIAN_POINT('',(26.75,67.4636784412933,-15.));
#6762=CARTESIAN_POINT('',(26.75,95.4999999999999,-15.));
#6763=CARTESIAN_POINT('',(29.2769048446846,95.4999999999999,-0.214373469280724));
#6764=CARTESIAN_POINT('',(26.75,101.396111304264,-15.));
#6765=CARTESIAN_POINT('',(40.46931247829,69.384382188254,-8.93530997304584));
#6766=CARTESIAN_POINT('',(40.46931247829,69.384382188254,-8.93530997304584));
#6767=CARTESIAN_POINT('',(40.5708172671343,69.1475376809506,-9.16493026856108));
#6768=CARTESIAN_POINT('',(40.6653244162193,68.4835746040563,-9.39969868014697));
#6769=CARTESIAN_POINT('',(40.6939914643973,67.8064826204646,-9.4714285714286));
#6770=CARTESIAN_POINT('',(40.6939914643973,67.4636784412933,-9.4714285714286));
#6771=CARTESIAN_POINT('',(40.6939914643973,67.4636784412933,-9.4714285714286));
#6772=CARTESIAN_POINT('',(40.6939914643973,67.4636784412933,-9.4714285714286));
#6773=CARTESIAN_POINT('',(40.6939914643973,-66.4636784413113,-9.4714285714286));
#6774=CARTESIAN_POINT('',(40.6939914643973,-66.4636784413113,-9.47142857142866));
#6775=CARTESIAN_POINT('',(40.6939914643973,-66.8067477247404,-9.47142857142866));
#6776=CARTESIAN_POINT('',(40.664812710522,-67.4864857011965,-9.39849478616631));
#6777=CARTESIAN_POINT('',(40.5713811198503,-68.1462220246347,-9.16620579485609));
#6778=CARTESIAN_POINT('',(40.4693124782915,-68.3843821882736,-8.93530997304885));
#6779=CARTESIAN_POINT('',(40.46931247829,-68.3843821882719,-8.9353099730459));
#6780=CARTESIAN_POINT('',(26.75,-100.396111304282,-15.));
#6781=CARTESIAN_POINT('',(29.2769048446922,-94.5000000000001,-0.214373469282034));
#6782=CARTESIAN_POINT('',(26.75,-94.5000000000001,-15.));
#6783=CARTESIAN_POINT('',(32.4420532274491,98.9566599210714,-0.199693349493046));
#6784=CARTESIAN_POINT('',(30.7939574359073,97.3521538683566,-0.464155066541372));
#6785=CARTESIAN_POINT('',(29.1894513831925,95.7040580768148,-0.199693349493046));
#6786=CARTESIAN_POINT('',(35.2946044129289,97.7341379843857,-0.401194771041555));
#6787=CARTESIAN_POINT('',(32.8119873046483,95.3341239996757,-0.9338306299933));
#6788=CARTESIAN_POINT('',(30.4119733198164,92.8515068912787,-0.40119477103138));
#6789=CARTESIAN_POINT('',(40.8823920070822,95.3393718726816,-1.10868217491286));
#6790=CARTESIAN_POINT('',(36.7120162326816,91.4340950715557,-2.61971598934644));
#6791=CARTESIAN_POINT('',(32.8067394316107,87.2637192972075,-1.10868217491719));
#6792=CARTESIAN_POINT('',(48.4008450411289,92.1171777152005,-3.01858111387434));
#6793=CARTESIAN_POINT('',(41.0794081464957,87.0667031577689,-6.79296244656289));
#6794=CARTESIAN_POINT('',(36.0289335890563,79.7452662631293,-3.01858111387444));
#6795=CARTESIAN_POINT('',(54.5965583365916,89.4618720171615,-5.66047452502834));
#6796=CARTESIAN_POINT('',(43.3160781416749,84.8300331626165,-11.6062953743036));
#6797=CARTESIAN_POINT('',(38.6842392871023,73.5495529676693,-5.66047452502362));
#6798=CARTESIAN_POINT('',(57.5928453126713,88.1777490273908,-7.80207936789458));
#6799=CARTESIAN_POINT('',(43.2642562236762,84.881855080519,-13.9924684279687));
#6800=CARTESIAN_POINT('',(39.968362276878,70.5532659916034,-7.80207936790554));
#6801=CARTESIAN_POINT('',(58.76172911601,87.6767988259739,-8.93530997304589));
#6802=CARTESIAN_POINT('',(43.039418661895,85.1066926423689,-14.7493070081048));
#6803=CARTESIAN_POINT('',(40.46931247829,69.3843821882539,-8.93530997304589));
#6804=CARTESIAN_POINT('',(29.2769048446846,95.4999999999999,-0.214373469280722));
#6805=CARTESIAN_POINT('',(32.228439128717,95.831407948055,-0.718798916932769));
#6806=CARTESIAN_POINT('',(35.2202654066389,96.1677286557109,-0.93674520681777));
#6807=CARTESIAN_POINT('',(38.2146608694022,96.4826852173772,-0.82755334853217));
#6808=CARTESIAN_POINT('',(58.7617291160099,69.384382188254,-0.849056603773626));
#6809=CARTESIAN_POINT('',(40.6939914643973,67.4636784412933,-9.4714285714286));
#6810=CARTESIAN_POINT('',(45.701019714661,67.4636784412933,-22.1000000000001));
#6811=CARTESIAN_POINT('',(59.2859800835936,67.4636784412933,-22.1000000000001));
#6812=CARTESIAN_POINT('',(40.6939914628983,67.6735364550056,-9.47142856764801));
#6813=CARTESIAN_POINT('',(45.7010196997715,69.1339262200291,-22.0999999524077));
#6814=CARTESIAN_POINT('',(59.2859800800966,69.6721842046445,-22.1000000000001));
#6815=CARTESIAN_POINT('',(40.6861436170275,67.9813993716994,-9.45154376240314));
#6816=CARTESIAN_POINT('',(45.6233748897184,71.5944023926085,-21.8490617959399));
#6817=CARTESIAN_POINT('',(59.2676684397325,72.9120748993698,-21.6117174463202));
#6818=CARTESIAN_POINT('',(40.660320357159,68.3686330108567,-9.3871379844108));
#6819=CARTESIAN_POINT('',(45.3586032924857,74.7996897906813,-21.0279972663262));
#6820=CARTESIAN_POINT('',(59.2074141667014,76.9872479590908,-20.0301978116355));
#6821=CARTESIAN_POINT('',(40.6341860432977,68.6332310699471,-9.32272661947573));
#6822=CARTESIAN_POINT('',(45.0808456284322,77.0907798492507,-20.1925563239115));
#6823=CARTESIAN_POINT('',(59.1464341010392,79.7718275332716,-18.4485409564745));
#6824=CARTESIAN_POINT('',(40.6010379426145,68.8744429506293,-9.24225300958925));
#6825=CARTESIAN_POINT('',(44.7124924285212,79.3127265867242,-19.1260655707796));
#6826=CARTESIAN_POINT('',(59.0690885327248,82.3102954206593,-16.4724667598257));
#6827=CARTESIAN_POINT('',(40.5497388144002,69.149034826234,-9.11989027933941));
#6828=CARTESIAN_POINT('',(44.1075066981137,82.0800428262302,-17.4493035649895));
#6829=CARTESIAN_POINT('',(58.949390567159,85.2000480152741,-13.4677819370998));
#6830=CARTESIAN_POINT('',(40.5029748066617,69.3058367547537,-9.01145961954482));
#6831=CARTESIAN_POINT('',(43.5074615452891,83.9664130165414,-15.8941738043273));
#6832=CARTESIAN_POINT('',(58.8402745478788,86.850201648707,-10.8052068545345));
#6833=CARTESIAN_POINT('',(40.46931247829,69.3843821882539,-8.93530997304584));
#6834=CARTESIAN_POINT('',(43.039418661895,85.1066926423689,-14.7493070081048));
#6835=CARTESIAN_POINT('',(58.7617291160099,87.6767988259739,-8.93530997304581));
#6836=CARTESIAN_POINT('',(59.2859800835936,67.4636784412933,-2.10000000000006));
#6837=CARTESIAN_POINT('',(59.2859800835936,67.4636784412933,-2.10000000000006));
#6838=CARTESIAN_POINT('',(59.2859800835936,-66.4636784413113,-2.10000000000007));
#6839=CARTESIAN_POINT('',(40.46931247829,-68.3843821882719,-8.9353099730459));
#6840=CARTESIAN_POINT('',(43.039418661895,-84.1066926423869,-14.7493070081048));
#6841=CARTESIAN_POINT('',(58.76172911601,-86.6767988259919,-8.93530997304593));
#6842=CARTESIAN_POINT('',(40.5030074110019,-68.305760675436,-9.01153337585037));
#6843=CARTESIAN_POINT('',(43.5079086901353,-82.9653236259456,-15.8952675579635));
#6844=CARTESIAN_POINT('',(58.8403506245466,-85.8494010264487,-10.8070179919773));
#6845=CARTESIAN_POINT('',(40.5488845646259,-68.1530598185564,-9.1178743331164));
#6846=CARTESIAN_POINT('',(44.0970431102898,-81.1228434039481,-17.4210477439057));
#6847=CARTESIAN_POINT('',(58.9473973177132,-84.242406262654,-13.4182792553685));
#6848=CARTESIAN_POINT('',(40.6011317144101,-67.8738228691907,-9.24247501809159));
#6849=CARTESIAN_POINT('',(44.7135980393987,-78.3068019267038,-19.1290681009581));
#6850=CARTESIAN_POINT('',(59.0693073335768,-81.3037698024569,-16.4779183022303));
#6851=CARTESIAN_POINT('',(40.6445589654336,-67.5585543151797,-9.34790722277068));
#6852=CARTESIAN_POINT('',(45.1943899979495,-75.4120896968884,-20.5212679799229));
#6853=CARTESIAN_POINT('',(59.170637586039,-77.9859435894843,-19.0668646595428));
#6854=CARTESIAN_POINT('',(40.6756325341934,-67.1820821301672,-9.42524374576156));
#6855=CARTESIAN_POINT('',(45.5166557290371,-72.2334184060052,-21.5153764141892));
#6856=CARTESIAN_POINT('',(59.2431425797798,-74.0240220241341,-20.9659059524711));
#6857=CARTESIAN_POINT('',(40.691263506768,-66.7793734007591,-9.46454131238968));
#6858=CARTESIAN_POINT('',(45.6739181830972,-68.9785488146891,-22.013240849862));
#6859=CARTESIAN_POINT('',(59.2796148491267,-69.7859920621469,-21.9308795196553));
#6860=CARTESIAN_POINT('',(40.6939914640988,-66.5687650637894,-9.47142857067577));
#6861=CARTESIAN_POINT('',(45.7010197116995,-67.3000567839656,-22.0999999905353));
#6862=CARTESIAN_POINT('',(59.2859800828962,-67.56959003977,-22.1000000000002));
#6863=CARTESIAN_POINT('',(40.6939914643973,-66.4636784413113,-9.47142857142866));
#6864=CARTESIAN_POINT('',(45.701019714661,-66.4636784413114,-22.1000000000002));
#6865=CARTESIAN_POINT('',(59.2859800835937,-66.4636784413115,-22.1000000000002));
#6866=CARTESIAN_POINT('',(58.76172911601,-68.3843821882719,-0.849056603773764));
#6867=CARTESIAN_POINT('',(58.76172911601,-86.6767988259919,-8.9353099730459));
#6868=CARTESIAN_POINT('',(43.039418661895,-84.1066926423869,-14.7493070081048));
#6869=CARTESIAN_POINT('',(40.46931247829,-68.3843821882719,-8.9353099730459));
#6870=CARTESIAN_POINT('',(57.592845312724,-87.1777490273954,-7.80207936792478));
#6871=CARTESIAN_POINT('',(43.2642562237351,-83.8818550805181,-13.9924684279556));
#6872=CARTESIAN_POINT('',(39.9683622768865,-69.553265991558,-7.80207936792478));
#6873=CARTESIAN_POINT('',(54.5965583365701,-88.4618720171836,-5.66047452501647));
#6874=CARTESIAN_POINT('',(43.3160781416486,-83.8300331626464,-11.606295374369));
#6875=CARTESIAN_POINT('',(38.6842392870988,-72.5495529677139,-5.66047452501655));
#6876=CARTESIAN_POINT('',(48.4008450411425,-91.1171777152168,-3.0185811138801));
#6877=CARTESIAN_POINT('',(41.0794081465074,-86.0667031577696,-6.79296244638038));
#6878=CARTESIAN_POINT('',(36.0289335890634,-78.7452662631323,-3.01858111387982));
#6879=CARTESIAN_POINT('',(40.8823920070929,-94.3393718726836,-1.10868217491618));
#6880=CARTESIAN_POINT('',(36.7120162326807,-90.4340950716081,-2.61971599000246));
#6881=CARTESIAN_POINT('',(32.8067394316047,-86.2637192972153,-1.10868217491723));
#6882=CARTESIAN_POINT('',(35.2946044129453,-96.7341379844209,-0.401194771039388));
#6883=CARTESIAN_POINT('',(32.8119873046743,-94.3341239995949,-0.933830628630429));
#6884=CARTESIAN_POINT('',(30.4119733198473,-91.8515068912802,-0.401194771037127));
#6885=CARTESIAN_POINT('',(32.442053227467,-97.9566599210818,-0.199693349494313));
#6886=CARTESIAN_POINT('',(30.7939574359199,-96.3521538683621,-0.464155066544432));
#6887=CARTESIAN_POINT('',(29.1894513832002,-94.7040580768149,-0.199693349494313));
#6888=CARTESIAN_POINT('',(37.2175522140045,-95.3770187712818,-0.851547119351763));
#6889=CARTESIAN_POINT('',(37.832577698456,-95.2927169655309,-0.890134819110865));
#6890=CARTESIAN_POINT('',(38.44756063945,-95.2068684306115,-0.925892534461149));
#6891=CARTESIAN_POINT('',(39.062458588614,-95.1193433377331,-0.958784959014272));
#6892=CARTESIAN_POINT('',(37.2175522140231,-95.3770187712838,-0.85154711935155));
#6893=CARTESIAN_POINT('',(37.2175522140231,-95.3770187712838,-0.851547119351548));
#6894=CARTESIAN_POINT('',(34.557935602649,-95.0931623867369,-0.882936824853615));
#6895=CARTESIAN_POINT('',(31.9008213879694,-94.7946219538022,-0.662808130572885));
#6896=CARTESIAN_POINT('',(29.2769048446922,-94.5000000000001,-0.214373469282055));
#6897=CARTESIAN_POINT('',(34.4663022990925,93.4636784412933,-8.5));
#6898=CARTESIAN_POINT('',(46.2629119815394,67.4636784412933,-6.30000000000002));
#6899=CARTESIAN_POINT('',(46.2629119815394,67.8829693634494,-6.30000000000002));
#6900=CARTESIAN_POINT('',(46.2518127847447,68.7195992168886,-6.2378239457658));
#6901=CARTESIAN_POINT('',(46.1900028199214,69.9402173101675,-5.93183862522397));
#6902=CARTESIAN_POINT('',(46.0619028444282,71.0667461472206,-5.37289204414746));
#6903=CARTESIAN_POINT('',(45.8388794600549,71.5636784412933,-4.64710521591856));
#6904=CARTESIAN_POINT('',(45.6884901428242,71.5636784412933,-4.25000000000003));
#6905=CARTESIAN_POINT('',(46.2629119815394,67.4636784412933,-6.30000000000002));
#6906=CARTESIAN_POINT('',(45.6884901428242,71.5636784412933,-4.25000000000003));
#6907=CARTESIAN_POINT('',(45.6884901428242,71.5636784412933,-4.25000000000003));
#6908=CARTESIAN_POINT('',(45.2062208991088,71.5636784412933,-2.97656093076982));
#6909=CARTESIAN_POINT('',(43.8396893802683,72.4584379630499,-0.722888072032569));
#6910=CARTESIAN_POINT('',(41.331316528342,74.6833712383958,1.51853377002431));
#6911=CARTESIAN_POINT('',(38.8439626399644,76.6248040870699,2.77996624431677));
#6912=CARTESIAN_POINT('',(36.4888911853383,77.7499778324367,3.38103339079005));
#6913=CARTESIAN_POINT('',(35.13815772419,77.9924147566421,3.49999999999985));
#6914=CARTESIAN_POINT('',(34.4663022990951,77.9924147566424,3.5));
#6915=CARTESIAN_POINT('',(34.4663028466133,-76.9924147566606,3.49999999999999));
#6916=CARTESIAN_POINT('',(35.8105384851357,-76.9924146337666,3.4999999386669));
#6917=CARTESIAN_POINT('',(37.7419160665313,-76.2601297219785,3.1460832975857));
#6918=CARTESIAN_POINT('',(39.810637562408,-74.8603474840557,2.28631810946575));
#6919=CARTESIAN_POINT('',(41.7265747131505,-73.3377318668739,1.16552802061623));
#6920=CARTESIAN_POINT('',(43.4113101854761,-71.8379739003894,-0.343429980130981));
#6921=CARTESIAN_POINT('',(44.8591063562096,-70.788766979879,-2.39280858308904));
#6922=CARTESIAN_POINT('',(45.4505435620491,-70.5636783732439,-3.62169843474104));
#6923=CARTESIAN_POINT('',(45.6884903674535,-70.5636784413114,-4.25000059313718));
#6924=CARTESIAN_POINT('',(45.6884903674535,-70.5636784413114,-4.25000059313717));
#6925=CARTESIAN_POINT('',(45.6884903674535,-70.5636784413114,-4.25000059313717));
#6926=CARTESIAN_POINT('',(45.8384980546533,-70.5636782121015,-4.64609817252432));
#6927=CARTESIAN_POINT('',(46.060176918639,-70.0745525621673,-5.3665371871547));
#6928=CARTESIAN_POINT('',(46.1904149494083,-68.9388836583167,-5.93330991469669));
#6929=CARTESIAN_POINT('',(46.2517175599075,-67.7191916378619,-6.23751905293596));
#6930=CARTESIAN_POINT('',(46.2629119815394,-66.8831260705377,-6.30000000000011));
#6931=CARTESIAN_POINT('',(46.2629119815394,-66.4636784413113,-6.30000000000011));
#6932=CARTESIAN_POINT('',(46.2629119815394,-66.4636784413113,-6.30000000000011));
#6933=CARTESIAN_POINT('',(46.2629119815394,-66.4636784413113,-6.30000000000011));
#6934=CARTESIAN_POINT('',(34.3760441635529,-76.9917346383522,3.49966055640612));
#6935=CARTESIAN_POINT('',(34.345081802654,-81.1010875944025,3.49942766607114));
#6936=CARTESIAN_POINT('',(34.3016713627585,-84.3477559741608,6.01835609002743));
#6937=CARTESIAN_POINT('',(35.0070912298029,-77.0012445596459,3.50440711830841));
#6938=CARTESIAN_POINT('',(35.1924388250665,-81.1065018797198,3.5074293337032));
#6939=CARTESIAN_POINT('',(35.452636870763,-84.3520874633788,6.02364521390912));
#6940=CARTESIAN_POINT('',(36.2464395470625,-76.8202906436507,3.41614631710624));
#6941=CARTESIAN_POINT('',(36.8669738827675,-81.0009697836663,3.35620991428818));
#6942=CARTESIAN_POINT('',(37.7171199866862,-84.2688573254635,5.92460830286779));
#6943=CARTESIAN_POINT('',(38.0617130396222,-76.025008805796,2.99679678842351));
#6944=CARTESIAN_POINT('',(39.241721502637,-80.562455801954,2.65590877711753));
#6945=CARTESIAN_POINT('',(41.0178199059605,-83.9122227212065,5.46079249437888));
#6946=CARTESIAN_POINT('',(39.7179906331528,-74.9351268829146,2.33867235466799));
#6947=CARTESIAN_POINT('',(41.2737881250545,-80.0265917192796,1.60537023277492));
#6948=CARTESIAN_POINT('',(44.0041783653675,-83.4466250377704,4.75112871617915));
#6949=CARTESIAN_POINT('',(41.2698107811678,-73.7013605565838,1.43804791012524));
#6950=CARTESIAN_POINT('',(42.9801059527826,-79.5414037802337,0.277994023172772));
#6951=CARTESIAN_POINT('',(46.7661516417672,-82.960429782357,3.8182909425915));
#6952=CARTESIAN_POINT('',(42.6525448288781,-72.5153333588302,0.334869139038392));
#6953=CARTESIAN_POINT('',(44.2510364221945,-79.2524724067329,-1.15436055720087));
#6954=CARTESIAN_POINT('',(49.1832079461779,-82.5489645386401,2.73724961071702));
#6955=CARTESIAN_POINT('',(43.8942361365716,-71.4784662010182,-1.00147853031796));
#6956=CARTESIAN_POINT('',(45.1003254174996,-79.2406469819717,-2.55810334447764));
#6957=CARTESIAN_POINT('',(51.3040608650521,-82.2601896131517,1.52265299014608));
#6958=CARTESIAN_POINT('',(44.9255547665919,-70.755968409066,-2.51977529315597));
#6959=CARTESIAN_POINT('',(45.5246171270442,-79.5232107809395,-3.67129588638281));
#6960=CARTESIAN_POINT('',(53.0191802740083,-82.1407589111865,0.26699959792009));
#6961=CARTESIAN_POINT('',(45.4667052318695,-70.5636783784182,-3.66437356969047));
#6962=CARTESIAN_POINT('',(45.6342316537398,-79.8398707930696,-4.10672970068635));
#6963=CARTESIAN_POINT('',(53.8991506894908,-82.1782887903111,-0.584041508538331));
#6964=CARTESIAN_POINT('',(45.6884903674535,-70.5636784413114,-4.25000059313713));
#6965=CARTESIAN_POINT('',(45.6884901981878,-79.9982950140217,-4.25000014618835));
#6966=CARTESIAN_POINT('',(54.2623776328375,-82.2247503647312,-1.00294906816167));
#6967=CARTESIAN_POINT('',(54.1148388005746,-82.1853038000853,-1.05882352941151));
#6968=CARTESIAN_POINT('',(52.6282538927246,-81.913289855087,-0.119093583972565));
#6969=CARTESIAN_POINT('',(49.358647362195,-81.6292827307076,1.24781981548789));
#6970=CARTESIAN_POINT('',(44.2173259259487,-80.9095886085923,2.45734228788224));
#6971=CARTESIAN_POINT('',(39.1426433747326,-79.549338549043,3.214467688872));
#6972=CARTESIAN_POINT('',(35.9530656644712,-77.9454909097889,3.5));
#6973=CARTESIAN_POINT('',(34.4663022990925,-76.9924147566606,3.5));
#6974=CARTESIAN_POINT('',(54.1148388005746,-82.1853038000853,-1.05882352941151));
#6975=CARTESIAN_POINT('',(56.910677986556,-70.5636784413113,-1.97350208147832E-13));
#6976=CARTESIAN_POINT('',(58.0595216639863,-66.4636784413113,-16.1000000000002));
#6977=CARTESIAN_POINT('',(48.0905557351578,-66.4636784413113,-16.1000000000002));
#6978=CARTESIAN_POINT('',(46.2629119815394,-66.4636784413113,-6.30000000000011));
#6979=CARTESIAN_POINT('',(58.0595216645052,-67.5492310498206,-16.1000000000002));
#6980=CARTESIAN_POINT('',(48.0905557355301,-67.4238763612822,-16.1000000084178));
#6981=CARTESIAN_POINT('',(46.2629119817996,-66.7401235155287,-6.3000000013955));
#6982=CARTESIAN_POINT('',(58.0494462331171,-69.6810016263661,-15.8855779123809));
#6983=CARTESIAN_POINT('',(48.0837549155977,-69.3095842511831,-15.9345890884453));
#6984=CARTESIAN_POINT('',(46.2578742661044,-67.2829967679394,-6.27269780807177));
#6985=CARTESIAN_POINT('',(58.0021367214854,-72.7987371862782,-14.9183023633827));
#6986=CARTESIAN_POINT('',(48.0447498818105,-72.0718494072567,-15.1964901336549));
#6987=CARTESIAN_POINT('',(46.2342195102889,-68.0769542707767,-6.14953539426896));
#6988=CARTESIAN_POINT('',(57.9213685418031,-75.6069292399086,-13.3805683968576));
#6989=CARTESIAN_POINT('',(47.9579303103797,-74.5806434421366,-14.0439737435869));
#6990=CARTESIAN_POINT('',(46.1938354204481,-68.7920839241775,-5.95373696973965));
#6991=CARTESIAN_POINT('',(57.8008812802355,-78.0853914376429,-11.2968910610219));
#6992=CARTESIAN_POINT('',(47.7908452511982,-76.8526344532835,-12.51409935493));
#6993=CARTESIAN_POINT('',(46.1335917896626,-69.4232451049973,-5.68842401709973));
#6994=CARTESIAN_POINT('',(57.6388707889071,-80.0717856657919,-8.79380226915305));
#6995=CARTESIAN_POINT('',(47.5111158558166,-78.7913469749186,-10.7070458081235));
#6996=CARTESIAN_POINT('',(46.0525865440051,-69.9290970511832,-5.36970774234025));
#6997=CARTESIAN_POINT('',(57.4369346735583,-81.5047605080093,-6.01718115600949));
#6998=CARTESIAN_POINT('',(47.0933751395137,-80.3853913419916,-8.71276563934579));
#6999=CARTESIAN_POINT('',(45.9516184863056,-70.2940161108026,-5.01616281800989));
#7000=CARTESIAN_POINT('',(57.1929238465176,-82.3749769756029,-3.03159311596991));
#7001=CARTESIAN_POINT('',(46.5008303139937,-81.6687622531826,-6.5404386210061));
#7002=CARTESIAN_POINT('',(45.829613072879,-70.5156240295498,-4.63601030355728));
#7003=CARTESIAN_POINT('',(57.0082038273842,-82.5636784413118,-1.01123088383278));
#7004=CARTESIAN_POINT('',(45.9836080255589,-82.2996749964991,-5.02926312992652));
#7005=CARTESIAN_POINT('',(45.7372530630791,-70.5636784439826,-4.37875921197867));
#7006=CARTESIAN_POINT('',(56.9106779865553,-82.5636784413114,7.03458754374857E-12));
#7007=CARTESIAN_POINT('',(45.6884901428221,-82.5636784413133,-4.24999999999446));
#7008=CARTESIAN_POINT('',(45.6884901428239,-70.5636784413114,-4.24999999999918));
#7009=CARTESIAN_POINT('',(54.1148388005746,-82.1853038000853,-1.05882352941151));
#7010=CARTESIAN_POINT('',(55.0695198263795,-82.4122377364727,-1.08885065979513));
#7011=CARTESIAN_POINT('',(56.0375457509996,-82.5249227364452,-1.1167840187488));
#7012=CARTESIAN_POINT('',(57.0189079581308,-82.5229438616207,-1.14454976303323));
#7013=CARTESIAN_POINT('',(58.0595216639863,-66.4636784413113,-4.10000000000021));
#7014=CARTESIAN_POINT('',(58.0595216639863,93.4636784412933,-4.10000000000004));
#7015=CARTESIAN_POINT('',(58.0595216639863,67.4636784412933,-4.10000000000004));
#7016=CARTESIAN_POINT('',(56.9106779865559,83.5636784412933,-1.93693941283889E-14));
#7017=CARTESIAN_POINT('',(45.6884901428242,83.5636784412933,-4.25));
#7018=CARTESIAN_POINT('',(45.6884901428242,71.5636784412933,-4.25000000000002));
#7019=CARTESIAN_POINT('',(57.1034413640412,83.5636784412933,-1.99873469078684));
#7020=CARTESIAN_POINT('',(46.2656020283972,83.0474117616968,-5.77387247145161));
#7021=CARTESIAN_POINT('',(45.7848718315656,71.5636784431552,-4.50449727429474));
#7022=CARTESIAN_POINT('',(57.4575395670287,82.8018900286867,-6.10621802294622));
#7023=CARTESIAN_POINT('',(47.1712589881044,81.5788823857207,-8.74964424714713));
#7024=CARTESIAN_POINT('',(45.9619209330612,71.3696826334701,-5.02749981037071));
#7025=CARTESIAN_POINT('',(57.7609910773529,79.9006500807014,-10.607231786306));
#7026=CARTESIAN_POINT('',(47.735114116188,78.6051811990077,-12.004256069239));
#7027=CARTESIAN_POINT('',(46.1136466882226,70.6308575545445,-5.60061025851462));
#7028=CARTESIAN_POINT('',(57.9207098173921,76.6267049439806,-13.3686463257956));
#7029=CARTESIAN_POINT('',(47.9571165853868,75.5984347632972,-14.0351820291908));
#7030=CARTESIAN_POINT('',(46.1935060582423,69.7971199730128,-5.95221894208771));
#7031=CARTESIAN_POINT('',(58.0024496792506,73.7828762629796,-14.9242213925137));
#7032=CARTESIAN_POINT('',(48.045091009122,73.0577390662436,-15.2009009818813));
#7033=CARTESIAN_POINT('',(46.2343759891714,69.0729151536538,-6.15028905935896));
#7034=CARTESIAN_POINT('',(58.0491632220665,70.7103608434269,-15.8798879036601));
#7035=CARTESIAN_POINT('',(48.0835053438658,70.3355781088985,-15.9302724089202));
#7036=CARTESIAN_POINT('',(46.2577327605798,68.2904733387293,-6.27197330426521));
#7037=CARTESIAN_POINT('',(58.0595216641788,68.5371631575563,-16.1000000000001));
#7038=CARTESIAN_POINT('',(48.0905557352946,68.4132020144445,-16.1000000030993));
#7039=CARTESIAN_POINT('',(46.262911981635,67.7370503255595,-6.30000000051316));
#7040=CARTESIAN_POINT('',(58.0595216639863,67.4636784412933,-16.1000000000001));
#7041=CARTESIAN_POINT('',(48.0905557351579,67.4636784412933,-16.1000000000001));
#7042=CARTESIAN_POINT('',(46.2629119815394,67.4636784412933,-6.30000000000003));
#7043=CARTESIAN_POINT('',(57.0189079581307,83.5229438616026,-1.14454976303319));
#7044=CARTESIAN_POINT('',(56.0375457509995,83.5249227364272,-1.11678401874876));
#7045=CARTESIAN_POINT('',(55.0695198263792,83.4122377364547,-1.08885065979541));
#7046=CARTESIAN_POINT('',(54.1148388005743,83.1853038000671,-1.05882352941178));
#7047=CARTESIAN_POINT('',(54.1148388005743,83.1853038000672,-1.05882352941149));
#7048=CARTESIAN_POINT('',(56.9106779865559,71.5636784412933,-5.24178669377356E-14));
#7049=CARTESIAN_POINT('',(34.3036662536882,85.3477634758701,6.01836523258913));
#7050=CARTESIAN_POINT('',(34.3465506457935,82.1010969509633,3.49944145244547));
#7051=CARTESIAN_POINT('',(34.3771378568169,77.9917510205171,3.49966873302066));
#7052=CARTESIAN_POINT('',(35.4395249744659,85.3519863239715,6.02352168389314));
#7053=CARTESIAN_POINT('',(35.1827889407048,82.1063754564732,3.50724243124792));
#7054=CARTESIAN_POINT('',(34.9999013238483,78.001022398508,3.50429622386585));
#7055=CARTESIAN_POINT('',(37.7480434032905,85.2668730106301,5.92190974538799));
#7056=CARTESIAN_POINT('',(36.8892211098114,81.9986134630993,3.352253209011));
#7057=CARTESIAN_POINT('',(36.2634849861817,77.8157722714003,3.41365804864992));
#7058=CARTESIAN_POINT('',(40.9987246151612,84.914345736851,5.46411492595499));
#7059=CARTESIAN_POINT('',(39.2285510100899,81.564820746456,2.66065471787476));
#7060=CARTESIAN_POINT('',(38.0511147501882,77.0300614439818,2.99994404179663));
#7061=CARTESIAN_POINT('',(44.029801368763,84.4426949481458,4.7442020983581));
#7062=CARTESIAN_POINT('',(41.2905433602371,81.0224346070907,1.59554147493827));
#7063=CARTESIAN_POINT('',(39.7322880032894,75.9254519931099,2.33201287251764));
#7064=CARTESIAN_POINT('',(46.7577121439868,83.9616381234509,3.82134863979033));
#7065=CARTESIAN_POINT('',(42.9751938846932,80.5423427358744,0.281815589496692));
#7066=CARTESIAN_POINT('',(41.2650303720264,74.7047508963904,1.44125482298104));
#7067=CARTESIAN_POINT('',(49.2024542608005,83.5461371890152,2.72754958693274));
#7068=CARTESIAN_POINT('',(44.2601175793318,80.2513202608277,-1.16596350719176));
#7069=CARTESIAN_POINT('',(42.6636698837223,73.5062487325096,0.324390235063666));
#7070=CARTESIAN_POINT('',(51.293784867488,83.2612767763488,1.5290201555006));
#7071=CARTESIAN_POINT('',(45.0963735987767,80.2402208487169,-2.55171387833656));
#7072=CARTESIAN_POINT('',(43.8882318651616,72.4828593653716,-0.994078057689653));
#7073=CARTESIAN_POINT('',(53.0304568851771,83.1403924918432,0.257971746344612));
#7074=CARTESIAN_POINT('',(45.527407339198,80.5255656189396,-3.6779734980052));
#7075=CARTESIAN_POINT('',(44.9322924588391,71.7522407724473,-2.53115895951781));
#7076=CARTESIAN_POINT('',(53.8971596291943,83.1780341457126,-0.581745147299337));
#7077=CARTESIAN_POINT('',(45.6339358522086,80.8390071857227,-4.10594858555982));
#7078=CARTESIAN_POINT('',(45.4654870387205,71.5636784416254,-3.66115700612082));
#7079=CARTESIAN_POINT('',(54.2623773541358,83.2247503409101,-1.00294860899809));
#7080=CARTESIAN_POINT('',(45.6884901428242,80.9982949323966,-4.25000000000001));
#7081=CARTESIAN_POINT('',(45.6884901428242,71.5636784412933,-4.25000000000003));
#7082=CARTESIAN_POINT('',(54.1148388005742,83.1853038000671,-1.05882352941171));
#7083=CARTESIAN_POINT('',(52.6266824352404,82.9130023112176,-0.118100202667811));
#7084=CARTESIAN_POINT('',(49.3437994230029,82.6272132349751,1.2514857176513));
#7085=CARTESIAN_POINT('',(44.247094793662,81.9143948591834,2.45093350448601));
#7086=CARTESIAN_POINT('',(39.1557876318174,80.5560267017091,3.21366228173454));
#7087=CARTESIAN_POINT('',(35.9546372804405,78.9464983744694,3.5));
#7088=CARTESIAN_POINT('',(34.4663022990925,77.9924147566424,3.5));
#7089=CARTESIAN_POINT('',(-36.24,-28.24,0.699999999999999));
#7090=CARTESIAN_POINT('',(-38.54,-28.24,0.699999999999999));
#7091=CARTESIAN_POINT('',(-38.54,-28.24,0.9));
#7092=CARTESIAN_POINT('',(-36.24,-28.24,0.9));
#7093=CARTESIAN_POINT('',(-36.24,-30.54,0.9));
#7094=CARTESIAN_POINT('',(-36.24,-30.54,0.699999999999999));
#7095=CARTESIAN_POINT('',(4.24,-30.54,0.699999999999999));
#7096=CARTESIAN_POINT('',(4.24,-30.54,0.9));
#7097=CARTESIAN_POINT('',(4.24,-30.54,0.9));
#7098=CARTESIAN_POINT('',(4.24,-30.54,0.699999999999999));
#7099=CARTESIAN_POINT('',(4.24,-28.24,0.699999999999999));
#7100=CARTESIAN_POINT('',(4.24,-28.24,0.9));
#7101=CARTESIAN_POINT('',(6.54,-28.24,0.9));
#7102=CARTESIAN_POINT('',(6.54,-28.24,0.699999999999999));
#7103=CARTESIAN_POINT('',(6.54,23.24,0.699999999999999));
#7104=CARTESIAN_POINT('',(6.54,23.24,0.9));
#7105=CARTESIAN_POINT('',(6.54,23.24,0.9));
#7106=CARTESIAN_POINT('',(6.54,23.24,0.699999999999999));
#7107=CARTESIAN_POINT('',(4.24,23.24,0.699999999999999));
#7108=CARTESIAN_POINT('',(4.24,23.24,0.9));
#7109=CARTESIAN_POINT('',(4.24,25.54,0.9));
#7110=CARTESIAN_POINT('',(4.24,25.54,0.699999999999999));
#7111=CARTESIAN_POINT('',(-36.24,25.54,0.699999999999999));
#7112=CARTESIAN_POINT('',(-36.24,25.54,0.9));
#7113=CARTESIAN_POINT('',(-36.24,25.54,0.9));
#7114=CARTESIAN_POINT('',(-36.24,25.54,0.699999999999999));
#7115=CARTESIAN_POINT('',(-36.24,23.24,0.699999999999999));
#7116=CARTESIAN_POINT('',(-36.24,23.24,0.9));
#7117=CARTESIAN_POINT('',(-38.54,23.24,0.9));
#7118=CARTESIAN_POINT('',(-38.54,23.24,0.699999999999999));
#7119=CARTESIAN_POINT('',(-38.54,-28.24,0.699999999999999));
#7120=CARTESIAN_POINT('',(-38.54,-28.24,0.9));
#7121=CARTESIAN_POINT('',(-36.24,23.24,0.9));
#7122=CARTESIAN_POINT('',(-36.16,-24.48,1.8));
#7123=CARTESIAN_POINT('',(-36.16,-26.28,1.8));
#7124=CARTESIAN_POINT('',(-36.16,26.28,1.8));
#7125=CARTESIAN_POINT('',(-34.36,26.28,1.8));
#7126=CARTESIAN_POINT('',(4.16000000000002,26.28,1.8));
#7127=CARTESIAN_POINT('',(-36.16,26.28,1.8));
#7128=CARTESIAN_POINT('',(2.35999999999997,-26.28,1.8));
#7129=CARTESIAN_POINT('',(4.15999999999997,-26.28,1.8));
#7130=CARTESIAN_POINT('',(-36.16,-26.28,1.8));
#7131=CARTESIAN_POINT('',(4.16000000000001,24.48,1.8));
#7132=CARTESIAN_POINT('',(4.16000000000002,26.28,1.8));
#7133=CARTESIAN_POINT('',(4.15999999999997,-26.28,1.8));
#7134=CARTESIAN_POINT('',(-14.4724318643355,-94.5000000000001,3.));
#7135=CARTESIAN_POINT('',(-14.4724318643355,-94.5000000000001,3.));
#7136=CARTESIAN_POINT('',(-14.4724318643355,-110.5,3.));
#7137=CARTESIAN_POINT('',(-3.57733561296709,-98.782624966597,-4.33680868994202E-16));
#7138=CARTESIAN_POINT('',(-4.1012785794254,-99.3852275936856,-1.43354553958751E-15));
#7139=CARTESIAN_POINT('',(-4.97399636898648,-100.682653616828,0.655263178569935));
#7140=CARTESIAN_POINT('',(-5.26364011955698,-101.324044758103,2.20125769451407));
#7141=CARTESIAN_POINT('',(-5.26364011955698,-101.324044758103,3.));
#7142=CARTESIAN_POINT('',(-98.25,-88.9370000232646,3.));
#7143=CARTESIAN_POINT('',(-84.1384488958959,-96.4778305767419,-4.33680868994202E-16));
#7144=CARTESIAN_POINT('',(-84.8548894612365,-96.1251847563928,5.9878430398637E-16));
#7145=CARTESIAN_POINT('',(-86.3321906195864,-95.6128060748677,0.655263178569894));
#7146=CARTESIAN_POINT('',(-87.0262879580535,-95.4965951326798,2.201257694514));
#7147=CARTESIAN_POINT('',(-87.0262879580535,-95.4965951326798,2.99999999999999));
#7148=CARTESIAN_POINT('',(-82.25,-88.9370000232646,3.));
#7149=CARTESIAN_POINT('',(70.673645797715,-94.5000000000001,3.));
#7150=CARTESIAN_POINT('',(26.75,-94.5000000000001,3.));
#7151=CARTESIAN_POINT('',(-82.25,-13.5978721798718,3.));
#7152=CARTESIAN_POINT('',(26.75,-94.5000000000001,-15.));
#7153=CARTESIAN_POINT('',(29.7822858136307,-94.5000000000001,2.74275183686156));
#7154=CARTESIAN_POINT('',(38.2146608694369,-97.5000000000001,2.00693598175521));
#7155=CARTESIAN_POINT('',(38.2146608694369,-97.5000000000001,-0.128173254035935));
#7156=CARTESIAN_POINT('',(38.2146608694369,-95.4826852173804,-0.827553348537323));
#7157=CARTESIAN_POINT('',(35.3824665557713,-97.5000000000001,2.00693598303261));
#7158=CARTESIAN_POINT('',(35.1217213632085,-97.499999999977,-0.39147085347839));
#7159=CARTESIAN_POINT('',(35.1997789301549,-95.1655738469522,-0.937492254516852));
#7160=CARTESIAN_POINT('',(32.572863913816,-97.5000000000001,2.26583425066692));
#7161=CARTESIAN_POINT('',(32.1269270640607,-97.4999999999743,-0.382827468984683));
#7162=CARTESIAN_POINT('',(32.2285207866351,-94.8314171170224,-0.718812872500491));
#7163=CARTESIAN_POINT('',(29.7822858136307,-97.5000000000001,2.74275183686155));
#7164=CARTESIAN_POINT('',(29.2769048446922,-97.5000000000001,-0.214373469282025));
#7165=CARTESIAN_POINT('',(29.2769048446922,-94.5000000000001,-0.214373469282039));
#7166=CARTESIAN_POINT('',(37.2175522140045,-95.3770187712818,-0.851547119351763));
#7167=CARTESIAN_POINT('',(36.8824296066755,-95.4229541701556,-0.830520981604581));
#7168=CARTESIAN_POINT('',(36.2300187679827,-95.558881513772,-0.766717989758621));
#7169=CARTESIAN_POINT('',(35.4512983888906,-95.8456061099737,-0.605436324333928));
#7170=CARTESIAN_POINT('',(34.8831541870384,-96.1502150064115,-0.39080874744239));
#7171=CARTESIAN_POINT('',(34.5108752488216,-96.4178677248557,-0.168372981317794));
#7172=CARTESIAN_POINT('',(34.2172040038319,-96.7298267418693,0.141845156152633));
#7173=CARTESIAN_POINT('',(34.273207901786,-97.0631002469857,0.584945433181561));
#7174=CARTESIAN_POINT('',(34.7274377545951,-97.2136181227511,0.849177576358381));
#7175=CARTESIAN_POINT('',(35.2011783477917,-97.2881639691751,0.991467136500983));
#7176=CARTESIAN_POINT('',(35.7020502705405,-97.3331146432872,1.08524313869237));
#7177=CARTESIAN_POINT('',(36.3669089767036,-97.3701307146912,1.16624699199244));
#7178=CARTESIAN_POINT('',(37.2051149915591,-97.3927800912463,1.21913421899518));
#7179=CARTESIAN_POINT('',(37.8776837089156,-97.3981676796236,1.23193656189363));
#7180=CARTESIAN_POINT('',(38.2146608694368,-97.3981676796236,1.23193656189363));
#7181=CARTESIAN_POINT('',(38.2146608694368,-97.3981676796236,1.23193656189359));
#7182=CARTESIAN_POINT('',(38.2146608694368,-94.5000000000001,2.00693598175521));
#7183=CARTESIAN_POINT('',(45.75,-94.5000000000001,2.00693598175521));
#7184=CARTESIAN_POINT('',(38.2146608694368,-97.3981676796236,1.23193656189359));
#7185=CARTESIAN_POINT('',(70.673645797715,-97.4957682173594,2.16622436131213));
#7186=CARTESIAN_POINT('',(70.2829672861804,-97.4899160189264,2.27628782053104));
#7187=CARTESIAN_POINT('',(69.4655448467681,-97.4755851508503,2.40540484949058));
#7188=CARTESIAN_POINT('',(68.6879685005253,-97.5000000000001,2.12827323582652));
#7189=CARTESIAN_POINT('',(68.3018931956856,-97.5000000000001,2.00693598175518));
#7190=CARTESIAN_POINT('',(-98.25,14.5978721798716,3.));
#7191=CARTESIAN_POINT('',(-85.8056432354662,4.5411339056098,-4.33680868994202E-16));
#7192=CARTESIAN_POINT('',(-86.4431121923787,5.02204916555507,-4.33680868994202E-16));
#7193=CARTESIAN_POINT('',(-87.7979078194529,5.80274080417053,0.65526317856988));
#7194=CARTESIAN_POINT('',(-88.4578322407706,6.04723181934252,2.20125769451399));
#7195=CARTESIAN_POINT('',(-88.4578322407706,6.04723181934252,2.99999999999999));
#7196=CARTESIAN_POINT('',(-82.25,14.5978721798716,3.));
#7197=CARTESIAN_POINT('',(-82.25,89.9370000232644,3.));
#7198=CARTESIAN_POINT('',(82.7499999999999,-100.396111304282,-15.));
#7199=CARTESIAN_POINT('',(82.7499999999999,-94.0639897444233,1.84945804918288));
#7200=CARTESIAN_POINT('',(82.7499999999999,-83.9329363303339,-7.72237196765509));
#7201=CARTESIAN_POINT('',(-72.173645797715,111.5,3.));
#7202=CARTESIAN_POINT('',(-82.2303840719671,99.0556432354582,-4.33680868994202E-16));
#7203=CARTESIAN_POINT('',(-81.7494688120221,99.6931121923709,-4.33680868994202E-16));
#7204=CARTESIAN_POINT('',(-80.9687771734073,101.047907819445,0.655263178569891));
#7205=CARTESIAN_POINT('',(-80.7242861582356,101.707832240763,2.20125769451402));
#7206=CARTESIAN_POINT('',(-80.7242861582356,101.707832240763,3.));
#7207=CARTESIAN_POINT('',(-72.173645797715,95.4999999999999,3.));
#7208=CARTESIAN_POINT('',(82.7499999999999,-66.4636784413113,-1.99493199737333E-13));
#7209=CARTESIAN_POINT('',(-13.8478721798717,95.4999999999999,3.));
#7210=CARTESIAN_POINT('',(82.75,67.4636784412933,-5.3776427755281E-14));
#7211=CARTESIAN_POINT('',(82.75,84.9329363303159,-7.72237196765501));
#7212=CARTESIAN_POINT('',(82.75,101.396111304264,-15.));
#7213=CARTESIAN_POINT('',(70.673645797715,95.4999999999999,3.));
#7214=CARTESIAN_POINT('',(26.75,95.4999999999999,3.));
#7215=CARTESIAN_POINT('',(26.75,95.4999999999999,-15.));
#7216=CARTESIAN_POINT('',(29.7822858136215,95.4999999999999,2.74275183686313));
#7217=CARTESIAN_POINT('',(29.7822858136215,98.4999999999999,2.74275183686313));
#7218=CARTESIAN_POINT('',(29.2769048446846,98.4999999999999,-0.214373469280726));
#7219=CARTESIAN_POINT('',(29.2769048446846,95.4999999999999,-0.214373469280726));
#7220=CARTESIAN_POINT('',(32.5728639138049,98.4999999999999,2.26583425063957));
#7221=CARTESIAN_POINT('',(32.1269270640977,98.499999999937,-0.38282746899614));
#7222=CARTESIAN_POINT('',(32.2285207866311,95.831417117041,-0.718812872498228));
#7223=CARTESIAN_POINT('',(35.3824665558637,98.4999999999999,2.00693598305229));
#7224=CARTESIAN_POINT('',(35.1217213633063,98.4999999999393,-0.391470853468734));
#7225=CARTESIAN_POINT('',(35.1997789302478,96.1655738469358,-0.937492254515922));
#7226=CARTESIAN_POINT('',(38.2146608694022,98.4999999999999,2.00693598176138));
#7227=CARTESIAN_POINT('',(38.2146608694022,98.4999999999999,-0.128173254032147));
#7228=CARTESIAN_POINT('',(38.2146608694022,96.4826852173772,-0.827553348532181));
#7229=CARTESIAN_POINT('',(38.2146608694022,95.4999999999999,2.00693598176139));
#7230=CARTESIAN_POINT('',(45.75,95.4999999999999,2.00693598176139));
#7231=CARTESIAN_POINT('',(45.75,98.456859129278,1.5));
#7232=CARTESIAN_POINT('',(83.75,98.456859129278,1.5));
#7233=CARTESIAN_POINT('',(73.7892123631991,98.456859129278,1.5));
#7234=CARTESIAN_POINT('',(83.75,95.4999999999999,2.00693598176139));
#7235=CARTESIAN_POINT('',(68.3028033248308,98.4999999999999,2.00693598176139));
#7236=CARTESIAN_POINT('',(68.7528792656123,98.4999999999999,2.14838760556018));
#7237=CARTESIAN_POINT('',(69.6826890460016,98.4688225103191,2.46644503749749));
#7238=CARTESIAN_POINT('',(71.0549891854118,98.511648033007,2.05718086034658));
#7239=CARTESIAN_POINT('',(72.3869834843452,98.4823539257478,1.62986683457869));
#7240=CARTESIAN_POINT('',(73.3133788851557,98.4568591292781,1.5));
#7241=CARTESIAN_POINT('',(73.7892123631991,98.4568591292781,1.5));
#7242=CARTESIAN_POINT('',(14.9724318643303,111.5,9.83));
#7243=CARTESIAN_POINT('',(14.9724318643303,104.9,3.23));
#7244=CARTESIAN_POINT('',(3.54089888083142,104.899995935821,9.83));
#7245=CARTESIAN_POINT('',(0.250000000000002,102.999999999991,9.83));
#7246=CARTESIAN_POINT('',(-3.04089904282683,104.899995655228,9.83));
#7247=CARTESIAN_POINT('',(-14.4724318643303,111.5,9.83));
#7248=CARTESIAN_POINT('',(-14.4724318643303,98.2999999999999,9.83));
#7249=CARTESIAN_POINT('',(-72.173645797715,98.2999999999999,9.83));
#7250=CARTESIAN_POINT('',(-72.173645797715,98.2999999999999,9.83));
#7251=CARTESIAN_POINT('',(85.75,74.7374839909743,9.63));
#7252=CARTESIAN_POINT('',(85.75,92.3251852550515,9.63));
#7253=CARTESIAN_POINT('',(85.6150197149232,92.325185255049,9.76498028507681));
#7254=CARTESIAN_POINT('',(85.55,102.379330046526,9.83));
#7255=CARTESIAN_POINT('',(85.75,92.3004501747868,9.63));
#7256=CARTESIAN_POINT('',(85.683333947156,92.2964383880779,9.69666605284397));
#7257=CARTESIAN_POINT('',(85.6166672742464,92.2924473153741,9.76333272575359));
#7258=CARTESIAN_POINT('',(85.55,92.2884763310162,9.83));
#7259=CARTESIAN_POINT('',(-72.173645797715,111.5,9.83));
#7260=CARTESIAN_POINT('',(-83.1202289020861,104.123529411765,9.83));
#7261=CARTESIAN_POINT('',(85.55,93.4636784412933,-1.47451495458029E-14));
#7262=CARTESIAN_POINT('',(85.75,83.7636784412933,-1.81445066603433E-14));
#7263=CARTESIAN_POINT('',(-86.2715179775869,102.,9.83));
#7264=CARTESIAN_POINT('',(-88.949061017891,99.3035647110827,9.83));
#7265=CARTESIAN_POINT('',(85.55,67.4636784412933,-5.3776427755281E-14));
#7266=CARTESIAN_POINT('',(-98.25,89.9370000232644,9.83));
#7267=CARTESIAN_POINT('',(-85.05,89.9370000232644,9.83));
#7268=CARTESIAN_POINT('',(-85.05,111.5,9.83));
#7269=CARTESIAN_POINT('',(-85.05,14.5978721798716,9.83));
#7270=CARTESIAN_POINT('',(-98.25,14.5978721798716,9.83));
#7271=CARTESIAN_POINT('',(-90.8735294117647,3.65128907550059,9.83));
#7272=CARTESIAN_POINT('',(-88.75,0.499999999999876,9.83));
#7273=CARTESIAN_POINT('',(-90.8735294117647,-2.65128907550085,9.83));
#7274=CARTESIAN_POINT('',(-98.25,-13.5978721798718,9.83));
#7275=CARTESIAN_POINT('',(-85.05,-13.5978721798718,9.83));
#7276=CARTESIAN_POINT('',(-85.05,111.5,9.83));
#7277=CARTESIAN_POINT('',(-85.05,-88.9370000232646,9.83));
#7278=CARTESIAN_POINT('',(-98.25,-88.9370000232646,9.83));
#7279=CARTESIAN_POINT('',(-88.9490610178909,-98.3035647110827,9.83));
#7280=CARTESIAN_POINT('',(-86.2715179775867,-101.,9.83));
#7281=CARTESIAN_POINT('',(-83.120228902086,-103.123529411765,9.83));
#7282=CARTESIAN_POINT('',(-72.1736457977151,-110.5,9.83));
#7283=CARTESIAN_POINT('',(-72.173645797715,-97.3000000000001,9.83));
#7284=CARTESIAN_POINT('',(-72.1736457977151,-97.3000000000001,9.83));
#7285=CARTESIAN_POINT('',(-14.4724318643355,-97.3000000000002,9.83));
#7286=CARTESIAN_POINT('',(-14.4724318643355,-110.5,9.83));
#7287=CARTESIAN_POINT('',(-3.04089653438087,-103.9,9.83));
#7288=CARTESIAN_POINT('',(0.25,-102.,9.83));
#7289=CARTESIAN_POINT('',(3.54089653438087,-103.9,9.83));
#7290=CARTESIAN_POINT('',(85.5499999999999,-66.4636784413113,-1.99493199737333E-13));
#7291=CARTESIAN_POINT('',(85.7499999999999,-82.7636784413113,-2.2197542181751E-13));
#7292=CARTESIAN_POINT('',(14.9724318643355,-110.5,9.83));
#7293=CARTESIAN_POINT('',(14.9724318643355,-103.9,3.22999999999998));
#7294=CARTESIAN_POINT('',(85.5499999999999,-92.4636784413114,-2.2291196666302E-13));
#7295=CARTESIAN_POINT('',(85.7499999999999,-91.3004501748066,9.62999999999999));
#7296=CARTESIAN_POINT('',(85.6833339471559,-91.2964383880975,9.69666605284396));
#7297=CARTESIAN_POINT('',(85.6166672742463,-91.2924473153937,9.76333272575359));
#7298=CARTESIAN_POINT('',(85.5499999999999,-91.2884763310358,9.83));
#7299=CARTESIAN_POINT('',(-86.2715179775869,101.999999999991,8.83));
#7300=CARTESIAN_POINT('',(-86.2715179775869,101.999999999991,8.83));
#7301=CARTESIAN_POINT('',(-86.2715179775869,103.999999999991,8.83));
#7302=CARTESIAN_POINT('',(-86.2715179775869,101.999999999991,8.83));
#7303=CARTESIAN_POINT('',(-88.7500000000002,0.499999999990869,8.83));
#7304=CARTESIAN_POINT('',(-88.7500000000002,0.499999999990869,8.83));
#7305=CARTESIAN_POINT('',(-88.7500000000002,2.49999999999087,8.83));
#7306=CARTESIAN_POINT('',(-88.7500000000002,0.499999999990869,8.83));
#7307=CARTESIAN_POINT('',(-86.271517977587,-101.000000000009,8.83));
#7308=CARTESIAN_POINT('',(-86.271517977587,-101.000000000009,8.83));
#7309=CARTESIAN_POINT('',(-86.271517977587,-99.0000000000092,8.83));
#7310=CARTESIAN_POINT('',(-86.271517977587,-101.000000000009,8.83));
#7311=CARTESIAN_POINT('',(0.250000000001808,-102.00000000001,8.83));
#7312=CARTESIAN_POINT('',(0.250000000001808,-102.00000000001,8.83));
#7313=CARTESIAN_POINT('',(0.250000000001808,-100.00000000001,8.83));
#7314=CARTESIAN_POINT('',(0.250000000001808,-102.00000000001,8.83));
#7315=CARTESIAN_POINT('',(0.25,102.999999999991,8.83));
#7316=CARTESIAN_POINT('',(0.25,102.999999999991,8.83));
#7317=CARTESIAN_POINT('',(0.25,104.999999999991,8.83));
#7318=CARTESIAN_POINT('',(0.25,102.999999999991,8.83));
#7319=CARTESIAN_POINT('',(0.25,102.999999999991,3.));
#7320=CARTESIAN_POINT('',(0.25,102.999999999991,0.999999999999996));
#7321=CARTESIAN_POINT('',(3.3118684903839,100.426099973262,0.999999999999995));
#7322=CARTESIAN_POINT('',(-2.81186849038389,100.426099973262,0.999999999999996));
#7323=CARTESIAN_POINT('',(-2.81186849038389,100.426099973262,0.999999999999995));
#7324=CARTESIAN_POINT('',(-3.12412545942076,100.797555649267,0.999999999999991));
#7325=CARTESIAN_POINT('',(-3.52903167363576,101.58564276596,1.5657741392597));
#7326=CARTESIAN_POINT('',(-3.59421721905187,101.894561637736,2.51732207354823));
#7327=CARTESIAN_POINT('',(-3.59421721905187,101.894561637736,3.));
#7328=CARTESIAN_POINT('',(4.09421721905188,101.894561637736,3.));
#7329=CARTESIAN_POINT('',(4.09421721905188,101.894561637736,2.51742423271968));
#7330=CARTESIAN_POINT('',(4.02918249052034,101.585995530813,1.56620236280682));
#7331=CARTESIAN_POINT('',(3.6241083674425,100.797535316935,0.999999999999999));
#7332=CARTESIAN_POINT('',(3.3118684903839,100.426099973262,0.999999999999995));
#7333=CARTESIAN_POINT('',(3.31186849038389,100.426099973262,0.999999999999995));
#7334=CARTESIAN_POINT('',(3.31186849038389,100.426099973262,2.16840434497101E-16));
#7335=CARTESIAN_POINT('',(4.07733561297987,99.7826249665801,-4.33680868994202E-16));
#7336=CARTESIAN_POINT('',(3.4506026117717,100.591135767352,1.00000001404525));
#7337=CARTESIAN_POINT('',(3.53785501534543,100.694929784982,-0.00675181458462868));
#7338=CARTESIAN_POINT('',(4.34239623119821,100.087479197835,-9.28003203262896E-16));
#7339=CARTESIAN_POINT('',(3.6953701869213,100.938353531423,1.10889973391051));
#7340=CARTESIAN_POINT('',(3.93292674387965,101.296090962672,0.103786847225778));
#7341=CARTESIAN_POINT('',(4.82811516710432,100.713654310219,0.16334961064729));
#7342=CARTESIAN_POINT('',(3.93918430375895,101.429729512491,1.55147820145469));
#7343=CARTESIAN_POINT('',(4.31079738251883,102.260848430172,0.607647868522191));
#7344=CARTESIAN_POINT('',(5.36437149938231,101.559838592459,0.827217299548584));
#7345=CARTESIAN_POINT('',(4.06786054902072,101.796995788848,2.20309099226956));
#7346=CARTESIAN_POINT('',(4.51751196802536,103.198742636617,1.51321851502851));
#7347=CARTESIAN_POINT('',(5.68857245322201,102.166980271902,1.80463648915669));
#7348=CARTESIAN_POINT('',(4.09421721755319,101.894561632524,2.73426509045852));
#7349=CARTESIAN_POINT('',(4.56393819791792,103.528039837294,2.47591170934975));
#7350=CARTESIAN_POINT('',(5.76364012173147,102.324044755915,2.60139763568795));
#7351=CARTESIAN_POINT('',(4.09421721905188,101.894561637736,3.0000000000004));
#7352=CARTESIAN_POINT('',(4.5639382007362,103.528039855606,3.00000000000079));
#7353=CARTESIAN_POINT('',(5.76364011956595,102.324044758089,3.0000000000006));
#7354=CARTESIAN_POINT('',(4.07733561297987,99.7826249665801,0.999999999999995));
#7355=CARTESIAN_POINT('',(0.25,102.999999999991,0.999999999999996));
#7356=CARTESIAN_POINT('',(-3.57733561297986,99.7826249665801,0.999999999999996));
#7357=CARTESIAN_POINT('',(-3.57733561297987,99.7826249665801,-4.33680868994202E-16));
#7358=CARTESIAN_POINT('',(-2.81186849038389,100.426099973262,-4.33680868994202E-16));
#7359=CARTESIAN_POINT('',(-2.81186849038389,100.426099973262,0.999999999999995));
#7360=CARTESIAN_POINT('',(-3.84239623119196,100.087479197822,-4.33680868994202E-16));
#7361=CARTESIAN_POINT('',(-3.03785501533797,100.694929784972,-0.00675181458833582));
#7362=CARTESIAN_POINT('',(-2.95060261176734,100.591135767347,1.00000001404525));
#7363=CARTESIAN_POINT('',(-4.32811516710731,100.713654310225,0.163349610647299));
#7364=CARTESIAN_POINT('',(-3.43292674388336,101.296090962676,0.103786847228452));
#7365=CARTESIAN_POINT('',(-3.19537018692329,100.938353531426,1.10889973391052));
#7366=CARTESIAN_POINT('',(-4.86437149938113,101.559838592457,0.827217299548506));
#7367=CARTESIAN_POINT('',(-3.81079738251647,102.260848430173,0.607647868518578));
#7368=CARTESIAN_POINT('',(-3.43918430375846,101.429729512491,1.55147820145465));
#7369=CARTESIAN_POINT('',(-5.1885724532237,102.166980271901,1.80463648915699));
#7370=CARTESIAN_POINT('',(-4.01751196803091,103.198742636606,1.51321851503738));
#7371=CARTESIAN_POINT('',(-3.56786054902065,101.796995788847,2.20309099226976));
#7372=CARTESIAN_POINT('',(-5.26364012172829,102.324044755919,2.60139763568726));
#7373=CARTESIAN_POINT('',(-4.06393819790648,103.528039837324,2.475911709342));
#7374=CARTESIAN_POINT('',(-3.59421721755364,101.894561632526,2.73426509045805));
#7375=CARTESIAN_POINT('',(-5.26364011956595,102.324044758089,3.0000000000006));
#7376=CARTESIAN_POINT('',(-4.06393820073623,103.528039855606,3.00000000000079));
#7377=CARTESIAN_POINT('',(-3.59421721905187,101.894561637736,3.0000000000004));
#7378=CARTESIAN_POINT('',(-86.2715179775869,101.999999999991,3.));
#7379=CARTESIAN_POINT('',(-82.359925775061,101.163670853579,3.));
#7380=CARTESIAN_POINT('',(-82.359925775061,101.163670853579,2.51742423271961));
#7381=CARTESIAN_POINT('',(-82.403416740161,100.851339148156,1.56620236280676));
#7382=CARTESIAN_POINT('',(-82.7528668584906,100.036698633049,0.999999999999999));
#7383=CARTESIAN_POINT('',(-83.038610853091,99.6445145883647,0.999999999999996));
#7384=CARTESIAN_POINT('',(-83.038610853091,99.6445145883647,0.999999999999997));
#7385=CARTESIAN_POINT('',(-86.2715179775869,101.999999999991,0.999999999999997));
#7386=CARTESIAN_POINT('',(-84.5650627122279,98.38226446138,0.999999999999997));
#7387=CARTESIAN_POINT('',(-84.5650627122279,98.38226446138,0.999999999999997));
#7388=CARTESIAN_POINT('',(-85.0039543250848,98.1752429984543,0.999999999999997));
#7389=CARTESIAN_POINT('',(-85.869322234207,97.9850622221663,1.56577413925982));
#7390=CARTESIAN_POINT('',(-86.1846439901397,98.0009434974762,2.51732207354831));
#7391=CARTESIAN_POINT('',(-86.1846439901397,98.0009434974762,2.99999999999999));
#7392=CARTESIAN_POINT('',(-88.7500000000002,0.499999999990869,3.));
#7393=CARTESIAN_POINT('',(-87.913670853587,4.41159220251656,3.));
#7394=CARTESIAN_POINT('',(-87.913670853587,4.41159220251656,2.51742423271958));
#7395=CARTESIAN_POINT('',(-87.6013391481646,4.3681012374164,1.56620236280672));
#7396=CARTESIAN_POINT('',(-86.7866986330569,4.01865111908657,0.999999999999995));
#7397=CARTESIAN_POINT('',(-86.394514588373,3.73290712448601,0.999999999999996));
#7398=CARTESIAN_POINT('',(-86.394514588373,3.73290712448601,0.999999999999997));
#7399=CARTESIAN_POINT('',(-88.7500000000002,0.499999999990869,0.999999999999997));
#7400=CARTESIAN_POINT('',(-86.3945145883657,-2.73290712449894,0.999999999999997));
#7401=CARTESIAN_POINT('',(-86.3945145883657,-2.73290712449894,0.999999999999996));
#7402=CARTESIAN_POINT('',(-86.7867201011624,-3.0186667606967,0.999999999999996));
#7403=CARTESIAN_POINT('',(-87.6009767782623,-3.36797523412112,1.56577413925982));
#7404=CARTESIAN_POINT('',(-87.9136708535764,-3.41159220253256,2.51732207354832));
#7405=CARTESIAN_POINT('',(-87.9136708535764,-3.41159220253256,2.99999999999999));
#7406=CARTESIAN_POINT('',(-86.271517977587,-101.000000000009,3.));
#7407=CARTESIAN_POINT('',(-86.271517977587,-101.000000000009,1.));
#7408=CARTESIAN_POINT('',(-84.5650627122341,-97.3822644613954,1.));
#7409=CARTESIAN_POINT('',(-83.0386108530977,-98.644514588374,1.));
#7410=CARTESIAN_POINT('',(-83.0386108530977,-98.644514588374,1.));
#7411=CARTESIAN_POINT('',(-82.7528512168998,-99.0367201011706,0.999999999999997));
#7412=CARTESIAN_POINT('',(-82.4035427434752,-99.8509767782706,1.56577413925978));
#7413=CARTESIAN_POINT('',(-82.3599257750637,-100.163670853585,2.51732207354829));
#7414=CARTESIAN_POINT('',(-82.3599257750637,-100.163670853585,3.));
#7415=CARTESIAN_POINT('',(-86.1846439901481,-97.0009434974943,3.));
#7416=CARTESIAN_POINT('',(-86.1846439901481,-97.0009434974943,2.51742423271959));
#7417=CARTESIAN_POINT('',(-85.8697018196742,-96.9850065117514,1.56620236280674));
#7418=CARTESIAN_POINT('',(-85.0039303015255,-97.1752543301833,1.));
#7419=CARTESIAN_POINT('',(-84.5650627122341,-97.3822644613954,1.));
#7420=CARTESIAN_POINT('',(0.249999999999834,-102.000000000009,3.));
#7421=CARTESIAN_POINT('',(-3.59421721904213,-100.894561637753,3.));
#7422=CARTESIAN_POINT('',(-3.59421721904213,-100.894561637753,2.51742423271977));
#7423=CARTESIAN_POINT('',(-3.52918249051035,-100.585995530829,1.56620236280712));
#7424=CARTESIAN_POINT('',(-3.12410836743156,-99.7975353169526,0.999999999999999));
#7425=CARTESIAN_POINT('',(-2.81186849037232,-99.4260999732806,0.999999999999997));
#7426=CARTESIAN_POINT('',(-2.81186849037232,-99.4260999732806,0.999999999999997));
#7427=CARTESIAN_POINT('',(0.249999999999834,-102.000000000009,0.999999999999997));
#7428=CARTESIAN_POINT('',(3.3118684903721,-99.4260999732808,0.999999999999997));
#7429=CARTESIAN_POINT('',(3.3118684903721,-99.4260999732808,0.999999999999997));
#7430=CARTESIAN_POINT('',(3.6241254594096,-99.7975556492847,0.999999999999999));
#7431=CARTESIAN_POINT('',(4.02903167362551,-100.585642765977,1.56577413926001));
#7432=CARTESIAN_POINT('',(4.09421721904185,-100.894561637753,2.51732207354832));
#7433=CARTESIAN_POINT('',(4.09421721904185,-100.894561637753,2.99999999999999));
#7434=CARTESIAN_POINT('',(-84.5650627122341,-97.3822644613954,1.));
#7435=CARTESIAN_POINT('',(-84.5650627122341,-97.3822644613954,2.16840434497101E-16));
#7436=CARTESIAN_POINT('',(-84.1384488958959,-96.4778305767419,2.16840434497101E-16));
#7437=CARTESIAN_POINT('',(-84.7600599367391,-97.2902859193118,1.00000001404503));
#7438=CARTESIAN_POINT('',(-84.8826972405143,-97.2324389509597,-0.00675181457795706));
#7439=CARTESIAN_POINT('',(-84.5008932773144,-96.2994284914714,1.0003203537829E-15));
#7440=CARTESIAN_POINT('',(-85.1582793566462,-97.1423243190935,1.10889973391065));
#7441=CARTESIAN_POINT('',(-85.564827652667,-97.0040214974499,0.103786847222315));
#7442=CARTESIAN_POINT('',(-85.2303611735153,-95.9897597257552,0.163349610647339));
#7443=CARTESIAN_POINT('',(-85.6956316928089,-97.0321056947108,1.55147820145465));
#7444=CARTESIAN_POINT('',(-86.594100235625,-96.8851049695335,0.607647868521087));
#7445=CARTESIAN_POINT('',(-86.1854488265687,-95.6874250297431,0.827217299548508));
#7446=CARTESIAN_POINT('',(-86.0835823598855,-97.0015054698897,2.20309099226942));
#7447=CARTESIAN_POINT('',(-87.5536836405772,-96.9248057413869,1.51321851502797));
#7448=CARTESIAN_POINT('',(-86.8552594283632,-95.5290550985341,1.80463648915663));
#7449=CARTESIAN_POINT('',(-86.1846439847254,-97.0009434976122,2.73426509045853));
#7450=CARTESIAN_POINT('',(-87.8839162335898,-96.9640291491115,2.47591170934715));
#7451=CARTESIAN_POINT('',(-87.0262879565039,-95.4965951300282,2.60139763568759));
#7452=CARTESIAN_POINT('',(-86.1846439901481,-97.0009434974943,3.0000000000004));
#7453=CARTESIAN_POINT('',(-87.8839162520084,-96.9640291510631,3.00000000000079));
#7454=CARTESIAN_POINT('',(-87.0262879580535,-95.4965951326798,3.0000000000006));
#7455=CARTESIAN_POINT('',(-84.1384488958959,-96.4778305767419,1.));
#7456=CARTESIAN_POINT('',(-86.271517977587,-101.000000000009,1.));
#7457=CARTESIAN_POINT('',(-82.2303840719754,-98.0556432354651,1.));
#7458=CARTESIAN_POINT('',(-82.2303840719754,-98.0556432354651,0.));
#7459=CARTESIAN_POINT('',(-83.0386108530977,-98.644514588374,0.));
#7460=CARTESIAN_POINT('',(-83.0386108530977,-98.644514588374,1.));
#7461=CARTESIAN_POINT('',(-81.9870909963936,-98.3781362013086,-2.73342388200728E-15));
#7462=CARTESIAN_POINT('',(-82.8318009714019,-98.9283614660273,-0.00675181458342098));
#7463=CARTESIAN_POINT('',(-82.9116493566821,-98.818769425305,1.00000001404503));
#7464=CARTESIAN_POINT('',(-81.5459416970391,-99.0364715654997,0.16334961064733));
#7465=CARTESIAN_POINT('',(-82.4793471075893,-99.5554601075291,0.103786847226378));
#7466=CARTESIAN_POINT('',(-82.6915368242215,-99.1821174878996,1.10889973391064));
#7467=CARTESIAN_POINT('',(-81.0696258341267,-99.9177898350005,0.827217299548377));
#7468=CARTESIAN_POINT('',(-82.1692545781983,-100.544088356079,0.607647868521174));
#7469=CARTESIAN_POINT('',(-82.482367361939,-99.6892109845884,1.55147820145456));
#7470=CARTESIAN_POINT('',(-80.7882868236437,-100.545942394949,1.80463648915779));
#7471=CARTESIAN_POINT('',(-82.0280445278116,-101.494054768121,1.51321851503614));
#7472=CARTESIAN_POINT('',(-82.3794565667269,-100.064512812555,2.20309099227022));
#7473=CARTESIAN_POINT('',(-80.7242861559217,-100.707832238743,2.60139763568594));
#7474=CARTESIAN_POINT('',(-82.0045542234888,-101.825777915957,2.47591170934333));
#7475=CARTESIAN_POINT('',(-82.3599257761985,-100.163670848277,2.73426509045735));
#7476=CARTESIAN_POINT('',(-80.7242861582387,-100.707832240766,3.0000000000006));
#7477=CARTESIAN_POINT('',(-82.0045542219472,-101.825777934406,3.00000000000079));
#7478=CARTESIAN_POINT('',(-82.3599257750636,-100.163670853585,3.0000000000004));
#7479=CARTESIAN_POINT('',(-85.805643235457,-3.54113390562139,0.));
#7480=CARTESIAN_POINT('',(-86.3945145883657,-2.73290712449894,-6.50521303491303E-16));
#7481=CARTESIAN_POINT('',(-86.3945145883657,-2.73290712449894,0.999999999999997));
#7482=CARTESIAN_POINT('',(-86.1281362013005,-3.78442698120416,7.70459223567921E-16));
#7483=CARTESIAN_POINT('',(-86.6783614660287,-2.93971700619764,-0.00675181458730388));
#7484=CARTESIAN_POINT('',(-86.5687694253016,-2.85986862091808,1.00000001404508));
#7485=CARTESIAN_POINT('',(-86.7864715654918,-4.2255762805569,0.163349610647238));
#7486=CARTESIAN_POINT('',(-87.3054601075159,-3.29217087000585,0.103786847228984));
#7487=CARTESIAN_POINT('',(-86.9321174878893,-3.07998115337337,1.10889973391055));
#7488=CARTESIAN_POINT('',(-87.6677898349934,-4.70189214346874,0.827217299548701));
#7489=CARTESIAN_POINT('',(-88.2940883560722,-3.60226339939625,0.607647868519408));
#7490=CARTESIAN_POINT('',(-87.4392109845801,-3.2891506156577,1.55147820145477));
#7491=CARTESIAN_POINT('',(-88.2959423949396,-4.98323115395417,1.80463648915682));
#7492=CARTESIAN_POINT('',(-89.2440547681097,-3.74347344979237,1.51321851504165));
#7493=CARTESIAN_POINT('',(-87.8145128125491,-3.39206141086973,2.2030909922696));
#7494=CARTESIAN_POINT('',(-88.4578322387394,-5.04723182166899,2.60139763568827));
#7495=CARTESIAN_POINT('',(-89.5757779159548,-3.76696375408798,2.47591170934231));
#7496=CARTESIAN_POINT('',(-87.913670848263,-3.41159220139652,2.73426509045887));
#7497=CARTESIAN_POINT('',(-88.4578322407583,-5.04723181935687,3.0000000000006));
#7498=CARTESIAN_POINT('',(-89.5757779343961,-3.76696375564849,3.00000000000079));
#7499=CARTESIAN_POINT('',(-87.9136708535764,-3.41159220253256,3.0000000000004));
#7500=CARTESIAN_POINT('',(-85.805643235457,-3.54113390562139,0.999999999999996));
#7501=CARTESIAN_POINT('',(-88.7500000000002,0.499999999990869,0.999999999999997));
#7502=CARTESIAN_POINT('',(-85.8056432354662,4.5411339056098,0.999999999999997));
#7503=CARTESIAN_POINT('',(-86.394514588373,3.73290712448602,0.999999999999997));
#7504=CARTESIAN_POINT('',(-86.394514588373,3.73290712448602,0.));
#7505=CARTESIAN_POINT('',(-85.8056432354662,4.5411339056098,0.));
#7506=CARTESIAN_POINT('',(-86.5687694253078,3.85986862090376,1.00000001404508));
#7507=CARTESIAN_POINT('',(-86.6783614660334,3.93971700618461,-0.00675181458598957));
#7508=CARTESIAN_POINT('',(-86.1281362013082,4.78442698119143,0.));
#7509=CARTESIAN_POINT('',(-86.9321174878981,4.07998115335983,1.10889973391065));
#7510=CARTESIAN_POINT('',(-87.3054601075264,4.29217086999076,0.103786847226243));
#7511=CARTESIAN_POINT('',(-86.7864715655028,5.22557628054479,0.163349610647375));
#7512=CARTESIAN_POINT('',(-87.4392109845898,4.28915061564267,1.55147820145454));
#7513=CARTESIAN_POINT('',(-88.2940883560842,4.60226339938078,0.60764786851873));
#7514=CARTESIAN_POINT('',(-87.6677898350044,5.7018921434547,0.827217299548372));
#7515=CARTESIAN_POINT('',(-87.8145128125569,4.39206141085345,2.20309099226976));
#7516=CARTESIAN_POINT('',(-89.2440547681256,4.74347344977005,1.51321851503146));
#7517=CARTESIAN_POINT('',(-88.2959423949505,5.98323115394122,1.80463648915703));
#7518=CARTESIAN_POINT('',(-87.9136708482789,4.41159220138165,2.73426509045771));
#7519=CARTESIAN_POINT('',(-89.5757779159723,4.76696375407824,2.47591170934301));
#7520=CARTESIAN_POINT('',(-88.4578322387541,6.04723182165197,2.60139763568665));
#7521=CARTESIAN_POINT('',(-87.913670853587,4.41159220251657,3.0000000000004));
#7522=CARTESIAN_POINT('',(-89.5757779344155,4.76696375562966,3.00000000000079));
#7523=CARTESIAN_POINT('',(-88.4578322407706,6.04723181934252,3.0000000000006));
#7524=CARTESIAN_POINT('',(4.0773356129669,-98.7826249665972,0.));
#7525=CARTESIAN_POINT('',(3.3118684903721,-99.4260999732808,-6.50521303491303E-16));
#7526=CARTESIAN_POINT('',(3.3118684903721,-99.4260999732808,0.999999999999997));
#7527=CARTESIAN_POINT('',(4.34239623118829,-99.0874791978502,4.94322334268701E-16));
#7528=CARTESIAN_POINT('',(3.53785501533833,-99.6949297849986,-0.00675181458178163));
#7529=CARTESIAN_POINT('',(3.45060261175715,-99.5911357673665,1.00000001404508));
#7530=CARTESIAN_POINT('',(4.82811516709173,-99.7136543102352,0.163349610647373));
#7531=CARTESIAN_POINT('',(3.93292674386739,-100.29609096269,0.103786847224646));
#7532=CARTESIAN_POINT('',(3.6953701869116,-99.9383535314426,1.10889973391064));
#7533=CARTESIAN_POINT('',(5.36437149937248,-100.559838592473,0.827217299548373));
#7534=CARTESIAN_POINT('',(4.3107973825099,-101.260848430188,0.607647868521949));
#7535=CARTESIAN_POINT('',(3.93918430374807,-100.429729512508,1.55147820145454));
#7536=CARTESIAN_POINT('',(5.68857245321239,-101.166980271917,1.80463648915765));
#7537=CARTESIAN_POINT('',(4.51751196801699,-102.198742636634,1.51321851502962));
#7538=CARTESIAN_POINT('',(4.06786054901071,-100.796995788865,2.20309099227018));
#7539=CARTESIAN_POINT('',(5.76364012172255,-101.32404475593,2.60139763568587));
#7540=CARTESIAN_POINT('',(4.56393819790954,-102.528039837312,2.47591170934623));
#7541=CARTESIAN_POINT('',(4.09421721754315,-100.894561632541,2.73426509045719));
#7542=CARTESIAN_POINT('',(5.76364011955674,-101.324044758103,3.0000000000006));
#7543=CARTESIAN_POINT('',(4.56393820072816,-102.528039855623,3.00000000000079));
#7544=CARTESIAN_POINT('',(4.09421721904185,-100.894561637753,3.0000000000004));
#7545=CARTESIAN_POINT('',(4.0773356129669,-98.7826249665972,0.999999999999996));
#7546=CARTESIAN_POINT('',(0.249999999999834,-102.000000000009,0.999999999999997));
#7547=CARTESIAN_POINT('',(-3.57733561296709,-98.782624966597,0.999999999999997));
#7548=CARTESIAN_POINT('',(-2.81186849037231,-99.4260999732806,0.999999999999997));
#7549=CARTESIAN_POINT('',(-2.81186849037231,-99.4260999732806,6.50521303491303E-16));
#7550=CARTESIAN_POINT('',(-3.57733561296709,-98.782624966597,0.));
#7551=CARTESIAN_POINT('',(-2.95060261175801,-99.5911357673671,1.00000001404508));
#7552=CARTESIAN_POINT('',(-3.03785501533512,-99.6949297849874,-0.00675181458525121));
#7553=CARTESIAN_POINT('',(-3.8423962311873,-99.0874791978519,-4.94322334268697E-16));
#7554=CARTESIAN_POINT('',(-3.19537018691153,-99.9383535314421,1.10889973391062));
#7555=CARTESIAN_POINT('',(-3.43292674386919,-100.296090962695,0.103786847226579));
#7556=CARTESIAN_POINT('',(-4.32811516709263,-99.713654310234,0.16334961064734));
#7557=CARTESIAN_POINT('',(-3.43918430374846,-100.429729512508,1.55147820145464));
#7558=CARTESIAN_POINT('',(-3.81079738250923,-101.260848430187,0.607647868520677));
#7559=CARTESIAN_POINT('',(-4.86437149937207,-100.559838592474,0.827217299548502));
#7560=CARTESIAN_POINT('',(-3.56786054901074,-100.796995788864,2.20309099226981));
#7561=CARTESIAN_POINT('',(-4.01751196801969,-102.198742636632,1.51321851503205));
#7562=CARTESIAN_POINT('',(-5.18857245321446,-101.166980271915,1.80463648915714));
#7563=CARTESIAN_POINT('',(-3.59421721754388,-100.894561632542,2.734265090458));
#7564=CARTESIAN_POINT('',(-4.06393819790487,-102.528039837317,2.47591170934551));
#7565=CARTESIAN_POINT('',(-5.26364012171893,-101.324044755933,2.60139763568697));
#7566=CARTESIAN_POINT('',(-3.59421721904213,-100.894561637753,3.0000000000004));
#7567=CARTESIAN_POINT('',(-4.06393820072848,-102.528039855623,3.00000000000079));
#7568=CARTESIAN_POINT('',(-5.26364011955698,-101.324044758103,3.0000000000006));
#7569=CARTESIAN_POINT('',(-84.1384488958881,97.4778305767273,0.));
#7570=CARTESIAN_POINT('',(-84.5650627122279,98.38226446138,5.85469173142172E-15));
#7571=CARTESIAN_POINT('',(-84.5650627122279,98.38226446138,0.999999999999997));
#7572=CARTESIAN_POINT('',(-84.5008932772913,97.2994284914495,7.83479919285507E-16));
#7573=CARTESIAN_POINT('',(-84.8826972404845,98.2324389509388,-0.00675181458812092));
#7574=CARTESIAN_POINT('',(-84.7600599367285,98.2902859192981,1.00000001404508));
#7575=CARTESIAN_POINT('',(-85.2303611735139,96.9897597257429,0.163349610647271));
#7576=CARTESIAN_POINT('',(-85.5648276526689,98.0040214974358,0.103786847228145));
#7577=CARTESIAN_POINT('',(-85.1582793566413,98.1423243190763,1.10889973391057));
#7578=CARTESIAN_POINT('',(-86.1854488265584,96.6874250297267,0.827217299548599));
#7579=CARTESIAN_POINT('',(-86.5941002356139,97.8851049695151,0.607647868522568));
#7580=CARTESIAN_POINT('',(-85.695631692801,98.0321056946939,1.55147820145471));
#7581=CARTESIAN_POINT('',(-86.8552594283531,96.5290550985156,1.8046364891571));
#7582=CARTESIAN_POINT('',(-87.553683640565,97.9248057413615,1.51321851503244));
#7583=CARTESIAN_POINT('',(-86.0835823598776,98.0015054698718,2.20309099226974));
#7584=CARTESIAN_POINT('',(-87.0262879564968,96.4965951300161,2.60139763568762));
#7585=CARTESIAN_POINT('',(-87.8839162335746,97.9640291491018,2.47591170934861));
#7586=CARTESIAN_POINT('',(-86.1846439847169,98.0009434975941,2.73426509045851));
#7587=CARTESIAN_POINT('',(-87.0262879580438,96.4965951326631,3.0000000000006));
#7588=CARTESIAN_POINT('',(-87.8839162519931,97.9640291510416,3.00000000000079));
#7589=CARTESIAN_POINT('',(-86.1846439901397,98.0009434974763,3.0000000000004));
#7590=CARTESIAN_POINT('',(-84.1384488958881,97.4778305767273,0.999999999999996));
#7591=CARTESIAN_POINT('',(-86.2715179775869,101.999999999991,0.999999999999997));
#7592=CARTESIAN_POINT('',(-82.2303840719671,99.0556432354582,0.999999999999997));
#7593=CARTESIAN_POINT('',(-83.038610853091,99.6445145883647,0.999999999999997));
#7594=CARTESIAN_POINT('',(-83.038610853091,99.6445145883648,8.23993651088983E-15));
#7595=CARTESIAN_POINT('',(-82.2303840719671,99.0556432354582,0.));
#7596=CARTESIAN_POINT('',(-82.9116493566702,99.8187694253039,1.00000001404508));
#7597=CARTESIAN_POINT('',(-82.8318009713837,99.9283614660241,-0.00675181459327495));
#7598=CARTESIAN_POINT('',(-81.9870909963775,99.3781362013021,0.));
#7599=CARTESIAN_POINT('',(-82.6915368242188,100.182117487888,1.10889973391065));
#7600=CARTESIAN_POINT('',(-82.4793471075912,100.555460107518,0.10378684723066));
#7601=CARTESIAN_POINT('',(-81.5459416970365,100.036471565494,0.163349610647378));
#7602=CARTESIAN_POINT('',(-82.4823673619345,100.689210984581,1.55147820145452));
#7603=CARTESIAN_POINT('',(-82.169254578196,101.544088356077,0.607647868515606));
#7604=CARTESIAN_POINT('',(-81.0696258341216,100.917789834997,0.827217299548343));
#7605=CARTESIAN_POINT('',(-82.3794565667236,101.064512812551,2.20309099226992));
#7606=CARTESIAN_POINT('',(-82.0280445278063,102.494054768108,1.51321851503973));
#7607=CARTESIAN_POINT('',(-80.788286823639,101.545942394945,1.80463648915726));
#7608=CARTESIAN_POINT('',(-82.3599257761971,101.163670848265,2.7342650904575));
#7609=CARTESIAN_POINT('',(-82.004554223505,102.825777915986,2.47591170933774));
#7610=CARTESIAN_POINT('',(-80.7242861559223,101.707832238743,2.60139763568634));
#7611=CARTESIAN_POINT('',(-82.359925775061,101.163670853579,3.0000000000004));
#7612=CARTESIAN_POINT('',(-82.0045542219485,102.825777934406,3.00000000000079));
#7613=CARTESIAN_POINT('',(-80.7242861582356,101.707832240763,3.0000000000006));
#7614=CARTESIAN_POINT('',(4.16000000000002,26.28,-3.14418630020796E-15));
#7615=CARTESIAN_POINT('',(4.16000000000002,26.28,-3.14418630020796E-15));
#7616=CARTESIAN_POINT('',(4.16000000000002,26.28,-3.14418630020796E-15));
#7617=CARTESIAN_POINT('',(3.85893069454538,26.0443805435589,-3.03088900881492E-15));
#7618=CARTESIAN_POINT('',(3.89165560636928,26.0116556063705,6.95532478783287E-12));
#7619=CARTESIAN_POINT('',(3.92438054355688,25.9789306945463,-3.23335337162891E-15));
#7620=CARTESIAN_POINT('',(3.25693246839796,25.5732514970065,0.0937237640600651));
#7621=CARTESIAN_POINT('',(3.3350087240886,25.455008724088,0.12874812107033));
#7622=CARTESIAN_POINT('',(3.45325149700745,25.3769324683975,0.0937237640600653));
#7623=CARTESIAN_POINT('',(2.49130895215092,24.9740678755959,0.494067874667861));
#7624=CARTESIAN_POINT('',(2.69356693078576,24.8135669307859,0.648520244621976));
#7625=CARTESIAN_POINT('',(2.85406787559574,24.6113089521509,0.494067874667862));
#7626=CARTESIAN_POINT('',(1.97975814262408,24.5737237637949,1.09325150045376));
#7627=CARTESIAN_POINT('',(2.38468070832675,24.5046807083265,1.30216679546177));
#7628=CARTESIAN_POINT('',(2.45372376379498,24.0997581426244,1.09325150045376));
#7629=CARTESIAN_POINT('',(1.86000000000609,24.48,1.56438053613398));
#7630=CARTESIAN_POINT('',(2.35999999993277,24.479999999933,1.62983046886875));
#7631=CARTESIAN_POINT('',(2.36000000000002,23.9800000000052,1.56438053613398));
#7632=CARTESIAN_POINT('',(1.86000000000002,24.48,1.8));
#7633=CARTESIAN_POINT('',(2.36000000000002,24.48,1.8));
#7634=CARTESIAN_POINT('',(2.36000000000002,23.98,1.8));
#7635=CARTESIAN_POINT('',(1.86000000000002,23.98,1.8));
#7636=CARTESIAN_POINT('',(1.86000000000001,23.98,45.6773854501761));
#7637=CARTESIAN_POINT('',(4.15999999999997,-26.28,-3.14418630020796E-15));
#7638=CARTESIAN_POINT('',(4.15999999999997,-26.28,-3.14418630020796E-15));
#7639=CARTESIAN_POINT('',(4.15999999999997,-26.28,-3.14418630020796E-15));
#7640=CARTESIAN_POINT('',(3.92438054355683,-25.9789306945463,-3.17093784943493E-15));
#7641=CARTESIAN_POINT('',(3.89165560636923,-26.0116556063705,6.95532478783287E-12));
#7642=CARTESIAN_POINT('',(3.85893069454533,-26.0443805435589,-2.96678732652909E-15));
#7643=CARTESIAN_POINT('',(3.4532514970074,-25.3769324683976,0.093723764060065));
#7644=CARTESIAN_POINT('',(3.33500872408855,-25.455008724088,0.128748121070333));
#7645=CARTESIAN_POINT('',(3.25693246839791,-25.5732514970065,0.0937237640600646));
#7646=CARTESIAN_POINT('',(2.85406787559569,-24.6113089521509,0.494067874667862));
#7647=CARTESIAN_POINT('',(2.69356693078571,-24.8135669307861,0.648520244621961));
#7648=CARTESIAN_POINT('',(2.49130895215087,-24.974067875596,0.494067874667862));
#7649=CARTESIAN_POINT('',(2.45372376379494,-24.0997581426244,1.09325150045376));
#7650=CARTESIAN_POINT('',(2.38468070832669,-24.5046807083262,1.30216679546184));
#7651=CARTESIAN_POINT('',(1.97975814262404,-24.5737237637949,1.09325150045376));
#7652=CARTESIAN_POINT('',(2.35999999999997,-23.9800000000052,1.56438053613398));
#7653=CARTESIAN_POINT('',(2.35999999993276,-24.4799999999339,1.62983046886857));
#7654=CARTESIAN_POINT('',(1.86000000000604,-24.48,1.56438053613398));
#7655=CARTESIAN_POINT('',(2.35999999999997,-23.98,1.8));
#7656=CARTESIAN_POINT('',(2.35999999999997,-24.48,1.8));
#7657=CARTESIAN_POINT('',(1.85999999999997,-24.48,1.8));
#7658=CARTESIAN_POINT('',(1.85999999999997,-23.98,1.8));
#7659=CARTESIAN_POINT('',(1.85999999999997,-23.98,45.6773854501761));
#7660=CARTESIAN_POINT('',(-36.16,-26.28,-3.14418630020796E-15));
#7661=CARTESIAN_POINT('',(-36.16,-26.28,-3.14418630020796E-15));
#7662=CARTESIAN_POINT('',(-36.16,-26.28,-3.14418630020796E-15));
#7663=CARTESIAN_POINT('',(-35.8589306945456,-26.0443805435589,-3.03088900881492E-15));
#7664=CARTESIAN_POINT('',(-35.8916556063726,-26.0116556063705,6.95532478783287E-12));
#7665=CARTESIAN_POINT('',(-35.9243805435582,-25.9789306945463,-2.96025384503101E-15));
#7666=CARTESIAN_POINT('',(-35.2569324683978,-25.5732514970065,0.0937237640600651));
#7667=CARTESIAN_POINT('',(-35.3350087240871,-25.455008724088,0.128748121070334));
#7668=CARTESIAN_POINT('',(-35.4532514970069,-25.3769324683975,0.0937237640600648));
#7669=CARTESIAN_POINT('',(-34.4913089521514,-24.9740678755959,0.494067874667861));
#7670=CARTESIAN_POINT('',(-34.693566930786,-24.8135669307859,0.648520244621964));
#7671=CARTESIAN_POINT('',(-34.8540678755959,-24.6113089521509,0.494067874667861));
#7672=CARTESIAN_POINT('',(-33.9797581426226,-24.5737237637949,1.09325150045376));
#7673=CARTESIAN_POINT('',(-34.3846807083277,-24.5046807083267,1.3021667954618));
#7674=CARTESIAN_POINT('',(-34.453723763795,-24.0997581426244,1.09325150045376));
#7675=CARTESIAN_POINT('',(-33.8600000000094,-24.48,1.56438053613398));
#7676=CARTESIAN_POINT('',(-34.3599999999303,-24.4799999999327,1.62983046886869));
#7677=CARTESIAN_POINT('',(-34.36,-23.9800000000052,1.56438053613398));
#7678=CARTESIAN_POINT('',(-33.86,-24.48,1.8));
#7679=CARTESIAN_POINT('',(-34.36,-24.48,1.8));
#7680=CARTESIAN_POINT('',(-34.36,-23.98,1.8));
#7681=CARTESIAN_POINT('',(-33.86,-23.98,1.8));
#7682=CARTESIAN_POINT('',(-33.86,-23.98,45.6773854501761));
#7683=CARTESIAN_POINT('',(-36.16,26.28,-3.14418630020796E-15));
#7684=CARTESIAN_POINT('',(-36.16,26.28,-3.14418630020796E-15));
#7685=CARTESIAN_POINT('',(-36.16,26.28,-3.14418630020796E-15));
#7686=CARTESIAN_POINT('',(-35.9243805435581,25.9789306945463,-3.35518202766554E-15));
#7687=CARTESIAN_POINT('',(-35.8916556063725,26.0116556063705,6.95532478783287E-12));
#7688=CARTESIAN_POINT('',(-35.8589306945455,26.0443805435589,-2.96678732652909E-15));
#7689=CARTESIAN_POINT('',(-35.4532514970068,25.3769324683976,0.0937237640600648));
#7690=CARTESIAN_POINT('',(-35.335008724087,25.455008724088,0.128748121070334));
#7691=CARTESIAN_POINT('',(-35.2569324683979,25.5732514970065,0.0937237640600646));
#7692=CARTESIAN_POINT('',(-34.8540678755959,24.6113089521509,0.494067874667863));
#7693=CARTESIAN_POINT('',(-34.6935669307859,24.8135669307859,0.648520244621964));
#7694=CARTESIAN_POINT('',(-34.4913089521508,24.974067875596,0.494067874667862));
#7695=CARTESIAN_POINT('',(-34.4537237637949,24.0997581426244,1.09325150045376));
#7696=CARTESIAN_POINT('',(-34.3846807083277,24.5046807083267,1.3021667954618));
#7697=CARTESIAN_POINT('',(-33.9797581426244,24.5737237637949,1.09325150045376));
#7698=CARTESIAN_POINT('',(-34.36,23.9800000000052,1.56438053613398));
#7699=CARTESIAN_POINT('',(-34.3599999999302,24.4799999999327,1.62983046886869));
#7700=CARTESIAN_POINT('',(-33.8600000000052,24.48,1.56438053613398));
#7701=CARTESIAN_POINT('',(-34.36,23.98,1.8));
#7702=CARTESIAN_POINT('',(-34.36,24.48,1.8));
#7703=CARTESIAN_POINT('',(-33.86,24.48,1.8));
#7704=CARTESIAN_POINT('',(-33.86,23.98,1.8));
#7705=CARTESIAN_POINT('',(-33.86,23.98,45.6773854501761));
#7706=CARTESIAN_POINT('',(45.75,88.5102933710154,-1.5));
#7707=CARTESIAN_POINT('',(57.0189079581307,88.5102933710154,-1.5));
#7708=CARTESIAN_POINT('',(57.0189079581307,88.5102933710154,3.5));
#7709=CARTESIAN_POINT('',(57.0189079581307,83.8539626343512,3.50000000000001));
#7710=CARTESIAN_POINT('',(57.0189079581307,83.5229438616026,-1.14454976303319));
#7711=CARTESIAN_POINT('',(55.645801837397,88.5102933716824,3.5));
#7712=CARTESIAN_POINT('',(56.0160306972127,83.8798307096335,3.49999999997558));
#7713=CARTESIAN_POINT('',(56.0395714689768,83.5249186516495,-1.11684133257772));
#7714=CARTESIAN_POINT('',(54.2894171910599,88.3498968083744,3.5));
#7715=CARTESIAN_POINT('',(55.0170182505819,83.789051168343,3.50000000002325));
#7716=CARTESIAN_POINT('',(55.0717748042281,83.4127737594779,-1.08892158443109));
#7717=CARTESIAN_POINT('',(52.9499058064154,88.0276476995562,3.5));
#7718=CARTESIAN_POINT('',(54.0203847740209,83.5779262784041,3.5));
#7719=CARTESIAN_POINT('',(54.1148388005744,83.1853038000671,-1.05882352941178));
#7720=CARTESIAN_POINT('',(52.9499058064154,88.0276476995562,-1.5));
#7721=CARTESIAN_POINT('',(52.9499058064154,88.0276476995562,3.5));
#7722=CARTESIAN_POINT('',(54.0203847740209,83.577926278404,3.49999999999999));
#7723=CARTESIAN_POINT('',(54.1148388005744,83.1853038000671,-1.05882352941179));
#7724=CARTESIAN_POINT('',(52.0796139194088,87.8182797236124,3.5));
#7725=CARTESIAN_POINT('',(53.1481023983063,83.8308159254099,3.50000000001632));
#7726=CARTESIAN_POINT('',(53.307155449953,83.0375146412517,-0.548254477370413));
#7727=CARTESIAN_POINT('',(50.3478932862099,87.3641262663889,3.5));
#7728=CARTESIAN_POINT('',(51.3472079809857,84.0820829752011,3.49999999999043));
#7729=CARTESIAN_POINT('',(51.6230430447976,82.8339898200755,0.316970999626288));
#7730=CARTESIAN_POINT('',(46.9113307733915,86.3247927575401,3.5));
#7731=CARTESIAN_POINT('',(47.8423919673907,83.9764977201595,3.50000000001603));
#7732=CARTESIAN_POINT('',(48.2473274554295,82.4734201729751,1.51356224965979));
#7733=CARTESIAN_POINT('',(43.5767330568086,85.0536621133463,3.5));
#7734=CARTESIAN_POINT('',(44.3939633346367,83.3445505856341,3.49999999992651));
#7735=CARTESIAN_POINT('',(44.9343621404601,81.9996560360922,2.27967652816496));
#7736=CARTESIAN_POINT('',(40.4122751338593,83.4152449654809,3.5));
#7737=CARTESIAN_POINT('',(41.1168542757455,82.2574611788357,3.50000000012104));
#7738=CARTESIAN_POINT('',(41.6990128029162,81.2315309515379,2.83384437567572));
#7739=CARTESIAN_POINT('',(38.1381371287789,81.9257760090218,3.5));
#7740=CARTESIAN_POINT('',(38.7357530688429,81.1716599659187,3.49999999954693));
#7741=CARTESIAN_POINT('',(39.2739960976763,80.4495663644253,3.16274979033197));
#7742=CARTESIAN_POINT('',(36.1062298813051,80.1781378719892,3.5));
#7743=CARTESIAN_POINT('',(36.5265697887616,79.813377644959,3.50000000167254));
#7744=CARTESIAN_POINT('',(36.9280142082863,79.4390770092622,3.40466519230546));
#7745=CARTESIAN_POINT('',(34.9479255546672,78.7413083109009,3.5));
#7746=CARTESIAN_POINT('',(35.1199338612278,78.6311769028997,3.49999999641292));
#7747=CARTESIAN_POINT('',(35.2919421645731,78.5210454917765,3.5));
#7748=CARTESIAN_POINT('',(34.4663022990925,77.9924147566424,3.5));
#7749=CARTESIAN_POINT('',(34.4663022990925,77.9924147566424,3.5));
#7750=CARTESIAN_POINT('',(34.4663022990925,77.9924147566424,3.5));
#7751=CARTESIAN_POINT('',(45.75,-87.5102933710334,-1.5));
#7752=CARTESIAN_POINT('',(57.0189079581308,-87.5102933710334,-1.5));
#7753=CARTESIAN_POINT('',(34.4663022990925,-76.9924147566606,3.5));
#7754=CARTESIAN_POINT('',(34.4663022990925,-76.9924147566606,3.5));
#7755=CARTESIAN_POINT('',(34.4663022990925,-76.9924147566606,3.5));
#7756=CARTESIAN_POINT('',(34.950590095661,-77.7454515027998,3.5));
#7757=CARTESIAN_POINT('',(35.123550024029,-77.6347108018789,3.49999999639424));
#7758=CARTESIAN_POINT('',(35.2965099491334,-77.5239700977799,3.5));
#7759=CARTESIAN_POINT('',(36.0844702185417,-79.1533626043938,3.5));
#7760=CARTESIAN_POINT('',(36.5008775165213,-78.7931652864835,3.50000000168105));
#7761=CARTESIAN_POINT('',(36.8988027453858,-78.4234589020737,3.40656591531912));
#7762=CARTESIAN_POINT('',(38.1199879707135,-80.9130590935081,3.5));
#7763=CARTESIAN_POINT('',(38.7168079741814,-80.1622231617283,3.49999999954466));
#7764=CARTESIAN_POINT('',(39.2546750881772,-79.4427768768481,3.16524525980655));
#7765=CARTESIAN_POINT('',(40.3827287152565,-82.397397322669,3.5));
#7766=CARTESIAN_POINT('',(41.0859362574675,-81.244723446905,3.50000000012154));
#7767=CARTESIAN_POINT('',(41.6679571631883,-80.2224671176075,2.83836112691375));
#7768=CARTESIAN_POINT('',(43.5422153476821,-84.0394461060116,3.5));
#7769=CARTESIAN_POINT('',(44.3590014703289,-82.336755907176,3.49999999992669));
#7770=CARTESIAN_POINT('',(44.9000398802603,-80.9939767511575,2.28692371208251));
#7771=CARTESIAN_POINT('',(46.9045206547759,-85.3229139692475,3.5));
#7772=CARTESIAN_POINT('',(47.8360277833945,-82.9765235870507,3.50000000001261));
#7773=CARTESIAN_POINT('',(48.2406328527671,-81.4728674709423,1.51598558975308));
#7774=CARTESIAN_POINT('',(50.3455945199389,-86.3634623565487,3.5));
#7775=CARTESIAN_POINT('',(51.3448702124258,-83.0822278616105,3.49999999999685));
#7776=CARTESIAN_POINT('',(51.620800616141,-81.8337026739749,0.317998031062041));
#7777=CARTESIAN_POINT('',(52.0791564064883,-86.8181696588196,3.5));
#7778=CARTESIAN_POINT('',(53.1476643995094,-82.8309429088394,3.5000000000011));
#7779=CARTESIAN_POINT('',(53.3067308504177,-82.0374369484339,-0.547986070993194));
#7780=CARTESIAN_POINT('',(52.9499058064161,-87.0276476995744,3.5));
#7781=CARTESIAN_POINT('',(54.0203847740216,-82.577926278422,3.5));
#7782=CARTESIAN_POINT('',(54.114838800575,-82.1853038000853,-1.058823529412));
#7783=CARTESIAN_POINT('',(52.9499058064158,-87.0276476995743,-1.5));
#7784=CARTESIAN_POINT('',(52.9499058064157,-87.0276476995743,3.5));
#7785=CARTESIAN_POINT('',(54.0203847740212,-82.5779262784221,3.5));
#7786=CARTESIAN_POINT('',(54.1148388005746,-82.1853038000852,-1.05882352941182));
#7787=CARTESIAN_POINT('',(54.2914587278199,-87.3503879451977,3.5));
#7788=CARTESIAN_POINT('',(55.0185414295018,-82.7893738355726,3.50000000000153));
#7789=CARTESIAN_POINT('',(55.0732332614244,-82.4131204443295,-1.08896745659586));
#7790=CARTESIAN_POINT('',(55.6478819504777,-87.5102933713189,3.5));
#7791=CARTESIAN_POINT('',(56.0175460379432,-82.8797916227554,3.49999999999901));
#7792=CARTESIAN_POINT('',(56.041055061965,-82.5249156600674,-1.11688330794812));
#7793=CARTESIAN_POINT('',(57.0189079581308,-87.5102933710335,3.5));
#7794=CARTESIAN_POINT('',(57.0189079581308,-82.8539626343693,3.5));
#7795=CARTESIAN_POINT('',(57.0189079581308,-82.5229438616207,-1.14454976303322));
#7796=CARTESIAN_POINT('',(85.75,106.379330046525,3.5));
#7797=CARTESIAN_POINT('',(81.0212286310371,106.379330046526,3.5));
#7798=CARTESIAN_POINT('',(81.0212286310371,106.379330046526,2.5));
#7799=CARTESIAN_POINT('',(81.0212286310371,106.379330046526,9.63));
#7800=CARTESIAN_POINT('',(85.75,106.379330046525,9.63));
#7801=CARTESIAN_POINT('',(81.75,106.379330046526,9.63));
#7802=CARTESIAN_POINT('',(81.75,106.379330046526,3.5));
#7803=CARTESIAN_POINT('',(81.75,106.379330046526,2.5));
#7804=CARTESIAN_POINT('',(85.75,106.379330046525,2.5));
#7805=CARTESIAN_POINT('',(81.75,98.4113457319771,1.5));
#7806=CARTESIAN_POINT('',(81.7500000000001,102.499999999997,1.5));
#7807=CARTESIAN_POINT('',(83.3500000000001,102.499999999997,1.5));
#7808=CARTESIAN_POINT('',(84.75,98.4113457319771,1.5));
#7809=CARTESIAN_POINT('',(84.75,102.379330046526,1.5));
#7810=CARTESIAN_POINT('',(84.75,98.1846075179684,1.5));
#7811=CARTESIAN_POINT('',(84.75,98.1846075179684,1.5));
#7812=CARTESIAN_POINT('',(84.4464378502552,98.3629664905225,1.5));
#7813=CARTESIAN_POINT('',(84.1020964872378,98.456859129278,1.5));
#7814=CARTESIAN_POINT('',(83.75,98.456859129278,1.5));
#7815=CARTESIAN_POINT('',(69.7509101291254,106.5,1.5));
#7816=CARTESIAN_POINT('',(78.2036505686515,103.40950181005,1.5));
#7817=CARTESIAN_POINT('',(81.0212286310371,102.379330046526,1.5));
#7818=CARTESIAN_POINT('',(81.0212286310371,105.379330046526,1.5));
#7819=CARTESIAN_POINT('',(81.75,105.379330046526,1.5));
#7820=CARTESIAN_POINT('',(81.75,105.379330046526,1.5));
#7821=CARTESIAN_POINT('',(81.75,102.379330046526,1.5));
#7822=CARTESIAN_POINT('',(69.7509101291254,106.5,3.5));
#7823=CARTESIAN_POINT('',(69.7509101291254,106.5,9.63));
#7824=CARTESIAN_POINT('',(77.2644557970666,103.752886697684,9.63));
#7825=CARTESIAN_POINT('',(77.2644557970666,103.752886697684,3.5));
#7826=CARTESIAN_POINT('',(77.2644557970666,103.752886697684,2.5));
#7827=CARTESIAN_POINT('',(69.7509101291254,106.5,2.5));
#7828=CARTESIAN_POINT('',(81.0212286310371,102.379330046526,3.5));
#7829=CARTESIAN_POINT('',(81.0212286310371,102.379330046526,2.5));
#7830=CARTESIAN_POINT('',(81.0212286310371,102.379330046526,9.63));
#7831=CARTESIAN_POINT('',(81.75,102.379330046526,10.));
#7832=CARTESIAN_POINT('',(81.75,102.379330046526,9.63));
#7833=CARTESIAN_POINT('',(81.75,102.379330046526,2.5));
#7834=CARTESIAN_POINT('',(81.7500000000001,102.499999999997,-4.39742112236652));
#7835=CARTESIAN_POINT('',(81.7500000000001,102.499999999997,8.83));
#7836=CARTESIAN_POINT('',(81.7500000000001,104.099999999997,8.83));
#7837=CARTESIAN_POINT('',(81.7500000000001,102.499999999997,8.83));
#7838=CARTESIAN_POINT('',(81.7500000000001,102.499999999997,8.83));
#7839=CARTESIAN_POINT('',(81.7500000000001,104.499999999997,8.83));
#7840=CARTESIAN_POINT('',(81.7500000000001,102.499999999997,8.83));
#7841=CARTESIAN_POINT('',(69.7509101291254,106.5,2.5));
#7842=CARTESIAN_POINT('',(78.2036490055592,103.409497534894,2.5));
#7843=CARTESIAN_POINT('',(81.0212286310371,102.379330046526,2.5));
#7844=CARTESIAN_POINT('',(81.0212286310371,105.379330046526,2.5));
#7845=CARTESIAN_POINT('',(81.75,105.379330046526,2.5));
#7846=CARTESIAN_POINT('',(81.75,105.379330046526,2.5));
#7847=CARTESIAN_POINT('',(81.75,102.379330046526,2.5));
#7848=CARTESIAN_POINT('',(84.75,102.379330046526,2.5));
#7849=CARTESIAN_POINT('',(84.75,98.4113457319771,2.5));
#7850=CARTESIAN_POINT('',(84.75,98.1846075179684,1.5));
#7851=CARTESIAN_POINT('',(85.1043271872631,97.9764213751264,1.5));
#7852=CARTESIAN_POINT('',(85.6538623512763,97.418267886363,1.859007507559));
#7853=CARTESIAN_POINT('',(85.75,96.7363644013035,2.33220380155647));
#7854=CARTESIAN_POINT('',(85.75,96.3699930309595,2.5));
#7855=CARTESIAN_POINT('',(81.75,102.379330046526,9.83));
#7856=CARTESIAN_POINT('',(81.75,106.179330046526,9.83));
#7857=CARTESIAN_POINT('',(85.75,106.379330046525,9.63));
#7858=CARTESIAN_POINT('',(81.0212286310371,106.179330046526,9.83));
#7859=CARTESIAN_POINT('',(81.0212286310371,102.379330046526,9.83));
#7860=CARTESIAN_POINT('',(77.4522944387651,103.684208865126,9.83));
#7861=CARTESIAN_POINT('',(69.7509101291254,106.5,9.83));
#7862=CARTESIAN_POINT('',(69.7509101291254,98.2999999999999,9.83));
#7863=CARTESIAN_POINT('',(70.673645797715,98.4999999999999,9.63));
#7864=CARTESIAN_POINT('',(81.7499999999999,-97.5000000000001,1.5));
#7865=CARTESIAN_POINT('',(81.7500000000001,-101.500000000003,1.5));
#7866=CARTESIAN_POINT('',(83.3500000000001,-101.500000000003,1.5));
#7867=CARTESIAN_POINT('',(70.673645797715,-97.5000000000001,1.5));
#7868=CARTESIAN_POINT('',(73.8731056256176,-97.5000000000001,1.5));
#7869=CARTESIAN_POINT('',(82.7499999999999,-97.5000000000001,1.5));
#7870=CARTESIAN_POINT('',(82.7499999999999,-97.5000000000001,1.49999999999999));
#7871=CARTESIAN_POINT('',(83.494823326162,-97.5000000000002,1.49999999999999));
#7872=CARTESIAN_POINT('',(84.2167251950946,-97.2017196945378,1.5));
#7873=CARTESIAN_POINT('',(84.7499999999999,-96.6819737734945,1.5));
#7874=CARTESIAN_POINT('',(84.7499999999999,-96.6819737734945,1.5));
#7875=CARTESIAN_POINT('',(84.7499999999999,-97.5000000000001,1.5));
#7876=CARTESIAN_POINT('',(84.7499999999999,-101.5,1.5));
#7877=CARTESIAN_POINT('',(81.7499999999998,-101.5,1.5));
#7878=CARTESIAN_POINT('',(81.7499999999998,-104.5,1.5));
#7879=CARTESIAN_POINT('',(81.7499999999999,-104.5,1.5));
#7880=CARTESIAN_POINT('',(81.0637084989846,-104.5,1.5));
#7881=CARTESIAN_POINT('',(81.0637084989846,-101.5,1.5));
#7882=CARTESIAN_POINT('',(78.2352813742385,-102.5,1.5));
#7883=CARTESIAN_POINT('',(69.7499999999999,-105.5,1.5));
#7884=CARTESIAN_POINT('',(85.7499999999999,-105.5,1.5));
#7885=CARTESIAN_POINT('',(81.7499999999998,-105.5,1.5));
#7886=CARTESIAN_POINT('',(81.7499999999998,-105.5,2.5));
#7887=CARTESIAN_POINT('',(81.7499999999998,-105.5,9.63));
#7888=CARTESIAN_POINT('',(85.7499999999999,-105.5,9.63));
#7889=CARTESIAN_POINT('',(81.0637084989846,-105.5,9.63));
#7890=CARTESIAN_POINT('',(81.0637084989846,-105.5,1.5));
#7891=CARTESIAN_POINT('',(81.0637084989846,-105.5,2.5));
#7892=CARTESIAN_POINT('',(85.7499999999999,-105.5,2.5));
#7893=CARTESIAN_POINT('',(81.7500000000001,-101.500000000003,-23.665688649758));
#7894=CARTESIAN_POINT('',(81.7500000000001,-101.500000000003,8.83));
#7895=CARTESIAN_POINT('',(81.7500000000001,-99.9000000000026,8.83));
#7896=CARTESIAN_POINT('',(81.7500000000001,-101.500000000003,8.83));
#7897=CARTESIAN_POINT('',(81.7500000000001,-101.500000000003,8.83));
#7898=CARTESIAN_POINT('',(81.7500000000001,-99.5000000000026,8.83));
#7899=CARTESIAN_POINT('',(81.7500000000001,-101.500000000003,8.83));
#7900=CARTESIAN_POINT('',(69.7499999999999,-105.5,10.));
#7901=CARTESIAN_POINT('',(77.2924723326564,-102.833333333333,10.));
#7902=CARTESIAN_POINT('',(77.2924723326564,-102.833333333333,2.5));
#7903=CARTESIAN_POINT('',(77.2924723326564,-102.833333333333,9.63));
#7904=CARTESIAN_POINT('',(69.7499999999999,-105.5,9.63));
#7905=CARTESIAN_POINT('',(69.7499999999999,-105.5,2.5));
#7906=CARTESIAN_POINT('',(81.7499999999998,-101.5,1.5));
#7907=CARTESIAN_POINT('',(81.7499999999998,-101.5,9.63));
#7908=CARTESIAN_POINT('',(81.7499999999998,-101.5,2.5));
#7909=CARTESIAN_POINT('',(81.0637084989846,-101.5,10.));
#7910=CARTESIAN_POINT('',(81.0637084989846,-101.5,9.63));
#7911=CARTESIAN_POINT('',(81.0637084989846,-101.5,2.5));
#7912=CARTESIAN_POINT('',(45.75,-93.71220521332,2.78553905191526));
#7913=CARTESIAN_POINT('',(82.7499999999999,-93.7122052133201,2.78553905191526));
#7914=CARTESIAN_POINT('',(73.8731056256176,-97.5000000000001,1.5));
#7915=CARTESIAN_POINT('',(73.315406604025,-97.5000000000001,1.5));
#7916=CARTESIAN_POINT('',(72.7739430704664,-97.5327482203863,1.58277564704179));
#7917=CARTESIAN_POINT('',(72.2542632659119,-97.5847842263763,1.78397438219263));
#7918=CARTESIAN_POINT('',(69.7499999999999,-105.5,2.5));
#7919=CARTESIAN_POINT('',(78.2352813742385,-102.5,2.5));
#7920=CARTESIAN_POINT('',(81.0637084989846,-101.5,2.5));
#7921=CARTESIAN_POINT('',(81.0637084989846,-104.5,2.5));
#7922=CARTESIAN_POINT('',(81.7499999999999,-104.5,2.5));
#7923=CARTESIAN_POINT('',(81.7499999999998,-104.5,2.5));
#7924=CARTESIAN_POINT('',(81.7499999999998,-101.5,2.5));
#7925=CARTESIAN_POINT('',(84.7499999999999,-101.5,2.5));
#7926=CARTESIAN_POINT('',(84.7499999999999,-97.5000000000001,2.5));
#7927=CARTESIAN_POINT('',(84.7499999999999,-96.6819737734945,1.5));
#7928=CARTESIAN_POINT('',(85.366981440334,-96.0806448075967,1.5));
#7929=CARTESIAN_POINT('',(85.7499999999999,-95.3782887339612,2.0308345614558));
#7930=CARTESIAN_POINT('',(85.7499999999999,-94.6705722880004,2.5));
#7931=CARTESIAN_POINT('',(70.673645797715,-97.5000000000001,9.63));
#7932=CARTESIAN_POINT('',(69.7499999999999,-97.3000000000001,9.83));
#7933=CARTESIAN_POINT('',(69.7499999999999,-105.5,9.83));
#7934=CARTESIAN_POINT('',(77.4810341409728,-102.766666666667,9.83));
#7935=CARTESIAN_POINT('',(81.0637084989846,-101.5,9.83));
#7936=CARTESIAN_POINT('',(81.0637084989846,-105.3,9.83));
#7937=CARTESIAN_POINT('',(85.7499999999999,-105.5,9.63));
#7938=CARTESIAN_POINT('',(81.7499999999998,-105.3,9.83));
#7939=CARTESIAN_POINT('',(81.7499999999998,-101.5,9.83));
#7940=CARTESIAN_POINT('',(85.5499999999999,-101.5,9.83));
#7941=CARTESIAN_POINT('',(85.75,74.7374839909743,9.63));
#7942=CARTESIAN_POINT('',(85.7499999999999,-91.3251852550518,9.62999999999999));
#7943=CARTESIAN_POINT('',(85.6150197149097,-91.3251852550528,9.7649802850903));
#7944=CARTESIAN_POINT('',(76.25,-58.6993972409592,-34.2286827306061));
#7945=CARTESIAN_POINT('',(76.25,-58.6993972409592,-17.1000000000002));
#7946=CARTESIAN_POINT('',(76.25,-60.2993972409592,-17.1000000000002));
#7947=CARTESIAN_POINT('',(76.25,-58.6993972409592,-19.1000000000002));
#7948=CARTESIAN_POINT('',(76.25,-57.0993972409592,-19.1000000000002));
#7949=CARTESIAN_POINT('',(76.25,55.4237103902019,-34.228682730606));
#7950=CARTESIAN_POINT('',(76.25,55.4237103902019,-17.1000000000001));
#7951=CARTESIAN_POINT('',(76.25,53.8237103902019,-17.1000000000001));
#7952=CARTESIAN_POINT('',(76.25,55.4237103902019,-19.1000000000001));
#7953=CARTESIAN_POINT('',(76.25,57.0237103902019,-19.1000000000001));
#7954=CARTESIAN_POINT('',(76.25,55.4237103902019,-19.1000000000001));
#7955=CARTESIAN_POINT('',(76.25,55.4237103902019,-19.1000000000001));
#7956=CARTESIAN_POINT('',(76.25,58.4237103902019,-19.1000000000001));
#7957=CARTESIAN_POINT('',(76.25,55.4237103902019,-19.1000000000001));
#7958=CARTESIAN_POINT('',(76.25,55.4237103902019,-21.1000000000001));
#7959=CARTESIAN_POINT('',(76.25,52.4237103902019,-21.1000000000001));
#7960=CARTESIAN_POINT('',(77.25,-58.6993972409592,-19.1000000000002));
#7961=CARTESIAN_POINT('',(76.25,-58.6993972409592,-19.1000000000002));
#7962=CARTESIAN_POINT('',(76.25,-55.6993972409592,-19.1000000000002));
#7963=CARTESIAN_POINT('',(76.25,-58.6993972409592,-19.1000000000002));
#7964=CARTESIAN_POINT('',(76.25,-58.6993972409592,-21.1000000000002));
#7965=CARTESIAN_POINT('',(76.25,-61.6993972409592,-21.1000000000002));
#7966=CARTESIAN_POINT('',(76.25,55.4237103902019,-21.1000000000001));
#7967=CARTESIAN_POINT('',(76.25,-58.6993972409592,-21.1000000000002));
#7968=CARTESIAN_POINT('',(76.25,55.4237103902019,-17.1000000000001));
#7969=CARTESIAN_POINT('',(76.25,55.4237103902019,-17.1000000000001));
#7970=CARTESIAN_POINT('',(76.25,53.4237103902019,-17.1000000000001));
#7971=CARTESIAN_POINT('',(76.25,55.4237103902019,-17.1000000000001));
#7972=CARTESIAN_POINT('',(76.25,-58.6993972409592,-17.1000000000002));
#7973=CARTESIAN_POINT('',(76.25,-58.6993972409592,-17.1000000000002));
#7974=CARTESIAN_POINT('',(76.25,-60.6993972409592,-17.1000000000002));
#7975=CARTESIAN_POINT('',(77.25,-58.6993972409592,-17.1000000000002));
#7976=CARTESIAN_POINT('',(82.7499999999999,-93.7122052133201,2.78553905191526));
#7977=CARTESIAN_POINT('',(83.75,95.4999999999999,2.00693598176139));
#7978=CARTESIAN_POINT('',(84.5502256352687,97.0678720006437,-0.352572419271477));
#7979=CARTESIAN_POINT('',(84.9161624232173,97.0091762475655,-0.199758338499189));
#7980=CARTESIAN_POINT('',(85.531715980257,96.81249084296,0.307544062574415));
#7981=CARTESIAN_POINT('',(85.7500000000006,96.4797911091127,1.04229257591756));
#7982=CARTESIAN_POINT('',(85.75,96.2829641875867,1.38486920001819));
#7983=CARTESIAN_POINT('',(85.75,92.3251852550515,0.547292388378095));
#7984=CARTESIAN_POINT('',(85.75,92.3251852550515,0.547292388378109));
#7985=CARTESIAN_POINT('',(85.75,92.3251852550515,0.547292388378123));
#7986=CARTESIAN_POINT('',(85.75,93.1599581441732,0.456781159293575));
#7987=CARTESIAN_POINT('',(85.7499999805117,93.1077862612862,0.618859232424473));
#7988=CARTESIAN_POINT('',(85.75,93.0556143557707,0.780937303485745));
#7989=CARTESIAN_POINT('',(85.5766779727847,94.7657816866694,0.100479047364169));
#7990=CARTESIAN_POINT('',(85.750000009955,94.7161871324446,0.621718379604898));
#7991=CARTESIAN_POINT('',(85.75,94.547489595261,1.14007395868701));
#7992=CARTESIAN_POINT('',(84.9536802903711,96.295570986542,-0.293072035911749));
#7993=CARTESIAN_POINT('',(85.7500000000032,96.2594595119159,0.352430538674105));
#7994=CARTESIAN_POINT('',(85.75,96.0680276705692,1.35210097828041));
#7995=CARTESIAN_POINT('',(84.53529739368,97.0965180334522,-0.354843477791028));
#7996=CARTESIAN_POINT('',(85.75,97.0204255765044,0.158144764801158));
#7997=CARTESIAN_POINT('',(85.75,96.826632861642,1.46462622448939));
#7998=CARTESIAN_POINT('',(3.02000000000002,29.85,43.7170127678434));
#7999=CARTESIAN_POINT('',(-35.02,29.85,43.7170127678434));
#8000=CARTESIAN_POINT('',(3.02000000000001,-35.61,43.7170127678434));
#8001=CARTESIAN_POINT('',(-35.0200000000001,-35.61,43.7170127678434));
#8002=CARTESIAN_POINT('',(9.00000000000001,28.,2.5));
#8003=CARTESIAN_POINT('',(-46.5,28.,2.5));
#8004=CARTESIAN_POINT('',(-46.5,28.,2.5));
#8005=CARTESIAN_POINT('',(9.00000000000001,28.,2.5));
#8006=CARTESIAN_POINT('',(14.5,28.,2.5));
#8007=CARTESIAN_POINT('',(14.5,28.,2.5));
#8008=CARTESIAN_POINT('',(-46.5,28.,2.5));
#8009=CARTESIAN_POINT('',(-46.5,-33.,2.5));
#8010=CARTESIAN_POINT('',(-46.5,-33.,2.5));
#8011=CARTESIAN_POINT('',(-46.5,28.,2.5));
#8012=CARTESIAN_POINT('',(-41.,-33.,2.5));
#8013=CARTESIAN_POINT('',(14.5,-33.,2.5));
#8014=CARTESIAN_POINT('',(14.5,-33.,2.5));
#8015=CARTESIAN_POINT('',(-41.,-33.,2.5));
#8016=CARTESIAN_POINT('',(14.5,-33.,2.5));
#8017=CARTESIAN_POINT('',(14.5,-33.,2.5));
#8018=CARTESIAN_POINT('',(0.,0.,2.5));
#8019=MECHANICAL_DESIGN_GEOMETRIC_PRESENTATION_REPRESENTATION('',(#4095),
#8020);
#8020=(
GEOMETRIC_REPRESENTATION_CONTEXT(3)
GLOBAL_UNCERTAINTY_ASSIGNED_CONTEXT((#8021))
GLOBAL_UNIT_ASSIGNED_CONTEXT((#8024,#8023,#8022))
REPRESENTATION_CONTEXT('Lid v2','TOP_LEVEL_ASSEMBLY_PART')
);
#8021=UNCERTAINTY_MEASURE_WITH_UNIT(LENGTH_MEASURE(0.005),#8024,
'DISTANCE_ACCURACY_VALUE','Maximum Tolerance applied to model');
#8022=(
NAMED_UNIT(*)
SI_UNIT($,.STERADIAN.)
SOLID_ANGLE_UNIT()
);
#8023=(
NAMED_UNIT(*)
PLANE_ANGLE_UNIT()
SI_UNIT($,.RADIAN.)
);
#8024=(
LENGTH_UNIT()
NAMED_UNIT(*)
SI_UNIT(.MILLI.,.METRE.)
);
#8025=PRODUCT_DEFINITION_SHAPE('','',#8026);
#8026=PRODUCT_DEFINITION('','',#8028,#8027);
#8027=PRODUCT_DEFINITION_CONTEXT('',#8034,'design');
#8028=PRODUCT_DEFINITION_FORMATION_WITH_SPECIFIED_SOURCE('','',#8030,
 .NOT_KNOWN.);
#8029=PRODUCT_RELATED_PRODUCT_CATEGORY('','',(#8030));
#8030=PRODUCT('Lid v2','Lid v2','Lid v2',(#8032));
#8031=PRODUCT_CATEGORY('','');
#8032=PRODUCT_CONTEXT('',#8034,'mechanical');
#8033=APPLICATION_PROTOCOL_DEFINITION('international standard',
'automotive_design',2010,#8034);
#8034=APPLICATION_CONTEXT(
'core data for automotive mechanical design processes');
ENDSEC;
END-ISO-10303-21;
